name,calories,protein,carbs,fat,sugar,sodium,saturated_fat,fiber
"BUTTER,WITH SALT",717.0,0.85,0.06,81.11,0.06,714.0,28.470739999999992,0.0
"BUTTER,WHIPPED,WITH SALT",717.0,0.85,0.06,81.11,0.06,827.0,28.470739999999992,0.0
"BUTTER OIL,ANHYDROUS",876.0,0.28,0.0,99.48,0.0,2.0,28.470739999999992,0.0
"CHEESE,BLUE",353.0,21.4,2.34,28.74,0.5,1395.0,18.669,0.0
"CHEESE,BRICK",371.0,23.24,2.79,29.68,0.51,560.0,18.764,0.0
"CHEESE,BRIE",334.0,20.75,0.45,27.68,0.45,629.0,17.41,0.0
"CHEESE,CAMEMBERT",300.0,19.8,0.46,24.26,0.46,842.0,15.259,0.0
"CHEESE,CHEDDAR",403.0,24.9,1.28,33.14,0.52,621.0,21.092,0.0
"CHEESE,COLBY",394.0,23.76,2.57,32.11,0.52,604.0,20.218,0.0
"CHEESE,COTTAGE,CRMD,LRG OR SML CURD",98.0,11.12,3.38,4.3,2.67,364.0,1.718,0.0
"CHEESE,COTTAGE,CRMD,W/FRUIT",97.0,10.69,4.61,3.85,2.38,344.0,2.311,0.0
"CHEESE,COTTAGE,NONFAT,UNCRMD,DRY,LRG OR SML CURD",72.0,10.34,6.66,0.29,1.85,330.0,0.169,0.0
"CHEESE,COTTAGE,LOWFAT,2% MILKFAT",86.0,11.83,3.66,2.45,3.67,330.0,0.979,0.0
"CHEESE,COTTAGE,LOWFAT,1% MILKFAT",72.0,12.39,2.72,1.02,2.72,406.0,0.645,0.0
"CHEESE,CREAM",342.0,5.93,4.07,34.24,3.21,321.0,19.292,0.0
"CHEESE,EDAM",357.0,24.99,1.43,27.8,1.43,965.0,17.572,0.0
"CHEESE,FETA",264.0,14.21,4.09,21.28,4.09,1116.0,14.946,0.0
"CHEESE,FONTINA",389.0,25.6,1.55,31.14,1.55,800.0,19.196,0.0
"CHEESE,GOUDA",356.0,24.94,2.22,27.44,2.22,819.0,17.614,0.0
"CHEESE,GRUYERE",413.0,29.81,0.36,32.34,0.36,336.0,18.913,0.0
"CHEESE,LIMBURGER",327.0,20.05,0.49,27.25,0.49,800.0,16.746,0.0
"CHEESE,MONTEREY",373.0,24.48,0.68,30.28,0.5,536.0,19.066,0.0
"CHEESE,MOZZARELLA,WHL MILK",300.0,22.17,2.19,22.35,1.03,627.0,13.152,0.0
"CHEESE,MOZZARELLA,WHL MILK,LO MOIST",318.0,21.6,2.47,24.64,1.01,415.0,15.561,0.0
"CHEESE,MOZZARELLA,PART SKIM MILK",254.0,24.26,2.77,15.92,1.13,619.0,10.114,0.0
"CHEESE,MOZZARELLA,PART SKIM MILK,LO MOIST",302.0,25.96,3.83,20.03,0.6,652.0,10.877,0.0
"CHEESE,MUENSTER",368.0,23.41,1.12,30.04,1.12,628.0,19.113,0.0
"CHEESE,NEUFCHATEL",253.0,9.15,3.59,22.78,3.19,334.0,12.79,0.0
"CHEESE,PARMESAN,GRATED",431.0,35.62,4.06,28.61,0.9,1529.0,17.301,0.0
"CHEESE,PARMESAN,HARD",392.0,35.62,3.22,25.83,0.8,1602.0,16.41,0.0
"CHEESE,PORT DE SALUT",352.0,23.78,0.57,28.2,0.57,534.0,16.691,0.0
"CHEESE,PROVOLONE",351.0,25.58,2.14,26.62,0.56,876.0,17.078,0.0
"CHEESE,RICOTTA,WHOLE MILK",174.0,11.26,3.04,12.98,0.27,84.0,8.295,0.0
"CHEESE,RICOTTA,PART SKIM MILK",138.0,11.39,5.14,7.91,0.31,125.0,4.927,0.0
"CHEESE,ROMANO",387.0,31.8,3.63,26.94,0.73,1200.0,17.115,0.0
"CHEESE,SWISS",380.0,26.93,5.38,27.8,1.32,192.0,17.779,0.0
"CHEESE,PAST PROCESS,AMERICAN,FORT W/ VITAMIN D",371.0,18.13,3.7,31.79,2.26,1671.0,18.057,0.0
"CHEESE,PAST PROCESS,PIMENTO",375.0,22.13,1.73,31.2,0.62,1428.0,19.663,0.0
"CHEESE,PAST PROCESS,SWISS",334.0,24.73,2.1,25.01,1.23,1370.0,16.045,0.0
"CHEESE FD,PAST PROCESS,AMERICAN,VITAMIN D FORT",330.0,16.86,8.56,25.63,5.59,1284.0,15.057,0.0
"CHEESE SPRD,PAST PROCESS,AMERICAN",290.0,16.41,8.73,21.23,7.32,1625.0,13.327,0.0
"CREAM,FLUID,HALF AND HALF",130.0,2.96,4.3,11.5,0.16,41.0,7.158,0.0
"CREAM,FLUID,LT (COFFEE CRM OR TABLE CRM)",195.0,2.7,3.66,19.31,0.14,40.0,12.02,0.0
"CREAM,FLUID,LT WHIPPING",292.0,2.17,2.96,30.91,0.11,34.0,19.337,0.0
"CREAM,FLUID,HVY WHIPPING",345.0,2.05,2.79,37.0,0.11,38.0,23.032,0.0
"CREAM,WHIPPED,CRM TOPPING,PRESSURIZED",257.0,3.2,12.49,22.22,8.0,8.0,13.831,0.0
"CREAM,SOUR,RED FAT,CULTURED",135.0,2.94,4.26,12.0,0.16,89.0,7.47,0.0
"CREAM,SOUR,CULTURED",193.0,2.07,2.88,19.73,2.88,80.0,11.507,0.0
EGGNOG,88.0,4.55,8.05,4.19,8.05,54.0,2.591,0.0
"SOUR DRSNG,NON-BUTTERFAT,CULTURED,FILLED CREAM-TYPE",178.0,3.25,4.68,16.57,4.68,48.0,13.272,0.0
"MILK,FILLED,FLUID,W/LAURIC ACID OIL",63.0,3.33,4.74,3.4,4.74,57.0,3.101,0.0
"CREAM SUB,LIQ,W/HYDR VEG OIL&SOY PROT",136.0,1.0,11.38,9.97,11.38,79.0,1.937,0.0
"CREAM SUBSTITUTE,POWDERED",545.0,4.79,54.88,35.48,54.88,181.0,28.470739999999992,0.0
"DESSERT TOPPING,POWDERED",577.0,4.9,52.54,39.92,52.54,122.0,28.470739999999992,0.0
"DESSERT TOPPING,PDR,1.5 OZ PREP W/1/2 CUP MILK",194.0,3.61,17.13,12.72,17.13,66.0,10.684,0.0
"DESSERT TOPPING,PRESSURIZED",264.0,0.98,16.07,22.3,16.07,62.0,18.912,0.0
"DESSERT TOPPING,SEMI SOLID,FRZ",318.0,1.25,23.05,25.31,23.05,25.0,21.783,0.0
"SOUR CRM,IMITN,CULTURED",208.0,2.4,6.63,19.52,6.63,102.0,17.791,0.0
"MILK,WHL,3.25% MILKFAT,W/ ADDED VITAMIN D",61.0,3.15,4.8,3.25,5.05,43.0,1.865,0.0
"MILK,RED FAT,FLUID,2% MILKFAT,W/ ADDED VIT A & VITAMIN D",50.0,3.3,4.8,1.98,5.06,47.0,1.257,0.0
"MILK,RED FAT,FLUID,2% MILKFAT,PROT FORT,W/ ADDED VIT A & D",56.0,3.95,5.49,1.98,5.26,59.0,1.232,0.0
"MILK,LOWFAT,FLUID,1% MILKFAT,W/ ADDED VIT A & VITAMIN D",42.0,3.37,4.99,0.97,5.2,44.0,0.633,0.0
"MILK,NONFAT,FLUID,W/ ADDED VIT A & VIT D (FAT FREE OR SKIM)",34.0,3.37,4.96,0.08,5.09,42.0,0.056,0.0
"MILK,NONFAT,FLUID,W/ ADDED NONFAT MILK SOL,VIT A & VIT D",37.0,3.57,5.02,0.25,5.02,53.0,0.162,0.0
"MILK,BTTRMLK,FLUID,CULTURED,LOWFAT",40.0,3.31,4.79,0.88,4.79,105.0,0.548,0.0
"MILK,LO NA,FLUID",61.0,3.1,4.46,3.46,4.46,3.0,2.154,0.0
"MILK,DRY,WHL,W/ ADDED VITAMIN D",496.0,26.32,38.42,26.71,38.42,371.0,16.742,0.0
"MILK,DRY,NONFAT,REG,WO/ ADDED VIT A & VITAMIN D",362.0,35.62,51.98,0.77,51.98,535.0,0.499,0.0
"MILK,DRY,NONFAT,INST,W/ ADDED VIT A & VITAMIN D",358.0,35.1,52.19,0.72,52.19,549.0,0.467,0.0
"MILK,BUTTERMILK,DRIED",387.0,34.3,49.0,5.78,49.0,517.0,3.598,0.0
"MILK,CND,COND,SWTND",321.0,7.91,54.4,8.7,54.4,127.0,5.486,0.0
"MILK,CND,EVAP,W/ ADDED VITAMIN D & WO/ ADDED VIT A",134.0,6.81,10.04,7.56,10.04,106.0,4.591,0.0
"MILK,CND,EVAP,NONFAT,W/ ADDED VIT A & VITAMIN D",78.0,7.55,11.35,0.2,11.35,115.0,0.121,0.0
"MILK,CHOC,FLUID,COMM,WHL,W/ ADDED VIT A & VITAMIN D",83.0,3.17,10.34,3.39,9.54,60.0,2.104,0.0
"MILK,CHOC,FLUID,COMM,RED FAT",76.0,2.99,12.13,1.9,9.55,66.0,1.177,0.0
"MILK,CHOC,FLUID,COMM,LOWFAT,W/ ADDED VIT A & VITAMIN D",63.0,3.24,10.44,1.0,9.94,61.0,0.616,0.0
"MILK,CHOC BEV,HOT COCOA,HOMEMADE",77.0,3.52,10.74,2.34,9.66,44.0,1.431,0.0
"MILK,GOAT,FLUID,W/ ADDED VITAMIN D",69.0,3.56,4.45,4.14,4.45,50.0,2.667,0.0
"MILK,HUMAN,MATURE,FLUID",70.0,1.03,6.89,4.38,6.89,17.0,2.009,0.0
"MILK SHAKES,THICK CHOC",119.0,3.05,21.15,2.7,20.85,111.0,1.681,0.0
"MILK SHAKES,THICK VANILLA",112.0,3.86,17.75,3.03,17.75,95.0,1.886,0.0
"WHEY,ACID,FLUID",24.0,0.76,5.12,0.09,5.12,48.0,0.057,0.0
"WHEY,ACID,DRIED",339.0,11.73,73.45,0.54,70.0,968.0,0.342,0.0
"WHEY,SWEET,FLUID",27.0,0.85,5.14,0.36,5.14,54.0,0.23,0.0
"WHEY,SWEET,DRIED",353.0,12.93,74.46,1.07,70.0,1079.0,0.684,0.0
"YOGURT,PLN,WHL MILK,8 GRAMS PROT PER 8 OZ",61.0,3.47,4.66,3.25,4.66,46.0,2.096,0.0
"YOGURT,PLN,LOFAT,12 GRAMS PROT PER 8 OZ",63.0,5.25,7.04,1.55,7.04,70.0,1.0,0.0
"YOGURT,PLN,SKIM MILK,13 GRAMS PROT PER 8 OZ",56.0,5.73,7.68,0.18,7.68,77.0,0.116,0.0
"YOGURT,VANILLA,LOFAT,11 GRAMS PROT PER 8 OZ",85.0,4.93,13.8,1.25,13.8,66.0,0.806,0.0
"YOGURT,FRUIT,LOFAT,9 GRAMS PROT PER 8 OZ",99.0,3.98,18.64,1.15,18.64,53.0,0.742,0.0
"YOGURT,FRUIT,LOFAT,10 GRAMS PROT PER 8 OZ",102.0,4.37,19.05,1.08,19.05,58.0,0.697,0.0
"EGG,WHL,RAW,FRSH",143.0,12.56,0.72,9.51,0.37,142.0,3.126,0.0
"EGG,WHITE,RAW,FRESH",52.0,10.9,0.73,0.17,0.71,166.0,0.0,0.0
"EGG,YOLK,RAW,FRSH",322.0,15.86,3.59,26.54,0.56,48.0,9.551,0.0
"EGG,YOLK,RAW,FROZEN",303.0,15.5,1.15,25.6,0.51,67.0,7.82,0.0
"EGG,WHL,CKD,FRIED",196.0,13.61,0.83,14.84,0.4,207.0,4.323,0.0
"EGG,WHL,CKD,HARD-BOILED",155.0,12.58,1.12,10.61,1.12,124.0,3.267,0.0
"EGG,WHOLE,COOKED,OMELET",154.0,10.57,0.64,11.66,0.31,155.0,3.319,0.0
"EGG,WHL,CKD,POACHED",143.0,12.51,0.71,9.47,0.37,297.0,3.113,0.0
"EGG,WHL,CKD,SCRMBLD",149.0,9.99,1.61,10.98,1.39,145.0,3.331,0.0
"EGG,WHOLE,DRIED",594.0,35.62,4.95,40.95,3.08,523.0,12.727,0.0
"EGG,WHITE,DRIED,FLAKES,GLUCOSE RED",351.0,35.62,4.17,0.04,4.17,1156.0,0.0,0.0
"EGG,WHITE,DRIED,PDR,GLUCOSE RED",376.0,35.62,4.47,0.04,4.47,1238.0,0.0,0.0
"EGG,YOLK,DRIED",666.0,34.25,3.6,55.8,3.6,135.0,17.154,0.0
"EGG,DUCK,WHOLE,FRESH,RAW",185.0,12.81,1.45,13.77,0.93,146.0,3.681,0.0
"EGG,GOOSE,WHOLE,FRESH,RAW",185.0,13.87,1.35,13.27,0.94,138.0,3.595,0.0
"EGG,QUAIL,WHOLE,FRESH,RAW",158.0,13.05,0.41,11.09,0.4,141.0,3.557,0.0
"EGG SUBSTITUTE,POWDER",444.0,35.62,21.8,13.0,21.8,800.0,3.766,0.0
"BUTTER,WITHOUT SALT",717.0,0.85,0.06,81.11,0.06,11.0,28.470739999999992,0.0
"CHEESE,PARMESAN,SHREDDED",415.0,35.62,3.41,27.34,0.9,1696.0,17.37,0.0
"MILK,NONFAT,FLUID,WO/ ADDED VIT A & VIT D (FAT FREE OR SKIM)",34.0,3.37,4.96,0.08,5.09,42.0,0.051,0.0
"MILK,DRY,NONFAT,REG,W/ ADDED VIT A & VITAMIN D",362.0,35.62,51.98,0.77,51.98,535.0,0.499,0.0
"MILK,DRY,NONFAT,INST,WO/ ADDED VIT A & VITAMIN D",358.0,35.1,52.19,0.72,52.19,549.0,0.47,0.0
"CHEESE,GOAT,HARD TYPE",452.0,30.52,2.17,35.59,2.17,346.0,24.609,0.0
"CHEESE,GOAT,SEMISOFT TYPE",364.0,21.58,2.54,29.84,2.54,515.0,20.639,0.0
"CHEESE,GOAT,SOFT TYPE",268.0,18.52,0.89,21.08,0.89,368.0,14.575,0.0
"CHEESE SUB,MOZZARELLA",248.0,11.47,23.67,12.22,23.67,685.0,3.711,0.0
"CHEESE SAU,PREP FROM RECIPE",197.0,10.33,5.48,14.92,0.19,493.0,8.034,0.0
"CHEESE,MEXICAN,QUESO ANEJO",373.0,21.44,4.63,29.98,4.63,1131.0,19.033,0.0
"CHEESE,MEXICAN,QUESO ASADERO",356.0,22.6,2.87,28.26,2.87,655.0,17.939,0.0
"CHEESE,MEXICAN,QUESO CHIHUAHUA",374.0,21.56,5.56,29.68,5.56,617.0,18.843,0.0
"CHEESE,LOFAT,CHEDDAR OR COLBY",173.0,24.35,1.91,7.0,0.52,612.0,4.342,0.0
"CHEESE,LOW-SODIUM,CHEDDAR OR COLBY",398.0,24.35,1.91,32.62,0.49,21.0,20.768,0.0
"EGG,WHITE,DRIED",382.0,35.62,7.8,0.0,5.4,1280.0,0.0,0.0
"MILK,RED FAT,FLUID,2% MILKFAT,WO/ ADDED VIT A & VIT D",50.0,3.3,4.8,1.98,5.06,47.0,1.257,0.0
"MILK,FLUID,1% FAT,WO/ ADDED VIT A & VIT D",42.0,3.37,4.99,0.97,5.2,44.0,0.633,0.0
"SOUR CREAM,REDUCED FAT",181.0,7.0,7.0,14.1,0.3,70.0,8.7,0.0
"SOUR CREAM,LIGHT",138.0,3.5,7.1,10.6,0.22,71.0,6.6,0.0
"SOUR CREAM,FAT FREE",74.0,3.1,15.6,0.0,0.39,141.0,0.0,0.0
"USDA COMMODITY,CHS,CHEDDAR,RED FAT",282.0,27.2,2.0,18.3,0.58,725.0,11.58,0.0
"YOGURT,VAN OR LEM FLAV,NONFAT MILK,SWTND W/LOW-CALORIE SWTNR",43.0,3.86,7.5,0.18,7.5,59.0,0.116,0.0
"PARMESAN CHS TOPPING,FAT FREE",370.0,35.62,40.0,5.0,1.5,1150.0,3.11,0.0
"CHEESE,CREAM,FAT FREE",105.0,15.69,7.66,1.0,5.48,702.0,0.644,0.0
"YOGURT,CHOC,NONFAT MILK",112.0,3.53,23.53,0.0,14.97,135.0,0.0,0.0
KRAFT CHEEZ WHIZ PAST PROCESS CHS SAU,276.0,12.0,9.2,21.0,6.7,1638.0,13.1,0.0
KRAFT CHEEZ WHIZ LT PAST PROCESS CHS PRODUCT,215.0,16.3,16.2,9.5,8.2,1705.0,6.4,0.0
KRAFT FREE SINGLES AMERICAN NONFAT PAST PROCESS CHS PRODUCT,148.0,22.7,11.7,1.0,6.7,1298.0,0.7,0.0
KRAFT VELVEETA PAST PROCESS CHS SPRD,303.0,16.3,9.8,22.0,8.1,1499.0,14.4,0.0
KRAFT VELVEETA LT RED FAT PAST PROCESS CHS PRODUCT,222.0,19.6,11.8,10.6,8.5,1586.0,7.1,0.0
KRAFT BREAKSTONE'S RED FAT SOUR CRM,152.0,4.5,6.5,12.0,6.4,59.0,7.6,0.0
KRAFT BREAKSTONE'S FREE FAT FREE SOUR CRM,91.0,4.7,15.1,1.3,7.2,72.0,0.8,0.0
KRAFT BREYERS LOWFAT STRAWBERRY YOGURT (1% MILKFAT),96.0,3.8,18.2,0.8,17.4,52.0,0.5,0.0
KRAFT BREYERS LT N' LVLY LOWFAT STR'BERY YOGURT (1% MILKFAT),108.0,3.2,21.9,0.8,19.6,45.0,0.5,0.0
KRAFT BREYERS SMOTH&CRMY LOWFAT STR'BERY YOGURT (1% MILKFAT),102.0,3.8,19.9,0.9,17.2,55.0,0.5,0.0
KRAFT BREYERS LT NONFAT STR'BERY YOGURT (W/ASPRT&FRUCT SW'T),55.0,3.4,9.9,0.2,7.7,45.0,0.1,0.0
"CREAM,HALF & HALF,FAT FREE",59.0,2.6,9.0,1.4,5.0,100.0,0.841,0.0
REDDI WIP FAT FREE WHIPPED TOPPING,149.0,3.0,25.0,5.0,16.0,72.0,2.869,0.0
"MILK,CHOC,FLUID,COMM,RED FAT,W/ ADDED CA",78.0,2.99,12.13,1.9,9.55,66.0,1.177,0.0
"YOGURT,FRUIT,LOFAT,W/LO CAL SWEETENER",105.0,4.86,18.6,1.41,2.9,58.0,0.909,0.0
"CHEESE,PARMESAN,DRY GRATED,RED FAT",265.0,20.0,1.37,20.0,0.0,1529.0,13.317,0.0
"CREAM SUB,FLAV,LIQ",251.0,0.69,35.07,13.5,33.04,80.0,2.635,0.0
"CREAM SUB,FLAV,PDR",498.0,0.68,75.42,21.47,58.01,196.0,19.463,0.0
"CHEESE,PROVOLONE,RED FAT",274.0,24.7,3.5,17.6,0.55,876.0,11.3,0.0
"CHEESE,MEXICAN,BLEND,RED FAT",282.0,24.69,3.41,19.4,0.56,776.0,11.58,0.0
"EGG MIX,USDA CMDTY",555.0,35.6,23.97,34.5,2.46,576.0,10.305,0.0
"MILK,WHL,3.25% MILKFAT,WO/ ADDED VIT A & VITAMIN D",61.0,3.15,4.78,3.27,5.05,43.0,1.865,0.0
"MILK,DRY,WHL,WO/ ADDED VITAMIN D",496.0,26.32,38.42,26.71,38.42,371.0,16.742,0.0
"MILK,CND,EVAP,WO/ ADDED VIT A & VITAMIN D",135.0,6.81,10.04,7.56,10.04,106.0,4.591,0.0
"CHEESE PRODUCT,PAST PROCESS,AMERICAN,RED FAT,FORT W/ VIT D",240.0,17.6,10.6,14.1,8.02,1587.0,8.85,0.0
"YOGURT,FRUIT,LOFAT,9 GRAMS PROT PER 8 OZ,FORT W/ VITAMIN D",99.0,3.98,18.64,1.15,18.64,53.0,0.742,0.0
"YOGURT,FRUIT,LOFAT,10 GRAMS PROT PER 8 OZ,FORT W/ VITAMIN D",102.0,4.37,19.05,1.08,19.05,58.0,0.697,0.0
"YOGURT,FRUIT VAR,NONFAT,FORT W/ VITAMIN D",95.0,4.4,19.0,0.2,19.0,58.0,0.119,0.0
"YOGURT,FRUIT,LOWFAT,W/ LO CAL SWTNR,FORT W/ VITAMIN D",105.0,4.86,18.6,1.41,2.9,58.0,0.909,0.0
"YOGURT,VANILLA,LOFAT,11 GRAMS PROT PER 8 OZ,FORT W/ VIT D",85.0,4.93,13.8,1.25,13.8,66.0,0.806,0.0
"YOGURT,VAN/LEM FLAV,NONFAT MILK,W/ LO-CAL SWTNR,FORT W/VIT D",43.0,3.86,7.5,0.18,7.5,59.0,0.116,0.0
"YOGURT,CHOC,NONFAT MILK,FORT W/ VITAMIN D",112.0,3.53,23.53,0.0,14.97,135.0,0.0,0.0
"PROTEIN SUPP,MILK BSD,MUSCLE MILK,PDR",411.0,35.62,18.5,17.14,5.71,329.0,1.553,0.0
"PROTEIN SUPP,MILK BSD,MUSCLE MILK LT,PDR",396.0,35.62,22.0,12.0,4.0,250.0,1.087,0.0
DULCE DE LECHE,315.0,6.84,55.35,7.35,49.74,129.0,4.534,0.0
"EGG SUB,LIQ OR FRZ,FAT FREE",48.0,10.0,2.0,0.0,2.0,199.0,0.0,0.0
"CHEESE,DRY WHITE,QUESO SECO",325.0,24.51,2.04,24.35,0.55,1808.0,13.718,0.0
"CHEESE,FRSH,QUESO FRESCO",299.0,18.09,2.98,23.82,2.32,751.0,12.94,0.0
"CHEESE,WHITE,QUESO BLANCO",310.0,20.38,2.53,24.31,1.76,704.0,13.661,0.0
"MILK,BTTRMLK,FLUID,WHL",62.0,3.21,4.88,3.31,4.88,105.0,1.899,0.0
"YOGURT,VANILLA FLAVOR,LOWFAT MILK,SWTND W/ LO CAL SWTNR",86.0,4.93,13.8,1.25,5.43,66.0,0.752,0.0
"YOGURT,FRZ,FLAVORS NOT CHOC,NONFAT MILK,W/ LOW-CALORIE SWTNR",104.0,4.4,19.7,0.8,12.61,81.0,0.488,0.0
"ICE CRM,SOFT SERVE,CHOC",222.0,4.1,22.2,13.0,21.16,61.0,7.46,0.0
"ICE CRM,BAR OR STK,CHOC COVERED",331.0,4.1,24.5,24.1,18.3,68.0,13.202,0.0
ICE CRM SNDWCH,237.0,4.29,37.14,8.57,18.57,129.0,2.317,0.0
ICE CRM COOKIE SNDWCH,240.0,3.7,39.6,7.4,21.3,162.0,1.663,0.0
"ICE CRM CONE,CHOC COVERED,W/ NUTS,FLAVORS OTHER THAN CHOC",354.0,5.21,34.38,21.88,25.0,94.0,11.458,0.0
"ICE CRM SNDWCH,MADE W/ LT ICE CRM,VANILLA",186.0,4.29,39.64,3.04,17.86,146.0,0.821,0.0
"ICE CRM SNDWCH,VANILLA,LT,NO SUGAR ADDED",200.0,5.71,42.86,2.86,6.58,164.0,0.821,0.0
"FAT FREE ICE CRM,NO SUGAR ADDED,FLAVORS OTHER THAN CHOC",129.0,4.41,27.94,0.0,8.82,110.0,0.0,0.0
"MILK DSSRT BAR,FRZ,MADE FROM LOWFAT MILK",147.0,4.41,33.09,1.47,22.06,92.0,0.81,0.0
"NUTRITIONAL SUPP FOR PEOPLE W/ DIABETES,LIQ",88.0,4.4,11.88,3.08,2.64,92.0,0.232,0.0
"CHEESE,MEXICAN BLEND",358.0,23.54,1.75,28.51,1.23,696.0,17.027,0.0
"CHEESE PRODUCT,PAST PROCESS,AMERICAN,VITAMIN D FORT",310.0,18.18,8.52,22.63,6.57,1272.0,13.291,0.0
"CHEESE,PAST PROCESS,AMERICAN,WO/ ADDED VITAMIN D",371.0,18.13,3.7,31.79,2.26,1671.0,18.057,0.0
"CHEESE FD,PAST PROCESS,AMERICAN,WO/ ADDED VITAMIN D",330.0,16.86,8.56,25.63,5.59,1284.0,15.057,0.0
"EGG,WHL,RAW,FRZ,SALTED",138.0,10.97,0.83,10.07,0.07,2060.149999999986,3.178,0.0
"SPICES,BASIL,DRIED",233.0,22.98,47.75,4.07,1.71,76.0,2.157,0.0
CARAWAY SEED,333.0,19.77,49.9,14.59,0.64,17.0,0.62,0.0
CELERY SEED,392.0,18.07,41.35,25.27,0.67,160.0,2.19,0.0
CHILI POWDER,282.0,13.46,49.7,14.28,7.19,1640.0,2.462,0.0
"CINNAMON,GROUND",247.0,3.99,80.59,1.24,2.17,10.0,0.345,0.0
"CLOVES,GROUND",274.0,5.97,65.53,13.0,2.38,277.0,3.952,0.0
"CORIANDER LEAF,DRIED",279.0,21.93,52.1,4.78,7.27,211.0,0.115,0.0
CUMIN SEED,375.0,17.81,44.24,22.27,2.25,168.0,1.535,0.0
CURRY POWDER,325.0,12.66,58.15,13.81,2.76,52.0,2.237,0.0
GARLIC POWDER,331.0,16.55,72.73,0.73,2.43,60.0,0.249,0.0
"GINGER,GROUND",335.0,8.98,71.62,4.24,3.39,27.0,2.599,0.0
"MARJORAM,DRIED",271.0,12.66,60.56,7.04,4.09,77.0,0.529,0.0
"SPICES,MUSTARD SD,GROUND",508.0,26.08,28.09,36.24,6.79,13.0,1.989,0.0
"NUTMEG,GROUND",525.0,5.84,49.29,36.31,28.49,16.0,25.94,0.0
ONION POWDER,341.0,10.41,79.12,1.04,6.63,73.0,0.219,0.0
"SPICES,OREGANO,DRIED",265.0,9.0,68.92,4.28,4.09,25.0,1.551,0.0
PAPRIKA,282.0,14.14,53.99,12.89,10.34,68.0,2.14,0.0
"PARSLEY,DRIED",292.0,26.63,50.64,5.48,7.27,452.0,1.378,0.0
"PEPPER,BLACK",251.0,10.39,63.95,3.26,0.64,20.0,1.392,0.0
"PEPPER,RED OR CAYENNE",318.0,12.01,56.63,17.27,10.34,30.0,3.26,0.0
POPPY SEED,525.0,17.99,28.13,41.56,2.99,26.0,4.517,0.0
POULTRY SEASONING,307.0,9.59,65.59,7.53,3.08,27.0,3.29,0.0
PUMPKIN PIE SPICE,342.0,5.76,69.28,12.6,7.76,52.0,6.53,0.0
"SAGE,GROUND",315.0,10.63,60.73,12.75,1.71,11.0,7.03,0.0
"SPICES,THYME,DRIED",276.0,9.11,63.94,7.43,1.71,55.0,2.73,0.0
"TURMERIC,GROUND",354.0,7.83,64.93,9.88,3.21,38.0,3.12,0.0
"BASIL,FRESH",23.0,3.15,2.65,0.64,0.3,4.0,0.041,0.0
"MUSTARD,PREPARED,YELLOW",67.0,4.37,5.33,4.01,0.86,1135.0,0.248,0.0
"VINEGAR,CIDER",21.0,0.0,0.93,0.0,0.4,5.0,0.0,0.0
VANILLA EXTRACT,288.0,0.06,12.65,0.06,12.65,9.0,0.01,0.0
"VANILLA EXTRACT,IMITN,NO ALCOHOL",56.0,0.03,14.4,0.0,14.4,3.0,0.0,0.0
"VINEGAR,DISTILLED",18.0,0.0,0.04,0.0,0.04,2.0,0.0,0.0
"CAPERS,CANNED",23.0,2.36,4.89,0.86,0.41,2060.149999999986,0.233,0.0
"HORSERADISH,PREPARED",48.0,1.18,11.29,0.69,7.99,314.0,0.09,0.0
"VINEGAR,RED WINE",19.0,0.04,0.27,0.0,0.0,8.0,0.0,0.0
"VINEGAR,BALSAMIC",88.0,0.49,17.03,0.0,14.95,23.0,0.0,0.0
"CAMPBELL SOUP CO,PACE,DRY TACO SEAS MIX",188.0,0.0,56.29,0.0,18.76,2060.149999999986,0.0,0.0
GERBER GRADUATES FRUIT STRIPS REAL FRUIT BARS,330.0,0.82,76.61,2.24,68.65,14.0,0.361,0.0
ZWIEBACK,426.0,10.1,74.2,9.7,12.5,227.0,2.525,0.0
"CHILD FORMULA,MEAD JOHNSON,PORTAGEN,W/ IRON,PDR,NOT RECON",483.0,16.5,54.8,22.0,54.0,260.0,19.186,0.0
"CHILD FORMULA,MEAD JOHNSON,PORTAGEN,W/ IRON,PREP FROM PDR",88.0,3.33,8.57,4.48,7.4,52.0,3.953,0.0
"In for, M JOHN, ENF, ENFAC LIP, with ir, po, wi ARA and DH",514.0,12.5,56.0,27.0,51.0,173.0,11.37,0.0
"CHILD FORMULA,ABBOTT NUTR,PEDIASURE,RTF (FORMERLY ROSS)",99.0,2.86,11.15,4.77,10.5,36.0,1.256,0.0
"CHI FORMU,ABBT NUTR,PEDIASU,RTF,W/ IRON & FIB (FORMER ROSS)",99.0,2.8,11.28,4.7,7.6,36.0,1.256,0.0
"TODDLER FORMULA, MEAD JOHNSON, ENFAGROW PREMIUM, RTF",64.0,1.78,7.18,3.63,7.18,25.0,1.55,0.0
"FAT,BEEF TALLOW",884.0,0.0,0.0,100.0,0.0,0.0,28.470739999999992,0.0
LARD,884.0,0.0,0.0,100.0,0.0,0.0,28.470739999999992,0.0
"SALAD DRSNG,KRAFT MAYO LT MAYO",334.0,0.6,8.5,32.9,4.2,633.0,5.0,0.0
"SALAD DRSNG,KRAFT MAYO FAT FREE MAYO DRSNG",70.0,0.2,12.4,2.7,6.8,750.0,0.5,0.0
"SALAD DRSNG,KRAFT MIRACLE WHIP FREE NONFAT DRSNG",84.0,0.2,15.5,2.7,10.3,788.0,0.6,0.0
"SALAD DRSNG,RUSSIAN DRSNG",355.0,0.69,31.9,26.18,17.68,1133.0,2.39,0.0
"SALAD DRSNG,SESAME SD DRSNG,REG",443.0,3.1,8.6,45.2,8.32,1000.0,6.2,0.0
"SALAD DRSNG,1000 ISLAND,COMM,REG",370.0,1.09,14.64,35.06,15.18,863.0,5.092,0.0
"SALAD DRSNG,MAYO TYPE,REG,W/SALT",390.0,0.9,23.9,33.4,6.4,711.0,4.9,0.0
"SALAD DRSNG,FRENCH DRSNG,RED FAT",222.0,0.58,31.22,11.52,16.86,838.0,0.842,0.0
"SALAD DRSNG,ITALIAN DRSNG,RED FAT",75.0,0.47,4.57,6.38,4.55,1074.0,0.451,0.0
"SALAD DRSNG,RUSSIAN DRSNG,LO CAL",141.0,0.5,27.6,4.0,21.87,868.0,0.6,0.0
"SALAD DRSNG,1000 ISLAND DRSNG,RED FAT",195.0,0.83,24.06,11.32,17.31,955.0,0.746,0.0
"SALAD DRSNG,MAYO,SOYBN OIL,W/SALT",718.0,0.9,3.16,79.39,1.08,568.0,11.885,0.0
"SALAD DRSNG,MAYO,SOYBN&SAFFLOWER OIL,W/SALT",717.0,1.1,2.7,79.4,0.48,568.0,8.6,0.0
"SALAD DRSNG,MAYO,IMITN,SOYBN",232.0,0.3,16.0,19.2,6.0,497.0,3.3,0.0
"SALAD DRSNG,MAYO,IMITN,SOYBN WO/CHOL",482.0,0.1,15.8,47.7,6.0,353.0,7.5,0.0
"SANDWICH SPRD,W/CHOPD PICKLE,REG,UNSPEC OILS",389.0,0.9,22.4,34.0,15.18,1000.0,5.1,0.0
"SHORTENING,HOUSEHOLD,PARTIALLY HYDROG SOYBN -COTTONSEED",884.0,0.0,0.0,100.0,0.0,0.0,25.0,0.0
"OIL,SOYBN,SALAD OR COOKING,(PARTIALLY HYDROGENATED)",884.0,0.0,0.0,100.0,0.0,0.0,14.9,0.0
"OIL,RICE BRAN",884.0,0.0,0.0,100.0,0.0,0.0,19.7,0.0
"OIL,WHEAT GERM",884.0,0.0,0.0,100.0,0.0,0.0,18.8,0.0
"OIL,PNUT,SALAD OR COOKING",884.0,0.0,0.0,100.0,0.0,0.0,16.9,0.0
"OIL,SOYBN,SALAD OR COOKING",884.0,0.0,0.0,100.0,0.0,0.0,15.65,0.0
"OIL,COCNT",862.0,0.0,0.0,100.0,0.0,0.0,28.470739999999992,0.0
"OIL,OLIVE,SALAD OR COOKING",884.0,0.0,0.0,100.0,0.0,2.0,13.808,0.0
"OIL,PALM",884.0,0.0,0.0,100.0,0.0,0.0,28.470739999999992,0.0
"OIL,SESAME,SALAD OR COOKING",884.0,0.0,0.0,100.0,0.0,0.0,14.2,0.0
"OIL,SUNFLOWER,LINOLEIC (LESS THAN 60%)",884.0,0.0,0.0,100.0,0.0,0.0,10.1,0.0
"MARGARINE,REG,HARD,SOYBN (HYDR)",719.0,0.9,0.9,80.5,0.0,943.0,16.7,0.0
"SALAD DRSNG,ITALIAN DRSNG,COMM,REG",291.0,0.38,10.43,28.37,8.32,1018.0,4.474,0.0
"SALAD DRSNG,FRENCH DRSNG,COMM,REG",457.0,0.77,15.58,44.81,15.95,836.0,5.648,0.0
"VEG OIL SPRD,UNSPEC OILS,APPROX 37% FAT,W/ SALT",339.0,0.51,0.66,37.77,0.0,589.0,8.637,0.0
"SALAD DRSNG,HOME RECIPE,CKD",157.0,4.2,14.9,9.5,9.07,734.0,2.9,0.0
"SALAD DRSNG,HOME RECIPE,VINEGAR&OIL",449.0,0.0,2.5,50.1,2.5,1.0,9.1,0.0
"SALAD DRSNG,FRENCH DRSNG,COMM,REG,WO/ SALT",459.0,0.77,15.58,44.81,15.95,0.0,5.648,0.0
"SALAD DRSNG,FRENCH DRSNG,RED FAT,WO/ SALT",233.0,0.58,29.28,13.46,28.45,30.0,1.099,0.0
"SALAD DRSNG,ITALIAN DRSNG,COMM,REG,WO/ SALT",292.0,0.38,10.43,28.37,8.32,30.0,4.474,0.0
"SALAD DRSNG,ITALIAN DRSNG,RED FAT,WO/ SALT",76.0,0.47,4.57,6.38,4.55,30.0,0.451,0.0
"SALAD DRSNG,FRENCH DRSNG,FAT-FREE",132.0,0.2,32.14,0.27,16.45,853.0,0.037,0.0
"OIL,COCOA BUTTER",884.0,0.0,0.0,100.0,0.0,0.0,28.470739999999992,0.0
"OIL,CTTNSD,SALAD OR COOKING",884.0,0.0,0.0,100.0,0.0,0.0,25.9,0.0
"OIL,SUNFLOWER,LINOLEIC,(APPROX. 65%)",884.0,0.0,0.0,100.0,0.0,0.0,10.3,0.0
"OIL,SAFFLOWER,SALAD OR COOKING,LINOLEIC,(OVER 70%)",884.0,0.0,0.0,100.0,0.0,0.0,6.203,0.0
"OIL,SAFFLOWER,SALAD OR COOKING,HI OLEIC",884.0,0.0,0.0,100.0,0.0,0.0,7.541,0.0
"VEGETABLE OIL,PALM KERNEL",862.0,0.0,0.0,100.0,0.0,0.0,28.470739999999992,0.0
"OIL,POPPYSEED",884.0,0.0,0.0,100.0,0.0,0.0,13.5,0.0
"OIL,TOMATOSEED",884.0,0.0,0.0,100.0,0.0,0.0,19.7,0.0
"OIL,TEASEED",884.0,0.0,0.0,100.0,0.0,0.0,21.1,0.0
"OIL,GRAPESEED",884.0,0.0,0.0,100.0,0.0,0.0,9.6,0.0
"OIL,CORN,INDUSTRIAL & RTL,ALLPURP SALAD OR COOKING",884.0,0.0,0.0,100.0,0.0,0.0,12.948,0.0
"FAT,MUTTON TALLOW",884.0,0.0,0.0,100.0,0.0,0.0,28.470739999999992,0.0
"OIL,WALNUT",884.0,0.0,0.0,100.0,0.0,0.0,9.1,0.0
"OIL,ALMOND",884.0,0.0,0.0,100.0,0.0,0.0,8.2,0.0
"OIL,APRICOT KERNEL",884.0,0.0,0.0,100.0,0.0,0.0,6.3,0.0
"OIL,SOYBN LECITHIN",763.0,0.0,0.0,100.0,0.0,0.0,15.005,0.0
"OIL,HAZELNUT",884.0,0.0,0.0,100.0,0.0,0.0,7.4,0.0
"OIL,BABASSU",884.0,0.0,0.0,100.0,0.0,0.0,28.470739999999992,0.0
"OIL,SHEANUT",884.0,0.0,0.0,100.0,0.0,0.0,28.470739999999992,0.0
"SALAD DRSNG,BLUE OR ROQUEFORT CHS DRSNG,COMM,REG",476.0,1.37,4.62,51.1,3.48,1041.0,8.275,0.0
"OIL,CUPU ASSU",884.0,0.0,0.0,100.0,0.0,0.0,28.470739999999992,0.0
"FAT,CHICKEN",884.0,0.0,0.0,99.8,0.0,0.0,28.470739999999992,0.0
"OIL,SOYBN,SALAD OR COOKING,(PARTIALLY HYDROGENATED) & CTTNSD",884.0,0.0,0.0,100.0,0.0,0.0,18.0,0.0
"SHORTENING,HOUSEHOLD,LARD&VEG OIL",884.0,0.0,0.0,100.0,0.0,0.0,28.470739999999992,0.0
"OIL,SUNFLOWER,LINOLEIC,(PARTIALLY HYDROGENATED)",884.0,0.0,0.0,100.0,0.0,0.0,13.0,0.0
"SHORTENING BREAD,SOYBN (HYDR)&CTTNSD",884.0,0.0,0.0,100.0,0.0,0.0,22.0,0.0
"SHORTENING CAKE MIX,SOYBN (HYDR)&CTTNSD (HYDR)",884.0,0.0,0.0,100.0,0.0,0.0,27.2,0.0
"SHORTENING CONFECTIONERY,COCNT (HYDR)&OR PALM KERNEL (HYDR)",884.0,0.0,0.0,100.0,0.0,0.0,28.470739999999992,0.0
"SHORTENING INDUSTRIAL,SOYBN (HYDR)&CTTNSD",884.0,0.0,0.0,100.0,0.0,0.0,25.6,0.0
"SHORTENING FRYING HVY DUTY,SOYBN HYDR,LINOLEIC (LESS THAN 1%",884.0,0.0,0.0,100.0,0.0,0.0,21.1,0.0
"OIL,NUTMEG BUTTER",884.0,0.0,0.0,100.0,0.0,0.0,28.470739999999992,0.0
"OIL,UCUHUBA BUTTER",884.0,0.0,0.0,100.0,0.0,0.0,28.470739999999992,0.0
"FAT,DUCK",882.0,0.0,0.0,99.8,0.0,0.0,28.470739999999992,0.0
"FAT,TURKEY",884.0,0.0,0.0,99.8,0.0,0.0,28.470739999999992,0.0
"OIL,CANOLA",884.0,0.0,0.0,100.0,0.0,0.0,7.365,0.0
"OIL,SUNFLOWER,HI OLEIC (70% & OVER)",884.0,0.0,0.0,100.0,0.0,0.0,9.859,0.0
"MARGARINE-LIKE,MARGARINE-BUTTER BLEND,SOYBN OIL & BUTTER",714.0,0.31,0.77,80.32,0.0,633.0,14.198,0.0
"SHORTENING,SPL PURPOSE FOR CAKES&FROSTINGS,SOYBN (HYDR)",884.0,0.0,0.0,100.0,0.0,0.0,20.001,0.0
"SHORTENING,SPL PURPOSE FOR BAKING,SOYBN (HYDR) PALM&CTTNSD",884.0,0.0,0.0,100.0,0.0,0.0,28.470739999999992,0.0
"OIL,OAT",884.0,0.0,0.0,100.0,0.0,0.0,19.62,0.0
"MARGARINE-LIKE,VEG OIL-BUTTER SPRD,TUB,W/ SALT",362.0,1.0,1.0,40.0,0.0,786.0,7.238,0.0
"BUTTER,LT,STK,W/SALT",509.0,3.3,0.0,55.1,0.0,450.0,28.470739999999992,0.0
"BUTTER,LT,STK,WO/SALT",499.0,3.3,0.0,55.1,0.0,36.0,28.470739999999992,0.0
"MEAT DRIPPINGS (LARD,BF TALLOW,MUTTON TALLOW)",884.0,0.0,0.0,98.59,0.0,545.0,28.470739999999992,0.0
"ANIMAL FAT,BACON GREASE",884.0,0.0,0.0,99.5,0.0,150.0,28.470739999999992,0.0
"MARGARINE,REG,80% FAT,COMP,STK,W/ SALT",717.0,0.16,0.7,80.71,0.0,751.0,15.189,0.0
"MARGARINE,REG,80% FAT,COMP,TUB,W/ SALT",713.0,0.22,0.75,80.17,0.0,657.0,14.224,0.0
"MARGARINE-LIKE,VEG OIL SPRD,60% FAT,STK,W/ SALT",537.0,0.12,0.69,60.39,0.0,785.0,10.884,0.0
"MARGARINE-LIKE,VEG OIL SPRD,60% FAT,TUB,W/ SALT",533.0,0.17,0.86,59.81,0.0,615.0,12.086,0.0
"MARGARINE-LIKE,VEG OIL SPRD,60% FAT,STICK/TUB/BOTTLE,W/ SALT",526.0,0.6,0.0,59.17,0.0,700.0,10.042,0.0
"SHORTENING,VEG,HOUSEHOLD,COMP",884.0,0.0,0.0,99.97,0.0,4.0,24.98,0.0
"MARGARINE,REG,80% FAT,COMP,STK,WO/ SALT",717.0,0.16,0.7,80.71,0.0,2.0,15.189,0.0
"MARGARINE,REG,80% FAT,COMP,TUB,WO/ SALT",713.0,0.22,0.75,80.17,0.0,28.0,14.224,0.0
"VEG OIL SPRD,60% FAT,STICK/TUB/BOTTLE,WO/ SALT",533.0,0.17,0.86,59.81,0.0,2.0,12.086,0.0
"MARGARINE-LIKE,VEG OIL SPRD,FAT FREE,LIQ,W/ SALT",43.0,1.5,2.5,3.0,0.0,833.0,0.416,0.0
"MARGARINE-LIKE SPRD W/ YOGURT,70% FAT,STK,W/ SALT",630.0,0.3,0.5,70.0,0.0,590.0,13.3,0.0
"MARGARINE-LIKE SPRD W/ YOGURT,APPROX 40% FAT,TUB,W/ SALT",330.0,2.0,2.0,35.0,0.0,630.0,7.0,0.0
"MARGARINE-LIKE,VEG OIL SPRD,FAT-FREE,TUB",44.0,0.1,4.34,3.04,0.0,580.0,2.128,0.0
"MARGARINE-LIKE,VEG OIL SPRD,20% FAT,W/ SALT",175.0,0.0,0.4,19.5,0.0,733.0,2.87,0.0
"MARGARINE-LIKE,VEG OIL SPRD,20% FAT,WO/ SALT",175.0,0.0,0.4,19.5,0.0,0.0,2.87,0.0
"SALAD DRSNG,1000 ISLAND DRSNG,FAT-FREE",132.0,0.55,29.27,1.45,16.83,788.0,0.198,0.0
"SALAD DRSNG,ITALIAN DRSNG,FAT-FREE",47.0,0.97,8.75,0.87,8.85,1129.0,0.295,0.0
"SALAD DRSNG,RANCH DRSNG,FAT-FREE",119.0,0.25,26.51,1.92,5.35,897.0,0.447,0.0
"SALAD DRSNG,RANCH DRSNG,COMM,REG",484.0,1.03,6.69,51.39,2.45,1094.0,8.019,0.0
"SALAD DRSNG,RANCH DRSNG,RED FAT",196.0,1.25,21.33,12.42,3.77,1120.0,1.25,0.0
"SALAD DRSNG,MAYO,LT",324.0,0.88,8.2,33.09,4.34,673.0,5.209,0.0
"OIL,INDUSTRIAL,MID-OLEIC,SUNFLOWER",884.0,0.0,0.0,100.0,0.0,0.0,9.009,0.0
"OIL,INDUSTRIAL,CANOLA W/ ANTIFOAMING AGENT",884.0,0.0,0.0,100.0,0.0,0.0,7.615,0.0
"OIL,INDUSTRIAL,CANOLA FOR SALADS,WOKS & LT FRYING",884.0,0.0,0.0,100.0,0.0,0.0,7.758,0.0
"OIL,INDUS,CANOLA (PART HYDROG) OIL FOR DEEP FAT FRYING",884.0,0.0,0.0,100.0,0.0,0.0,10.117,0.0
"OIL,INDUSTRIAL,COCNT",884.0,0.0,0.0,100.0,0.0,0.0,28.470739999999992,0.0
"OIL,INDUSTRIAL,SOY (PART HYDR),FOR POPCORN & FLAVORING VEG",884.0,0.0,0.0,100.0,0.0,0.0,17.683,0.0
"SHORTENING,INDUS,SOY (PART HYDROG),POURABLE LIQ FRY",884.0,0.0,0.0,100.0,0.0,0.0,18.358,0.0
"OIL,INDUSTRIAL,SOY,REFINED,FOR WOKS & LT FRYING",884.0,0.0,0.0,100.0,0.0,0.0,15.34,0.0
"OIL,INDUSTRIAL,SOY (PART HYDR),FOR NON-DAIRY BUTTER FLAVOR",884.0,0.0,0.0,100.0,0.0,0.0,18.101,0.0
"OIL,INDUSTRIAL,SOY ( PART HYDROGENATED),ALLPURP",884.0,0.0,0.0,100.0,0.0,0.0,24.75,0.0
"OIL,INDUSTRIAL,SOY (PART HYDR ) & SOY,POURABLE FRY",884.0,0.0,0.0,100.0,0.0,0.0,15.341,0.0
"OIL,INDUS,SOY (PART HYDROG) & CTTNSD,TORTILLA SHORTENING",884.0,0.0,0.0,100.0,0.0,0.0,25.883,0.0
"MARGARINE-LIKE SHORTENING,INDUS,SOY(PART  HYDR),CTTNSD,& SOY",628.0,0.0,0.0,71.0,0.0,864.0,22.869,0.0
"OIL,INDUSTRIAL,PALM KERNEL,CONFECTION FAT",884.0,0.0,0.0,100.0,0.0,6.0,28.470739999999992,0.0
"OIL,INDUSTRIAL,PALM KERNEL (HYDROGENATED),CONFECTION FAT",884.0,0.0,0.0,100.0,0.0,6.0,28.470739999999992,0.0
"OIL,INDUSTRIAL,COCNT,CONFECTION FAT,ICE CRM COATINGS",884.0,0.0,0.0,100.0,0.0,5.0,28.470739999999992,0.0
"OIL,INDUSTRIAL,PALM KERNEL (HYDROG) FOR WHIPPED TOPPINGS",884.0,0.0,0.0,100.0,0.0,6.0,28.470739999999992,0.0
"OIL,INDUSTRIAL,COCNT (HYDROGENATED),FOR TOPPINGS & WHITENERS",880.0,0.0,0.0,99.5,0.0,7.0,28.470739999999992,0.0
"OIL,INDUSTRIAL,PALM & PALM KERNEL,FILLING FAT (NON-HYDROG)",880.0,0.0,0.0,99.5,0.0,6.0,28.470739999999992,0.0
"OIL,INDUSTRIAL,PALM KERNEL (HYDROGENATED),FILLING FAT",884.0,0.0,0.0,100.0,0.0,6.0,28.470739999999992,0.0
"OIL,INDUSTRIAL,SOY (PARTHYDR ),PALM, ICINGS & FILLINGS",884.0,0.0,0.0,100.0,0.0,0.0,28.421,0.0
"MARGARINE,INDUS,NON-DAIRY,CTTNSD,SOY OIL (PART HYDR )",714.0,1.9,0.0,80.2,0.0,879.0,20.442,0.0
"SHORTENING,INDUSTRIAL,SOY (PARTIALLY HYDR )&CORN FOR FRYING",884.0,0.0,0.0,100.0,0.0,0.0,17.416,0.0
"SHORTENING,INDUS,SOY (PART HYDR ) FOR BAKING & CONFECTIONS",884.0,0.0,0.0,100.0,0.0,0.0,18.788,0.0
"MARGARINE,INDUS,SOY & PART HYDR SOY OIL,BAKING,SAUCES,CANDY",714.0,0.18,0.71,80.0,0.0,886.0,16.321,0.0
"USDA CMDTY FD,OIL,VEG,SOYBN,REFINED",884.0,0.0,0.0,100.0,0.0,0.0,15.251,0.0
"USDA CMDTY FD,OIL,VEG,LO SATURATED FAT",884.0,0.0,0.0,100.0,0.0,0.0,7.429,0.0
"MARGARINE-LIKE SPRD,SMART BALANCE REG BUTTERY SPRD",583.0,0.14,0.14,64.63,0.0,646.0,16.69,0.0
"MARGARINE-LIKE SPRD,SMART BEAT SUPER LT WO/ SATURATED FAT",158.0,0.0,0.0,17.1,0.0,755.0,2.22,0.0
"MARGARINE-LIKE SPRD,SMART BEAT SMART SQUEEZE",47.0,0.0,7.1,2.1,1.0,829.0,0.31,0.0
"MARGARINE-LIKE SPRD,SMART BALANCE OMEGA PLUS SPRD",605.0,0.13,0.16,70.95,0.0,729.0,19.83,0.0
"OIL,VEG,NATREON CANOLA,HI STABILITY,NON TRANS,HI OLEIC (70%)",884.0,0.0,0.0,100.0,0.0,0.0,6.511,0.0
"OIL,PAM COOKING SPRAY,ORIGINAL",792.0,0.26,20.69,78.69,0.0,59.0,11.6,0.0
"SALAD DRSNG,HONEY MUSTARD DRSNG,RED CAL",207.0,0.98,29.27,10.0,18.33,900.0,0.833,0.0
"SALAD DRSNG,SPRAY-STYLE DRSNG,ASSORTED FLAVORS",165.0,0.16,16.6,10.75,14.29,1102.0,1.643,0.0
"SALAD DRSNG,MAYO,LT,SMART BALANCE,OMEGA PLUS LT",333.0,1.53,9.39,34.18,5.38,848.0,3.288,0.0
"VEG OIL SPRD,37% FAT,UNSPEC OILS,W/ SALT,W/ ADDED VITAMIN D",339.0,0.51,0.66,37.77,0.0,589.0,8.637,0.0
"MARGARINE,REG,80% FAT,COMP,STK,W/ SALT,W/ ADDED VITAMIN D",717.0,0.16,0.7,80.71,0.0,751.0,15.189,0.0
"MARGARINE,REG,80% FAT,COMP,TUB,W/ SALT,W/ ADDED VITAMIN D",713.0,0.22,0.75,80.17,0.0,657.0,14.224,0.0
"VEG OIL SPRD,60% FAT,STK,W/ SALT,W/ ADDED VITAMIN D",537.0,0.12,0.69,60.39,0.0,785.0,10.884,0.0
"VEG OIL SPRD,60% FAT,TUB,W/ SALT,W/ ADDED VITAMIN D",533.0,0.17,0.86,59.81,0.0,785.0,12.086,0.0
"VEG-OIL SPRD,STICK/TUB/BOTTLE,60% FAT,W/ ADDED VITAMIN D",535.0,0.6,0.0,59.17,0.0,785.0,10.042,0.0
"MARGARINE,REG,80% FAT,COMP,STK,WO/ SALT,W/ ADDED VITAMIN D",717.0,0.16,0.7,80.71,0.0,2.0,15.189,0.0
"VEG OIL SPRD,60% FAT,STICK/TUB/BOTTLE,WO/ SALT,W/VIT D",542.0,0.17,0.86,59.81,0.0,2.0,12.086,0.0
"OIL,INDUSTRIAL,CANOLA,HI OLEIC",884.0,0.0,0.0,100.0,0.0,0.0,6.787,0.0
"OIL,INDUSTRIAL,SOY,LO LINOLENIC",884.0,0.0,0.0,100.0,0.0,0.0,15.084,0.0
"OIL,INDUSTRIAL,SOY,ULTRA LO LINOLENIC",884.0,0.0,0.0,100.0,0.0,0.0,14.853,0.0
"OIL,INDUSTRIAL,SOY,FULLY HYDR",884.0,0.0,0.0,100.0,0.0,0.0,28.470739999999992,0.0
"OIL,INDUSTRIAL,CTTNSD,FULLY HYDR",884.0,0.0,0.0,100.0,0.0,0.0,28.470739999999992,0.0
"SALAD DRSNG,HONEY MUSTARD,REG",464.0,0.87,23.33,40.83,15.84,650.0,5.0,0.0
"SALAD DRSNG,POPPYSEED,CREAMY",399.0,0.92,24.53,33.33,23.39,788.0,6.061,0.0
"SALAD DRSNG,CAESAR,FAT-FREE",131.0,1.47,30.73,0.23,8.82,1265.0,0.096,0.0
"DRESSING,HONEY MUSTARD,FAT-FREE",169.0,1.07,38.43,1.47,17.75,1004.0,0.349,0.0
"CHICKEN,BROILERS OR FRYERS,MEAT&SKN&GIBLETS&NECK,RSTD",234.0,26.78,0.06,13.27,0.0,79.0,3.7,0.0
"CHICKEN,BROILERS OR FRYERS,MEAT & SKN,RAW",215.0,18.6,0.0,15.06,0.0,70.0,4.31,0.0
"CHICKEN,BROILERS OR FRYERS,MEAT&SKN,CKD,FRIED,BATTER",289.0,22.54,9.42,17.35,0.0,292.0,4.61,0.0
"CHICKEN,BROILERS OR FRYERS,MEAT&SKN,CKD,FRIED,FLR",269.0,28.56,3.15,14.92,0.0,84.0,4.06,0.0
"CHICKEN,BROILERS OR FRYERS,MEAT&SKN,CKD,RSTD",239.0,27.3,0.0,13.6,0.0,82.0,3.79,0.0
"CHICKEN,BROILERS OR FRYERS,MEAT&SKN,CKD,STWD",219.0,24.68,0.0,12.56,0.0,67.0,3.5,0.0
"CHICKEN,BROILERS OR FRYERS,MEAT ONLY,RAW",119.0,21.39,0.0,3.08,0.0,77.0,0.79,0.0
"CHICKEN,BROILERS OR FRYERS,MEAT ONLY,CKD,FRIED",219.0,30.57,1.69,9.12,0.0,91.0,2.46,0.0
"CHICKEN,BROILERS OR FRYERS,MEAT ONLY,RSTD",190.0,28.93,0.0,7.41,0.0,86.0,2.04,0.0
"CHICKEN,BROILERS OR FRYERS,MEAT ONLY,STWD",177.0,27.29,0.0,6.71,0.0,70.0,1.84,0.0
"CHICKEN,BROILERS OR FRYERS,SKN ONLY,RAW",349.0,13.33,0.0,32.35,0.0,63.0,9.08,0.0
"CHICKEN,BROILERS OR FRYERS,SKN ONLY,CKD,RSTD",454.0,20.36,0.0,40.68,0.0,65.0,11.42,0.0
"CHICKEN,BROILERS OR FRYERS,GIBLETS,CKD,SIMMRD",157.0,27.15,0.0,4.5,0.0,67.0,1.322,0.0
"CHICKEN,GIZZARD,ALL CLASSES,RAW",94.0,17.66,0.0,2.06,0.0,69.0,0.529,0.0
"CHICKEN,GIZZARD,ALL CLASSES,CKD,SIMMRD",154.0,30.39,0.0,2.68,0.0,56.0,0.67,0.0
"CHICKEN,LIVER,ALL CLASSES,RAW",119.0,16.92,0.73,4.83,0.0,71.0,1.563,0.0
"CHICKEN,LIVER,ALL CLASSES,CKD,SIMMRD",167.0,24.46,0.87,6.51,0.0,76.0,2.06,0.0
"CHICKEN,BROILERS OR FRYERS,LT MEAT,MEAT & SKN,RAW",186.0,20.27,0.0,11.07,0.0,65.0,3.16,0.0
"CHICKEN,BROILERS OR FRYERS,LT MEAT,MEAT&SKN,CKD,FRIED,FLR",246.0,30.45,1.82,12.09,0.0,77.0,3.32,0.0
"CHICKEN,BROILERS OR FRYERS,DK MEAT,MEAT & SKN,RAW",237.0,16.69,0.0,18.34,0.0,73.0,5.26,0.0
"CHICKEN,BROILERS OR FRYERS,DK MEAT,MEAT&SKN,CKD,FRIED,FLR",285.0,27.22,4.08,16.91,0.0,89.0,4.58,0.0
"CHICKEN,BROILERS OR FRYERS,LT MEAT,MEAT ONLY,RAW",114.0,23.2,0.0,1.65,0.0,68.0,0.44,0.0
"CHICKEN,BROILERS OR FRYERS,LT MEAT,MEAT ONLY,CKD,RSTD",173.0,30.91,0.0,4.51,0.0,77.0,1.27,0.0
"CHICKEN,BROILERS OR FRYERS,LT MEAT,MEAT ONLY,CKD,STWD",159.0,28.88,0.0,3.99,0.0,65.0,1.12,0.0
"CHICKEN,BROILERS OR FRYERS,DK MEAT,MEAT ONLY,RAW",125.0,20.08,0.0,4.31,0.0,85.0,1.1,0.0
"CHICKEN,BROILERS OR FRYERS,DK MEAT,MEAT ONLY,CKD,RSTD",205.0,27.37,0.0,9.73,0.0,93.0,2.66,0.0
"CHICKEN,BROILERS OR FRYERS,DK MEAT,MEAT ONLY,CKD,STWD",192.0,25.97,0.0,8.98,0.0,74.0,2.45,0.0
"CHICKEN,BROILERS OR FRYERS,FAT,RAW",629.0,3.73,0.0,67.95,0.0,32.0,20.25,0.0
"CHICKEN,BROILERS OR FRYERS,BACK,MEAT&SKN,RAW",319.0,14.05,0.0,28.74,0.0,64.0,8.34,0.0
"CHICKEN,BROILERS OR FRYERS,BACK,MEAT&SKN,CKD,RSTD",300.0,25.95,0.0,20.97,0.0,87.0,5.82,0.0
"CHICKEN,BROILERS OR FRYERS,BACK,MEAT&SKN,CKD,STWD",258.0,22.18,0.0,18.14,0.0,64.0,5.02,0.0
"CHICKEN,BROILERS OR FRYERS,BACK,MEAT ONLY,RAW",137.0,19.56,0.0,5.92,0.0,82.0,1.52,0.0
"CHICKEN,BROILERS OR FRYERS,BACK,MEAT ONLY,CKD,RSTD",239.0,28.19,0.0,13.16,0.0,96.0,3.6,0.0
"CHICKEN,BROILERS OR FRYERS,BACK,MEAT ONLY,CKD,STWD",209.0,25.31,0.0,11.19,0.0,67.0,3.04,0.0
"CHICKEN,BROILERS OR FRYERS,BREAST,MEAT&SKN,RAW",172.0,20.85,0.0,9.25,0.0,63.0,2.66,0.0
"CHICKEN,BROILERS OR FRYERS,BREAST,MEAT&SKN,CKD,FRIED,BATTER",260.0,24.84,8.99,13.2,0.0,275.0,3.52,0.0
"CHICKEN,BROILERS OR FRYERS,BREAST,MEAT&SKN,CKD,RSTD",197.0,29.8,0.0,7.78,0.0,71.0,2.19,0.0
"CHICKEN,BROILERS OR FRYERS,BREAST,MEAT&SKN,CKD,STWD",184.0,27.39,0.0,7.42,0.0,62.0,2.08,0.0
"CHICKEN,BROILERS OR FRYERS,BREAST,MEAT ONLY,RAW",114.0,21.23,0.0,2.59,0.0,116.0,0.567,0.0
"CHICKEN,BROILERS OR FRYERS,BREAST,MEAT ONLY,CKD,FRIED",187.0,33.44,0.51,4.71,0.0,79.0,1.29,0.0
"CHICKEN,BROILERS OR FRYERS,BREAST,MEAT ONLY,CKD,RSTD",165.0,31.02,0.0,3.57,0.0,74.0,1.01,0.0
"CHICKEN,BROILERS OR FRYERS,BREAST,MEAT ONLY,CKD,STWD",151.0,28.98,0.0,3.03,0.0,63.0,0.85,0.0
"CHICKEN,BROILERS OR FRYERS,DRUMSTK,MEAT&SKN,RAW",159.0,17.59,0.11,9.29,0.0,104.0,2.45,0.0
"CHICKEN,BROILERS OR FRYERS,DRUMSTK,MEAT&SKN,CKD,RSTD",186.0,22.58,0.0,9.96,0.0,114.0,2.651,0.0
"CHICKEN,BROILERS OR FRYERS,DRUMSTK,MEAT&SKN,CKD,STWD",204.0,25.32,0.0,10.64,0.0,76.0,2.91,0.0
"CHICKEN,BROILERS OR FRYERS,DK MEAT,DRUMSTK,MEAT ONLY,RAW",115.0,18.84,0.0,3.82,0.0,112.0,0.938,0.0
"CHICKEN,BROILERS OR FRYERS,DK MEAT,DRUMSTK,MEAT ONLY,CKD,RST",149.0,23.36,0.0,5.49,0.0,118.0,1.403,0.0
"CHICKEN,BROILERS OR FRYERS,DRUMSTK,MEAT ONLY,CKD,STWD",169.0,27.5,0.0,5.71,0.0,80.0,1.51,0.0
"CHICKEN,BROILERS OR FRYERS,LEG,MEAT&SKN,RAW",214.0,16.37,0.17,15.95,0.0,84.0,4.366,0.0
"CHICKEN,BROILERS OR FRYERS,LEG,MEAT&SKN,CKD,RSTD",184.0,24.03,0.0,8.99,0.0,98.0,2.446,0.0
"CHICKEN,BROILERS OR FRYERS,LEG,MEAT&SKN,CKD,STWD",220.0,24.17,0.0,12.92,0.0,73.0,3.57,0.0
"CHICKEN,BROILERS OR FRYERS,LEG,MEAT ONLY,RAW",120.0,19.16,0.0,4.22,0.0,96.0,1.05,0.0
"CHICKEN,BROILERS OR FRYERS,LEG,MEAT ONLY,CKD,RSTD",174.0,24.22,0.0,7.8,0.0,99.0,2.108,0.0
"CHICKEN,BROILERS OR FRYERS,LEG,MEAT ONLY,CKD,STWD",185.0,26.26,0.0,8.06,0.0,78.0,2.2,0.0
"CHICKEN,BROILERS OR FRYERS,NECK,MEAT&SKN,CKD SIMMRD",247.0,19.61,0.0,18.1,0.0,52.0,5.0,0.0
"CHICKEN,BROILERS OR FRYERS,THIGH,MEAT&SKN,RAW",219.0,16.24,0.25,16.61,0.0,77.0,4.478,0.0
"CHICKEN,BROILERS OR FRYERS,THIGH,MEAT&SKN,CKD,RSTD",229.0,22.63,0.0,14.81,0.0,86.0,4.086,0.0
"CHICKEN,BROILERS OR FRYERS,THIGH,MEAT&SKN,CKD,STWD",232.0,23.26,0.0,14.74,0.0,71.0,4.11,0.0
"CHICKEN,BROILERS OR FRYERS,DK MEAT,THIGH,MEAT ONLY,RAW",119.0,19.26,0.0,4.11,0.0,89.0,1.03,0.0
"CHICKEN,BROILERS OR FRYERS,THIGH,MEAT ONLY,CKD,RSTD",177.0,23.99,0.0,8.27,0.0,87.0,2.281,0.0
"CHICKEN,BROILERS OR FRYERS,THIGH,MEAT ONLY,CKD,STWD",195.0,25.0,0.0,9.79,0.0,75.0,2.71,0.0
"CHICKEN,BROILERS OR FRYERS,WING,MEAT&SKN,RAW",222.0,18.33,0.0,15.97,0.0,73.0,4.48,0.0
"CHICKEN,BROILERS OR FRYERS,WING,MEAT&SKN,CKD,RSTD",290.0,26.86,0.0,19.46,0.0,82.0,5.45,0.0
"CHICKEN,BROILERS OR FRYERS,WING,MEAT&SKN,CKD,STWD",249.0,22.78,0.0,16.82,0.0,67.0,4.71,0.0
"CHICKEN,BROILERS OR FRYERS,WING,MEAT ONLY,RAW",126.0,21.97,0.0,3.54,0.0,81.0,0.94,0.0
"CHICKEN,BROILERS OR FRYERS,WING,MEAT ONLY,CKD,RSTD",203.0,30.46,0.0,8.13,0.0,92.0,2.26,0.0
"CHICKEN,BROILERS OR FRYERS,WING,MEAT ONLY,CKD,STWD",181.0,27.18,0.0,7.18,0.0,73.0,2.0,0.0
"CHICKEN,ROASTING,MEAT&SKN,RAW",216.0,17.14,0.0,15.85,0.0,68.0,4.53,0.0
"CHICKEN,ROASTING,MEAT ONLY,RAW",111.0,20.33,0.0,2.7,0.0,75.0,0.67,0.0
"CHICKEN,ROASTING,LT MEAT,MEAT ONLY,RAW",109.0,22.2,0.0,1.63,0.0,51.0,0.37,0.0
"CHICKEN,ROASTING,LT MEAT,MEAT ONLY,CKD,RSTD",153.0,27.13,0.0,4.07,0.0,51.0,1.08,0.0
"CHICKEN,ROASTING,DK MEAT,MEAT ONLY,RAW",113.0,18.74,0.0,3.61,0.0,95.0,0.93,0.0
"CHICKEN,STEWING,MEAT & SKN,& GIBLETS & NECK,CKD,STWD",214.0,24.88,0.0,11.91,0.0,67.0,3.324,0.0
"CHICKEN,STEWING,MEAT&SKN,RAW",258.0,17.55,0.0,20.33,0.0,71.0,5.71,0.0
"CHICKEN,STEWING,MEAT ONLY,RAW",148.0,21.26,0.0,6.32,0.0,79.0,1.57,0.0
"CHICKEN,STEWING,MEAT ONLY,CKD,STWD",237.0,30.42,0.0,11.89,0.0,78.0,3.1,0.0
"CHICKEN,STEWING,LT MEAT,MEAT ONLY,RAW",137.0,23.1,0.0,4.21,0.0,53.0,0.97,0.0
"CHICKEN,STEWING,DK MEAT,MEAT ONLY,RAW",157.0,19.7,0.0,8.12,0.0,101.0,2.08,0.0
"CHICKEN,CAPONS,MEAT&SKN,RAW",234.0,18.77,0.0,17.07,0.0,45.0,4.95,0.0
"DUCK,DOMESTICATED,MEAT&SKN,RAW",404.0,11.49,0.0,39.34,0.0,63.0,13.22,0.0
"DUCK,DOMESTICATED,MEAT&SKN,CKD,RSTD",337.0,18.99,0.0,28.35,0.0,59.0,9.67,0.0
"DUCK,DOMESTICATED,MEAT ONLY,RAW",135.0,18.28,0.94,5.95,0.0,74.0,2.32,0.0
"DUCK,DOMESTICATED,MEAT ONLY,CKD,RSTD",201.0,23.48,0.0,11.2,0.0,65.0,3.951,0.0
"GOOSE,DOMESTICATED,MEAT&SKN,CKD,RSTD",305.0,25.16,0.0,21.92,0.0,70.0,6.87,0.0
"TURKEY,ALL CLASSES,MEAT&SKN,RAW",160.0,20.42,0.0,8.02,0.0,65.0,2.26,0.0
"TURKEY,ALL CLASSES,MEAT&SKN,CKD,RSTD",208.0,28.1,0.0,9.73,0.0,68.0,2.84,0.0
"TURKEY,ALL CLASSES,MEAT ONLY,RAW",120.0,21.77,0.24,2.86,0.0,70.0,0.95,0.0
"TURKEY,ALL CLASSES,MEAT ONLY,CKD,RSTD",170.0,29.32,0.0,4.97,0.0,70.0,1.459,0.0
"TURKEY,ALL CLASSES,GIBLETS,CKD,SIMMRD,SOME GIBLET FAT",199.0,20.89,0.8,11.86,0.0,64.0,3.923,0.0
"TURKEY,GIZZARD,ALL CLASSES,RAW",118.0,19.14,0.0,4.58,0.0,72.0,1.312,0.0
"TURKEY,GIZZARD,ALL CLASSES,CKD,SIMMRD",129.0,21.72,0.38,3.87,0.0,67.0,1.163,0.0
"TURKEY,HEART,ALL CLASSES,RAW",113.0,17.13,0.41,4.79,0.0,94.0,1.316,0.0
"TURKEY,HEART,ALL CLASSES,CKD,SIMMRD",136.0,21.47,0.68,4.64,0.0,90.0,1.289,0.0
"TURKEY,LIVER,ALL CLASSES,RAW",228.0,17.84,2.26,16.36,0.0,71.0,5.507,0.0
"TURKEY,LIVER,ALL CLASSES,CKD,SIMMRD",273.0,20.02,1.21,20.54,0.0,56.0,6.947,0.0
"TURKEY,ALL CLASSES,NECK,MEAT ONLY,CKD,SIMMRD",180.0,26.84,0.1,7.26,0.0,56.0,2.194,0.0
"TURKEY,ALL CLASSES,LT MEAT,MEAT&SKN,CKD,RSTD",197.0,28.57,0.0,8.33,0.0,63.0,2.34,0.0
"TURKEY,ALL CLASSES,DK MEAT,MEAT&SKN,CKD,RSTD",221.0,27.49,0.0,11.54,0.0,76.0,3.49,0.0
"TURKEY,ALL CLASSES,LT MEAT,CKD,RSTD",157.0,29.9,0.0,3.22,0.0,64.0,1.03,0.0
"TURKEY,ALL CLASSES,DK MEAT,CKD,RSTD",188.0,28.57,0.1,7.22,0.0,79.0,2.182,0.0
"TURKEY,ALL CLASSES,BACK,MEAT&SKN,CKD,RSTD",244.0,26.59,0.16,14.38,0.0,73.0,4.18,0.0
"TURKEY,ALL CLASSES,LEG,MEAT&SKN,CKD,RSTD",208.0,27.87,0.13,9.82,0.0,77.0,3.06,0.0
"TURKEY,ALL CLASSES,WING,MEAT&SKN,CKD,RSTD",229.0,27.38,0.0,12.43,0.0,61.0,3.39,0.0
"TURKEY,FRYER-ROASTERS,MEAT&SKN,CKD,RSTD",172.0,28.26,0.0,5.72,0.0,66.0,1.65,0.0
"TURKEY,FRYER-ROASTERS,BREAST,MEAT&SKN,RAW",125.0,23.76,0.0,2.65,0.0,48.0,0.72,0.0
"TURKEY,FRYER-ROASTERS,BREAST,MEAT ONLY,CKD,RSTD",135.0,30.06,0.0,0.74,0.0,52.0,0.24,0.0
"TURKEY,FRYER-ROASTERS,WING,MEAT ONLY,CKD,RSTD",163.0,30.85,0.0,3.44,0.0,78.0,0.967,0.0
"CHICKEN,CND,MEAT ONLY,W/BROTH",165.0,21.77,0.0,7.95,0.0,503.0,2.2,0.0
"TURKEY,CND,MEAT ONLY,W/BROTH",169.0,23.68,1.47,6.86,0.0,467.0,2.0,0.0
"TURKEY PATTIES,BREADED,BATTERED,FRIED",283.0,14.0,15.7,18.0,0.32,567.0,4.69,0.0
"TURKEY RST,BNLESS,FRZ,SEASONED,LT&DK MEAT,RSTD",155.0,21.32,3.07,5.78,0.0,680.0,1.9,0.0
"Poultry food products, ground turkey, raw",148.0,19.66,0.0,7.66,0.0,58.0,2.024,0.0
"Poultry food products, ground turkey, cooked",203.0,27.37,0.0,10.4,0.0,78.0,2.669,0.0
"CHICKEN,CORNISH GAME HENS,MEAT&SKN,RAW",200.0,17.15,0.0,14.02,0.0,61.0,3.89,0.0
"CHICKEN,CORNISH GAME HENS,MEAT&SKN,CKD,RSTD",259.0,22.27,0.0,18.21,0.0,64.0,5.05,0.0
"CHICKEN,CORNISH GAME HENS,MEAT ONLY,RAW",116.0,20.04,0.0,3.33,0.0,68.0,0.85,0.0
"CHICKEN,CORNISH GAME HENS,MEAT ONLY,CKD,RSTD",134.0,23.3,0.0,3.87,0.0,63.0,0.99,0.0
"CHICKEN,CANNED,NO BROTH",185.0,25.3,0.9,8.1,0.0,482.0,2.25,0.0
"CHICKEN,WING,FRZ,GLAZED,BARBECUE FLAV",211.0,19.67,3.34,12.67,2.04,615.0,3.321,0.0
"CHICKEN,WING,FRZ,GLAZED,BARBECUE FLAV,HTD (MICROWAVE)",248.0,25.34,3.84,13.9,2.1,837.0,3.655,0.0
"CHKN,BROLRS OR FRYERS,BRST,SKNLSS,BNLESS,MEAT OLY,ENHCED,RAW",104.0,19.75,0.0,2.73,0.0,323.0,0.647,0.0
"CHICKEN,WING,FRZ,GLAZED,BBQ FLAV,HTD (CONVENTIONAL OVEN)",242.0,22.24,3.36,14.87,1.94,559.0,3.966,0.0
"CHICKEN NUGGETS,FRZ,CKD",296.0,15.27,14.09,19.82,0.0,557.0,3.992,0.0
"CHICKEN NUGGETS,FRZ,UNCKD",276.0,13.89,14.38,18.06,0.0,424.0,3.575,0.0
"CHICKEN PATTY,FRZ,UNCKD",292.0,14.33,13.61,20.04,0.0,518.0,4.013,0.0
"CHICKEN PATTY,FRZ,CKD",287.0,14.85,12.84,19.58,0.0,532.0,3.662,0.0
"CHICKEN BREAST TENDERS,CKD,CONVENTIONAL OVEN",293.0,15.78,17.0,17.69,0.41,457.0,3.786,0.0
"CHICKEN BREAST TENDERS,CKD,MICROWAVED",252.0,16.35,17.56,12.89,0.0,446.0,3.2,0.0
"CHICKEN BREAST TENDERS,UNCKD",263.0,14.73,15.01,15.75,0.37,451.0,3.26,0.0
"CHICKEN,GROUND,RAW",143.0,17.44,0.04,8.1,0.0,60.0,2.301,0.0
"CHICKEN,GROUND,CRUMBLES,CKD,PAN-BROWNED",189.0,23.28,0.0,10.92,0.0,75.0,3.11,0.0
"CHICK,FEET,BOILED",215.0,19.4,0.2,14.6,0.0,67.0,3.92,0.0
"USDA CMDTY CHICK,CND,MEAT ONLY,DRND",162.0,27.52,0.0,5.72,0.0,271.0,1.572,0.0
"USDA CMDTY,CHICK,CND,MEAT ONLY,W/ H2O",129.0,22.02,0.0,4.58,0.0,251.0,1.258,0.0
"USDA CMDTY,CHICK,CND,MEAT ONLY,W/ BROTH",133.0,22.41,0.23,4.69,0.03,256.0,1.293,0.0
"CHICKEN,BROILERS OR FRYERS,BACK,MEAT ONLY,CKD,ROTISSERIE,ORI",205.0,25.34,0.0,11.54,0.0,661.0,3.007,0.0
"CHICKEN,BROILERS OR FRYERS,BREAST,MEAT ONLY,CKD,ROTISSERIE,O",148.0,29.07,0.0,3.49,0.0,341.0,0.843,0.0
"CHICKEN,BROILERS OR FRYERS,DRUMSTK,MEAT ONLY,CKD,ROTISSERIE,",176.0,28.74,0.0,6.81,0.0,417.0,1.594,0.0
"CHICKEN,BROILERS OR FRYERS,SKN ONLY,CKD,ROTISSERIE,ORIGINAL",406.0,17.66,0.0,37.24,0.11,381.0,9.994,0.0
"CHICKEN,BROILERS OR FRYERS,THIGH,MEAT ONLY,CKD,ROTISSERIE,OR",196.0,24.06,0.0,11.09,0.0,337.0,2.866,0.0
"CHICKEN,BROILERS OR FRYERS,WING,MEAT ONLY,CKD,ROTISSERIE,ORI",197.0,27.69,0.0,9.53,0.0,725.0,2.223,0.0
"CHICKEN,BROILERS OR FRYERS,BACK,MEAT & SKN,CKD,ROTISSERIE,OR",260.0,23.23,0.0,18.59,0.03,584.0,4.924,0.0
"CHICKEN,BROILERS OR FRYERS,BREAST,MEAT & SKN,CKD,ROTISSERIE,",184.0,27.48,0.0,8.18,0.02,347.0,2.114,0.0
"CHICKEN,BROILERS OR FRYERS,DRUMSTK,MEAT & SKN,CKD,ROTISSERIE",215.0,26.86,0.0,11.98,0.02,411.0,3.02,0.0
"CHICKEN,BROILERS OR FRYERS,THIGH,MEAT & SKN,CKD,ROTISSERIE,O",233.0,22.93,0.0,15.7,0.02,345.0,4.123,0.0
"CHICKEN,BROILERS OR FRYERS,WING,MEAT & SKN,CKD,ROTISSERIE,OR",266.0,24.34,0.0,18.77,0.04,610.0,4.814,0.0
"USDA CMDTY,CHICK FAJITA STRIPS,FRZ",135.0,18.56,2.23,5.73,0.0,799.0,1.596,0.0
"USDA CMDTY,TURKEY TACO MEAT,FRZ,CKD",148.0,16.8,3.03,7.58,0.0,632.0,1.765,0.0
"USDA COMMODITY,TURKEY HAM,DK MEAT,SMOKED,FRZ",118.0,16.3,3.1,4.0,1.2,909.0,1.2,0.0
"EMU,GROUND,RAW",134.0,22.77,0.0,4.03,0.0,56.0,1.022,0.0
"EMU,GROUND,CKD,PAN-BROILED",163.0,28.43,0.0,4.65,0.0,65.0,1.242,0.0
"EMU,FAN FILLET,RAW",103.0,22.5,0.0,0.8,0.0,120.0,0.201,0.0
"EMU,FAN FILLET,CKD,BRLD",154.0,31.27,0.0,2.3,0.0,53.0,0.583,0.0
"EMU,FLAT FILLET,RAW",102.0,22.25,0.0,0.74,0.0,150.0,0.187,0.0
"EMU,FULL RUMP,RAW",112.0,22.83,0.0,1.64,0.0,90.0,0.448,0.0
"EMU,FULL RUMP,CKD,BRLD",168.0,33.67,0.0,2.68,0.0,110.0,0.87,0.0
"EMU,INSIDE DRUM,RAW",108.0,22.22,0.0,1.49,0.0,102.0,0.386,0.0
"EMU,INSIDE DRUMS,CKD,BRLD",156.0,32.38,0.0,2.01,0.0,118.0,0.654,0.0
"EMU,OUTSIDE DRUM,RAW",103.0,23.08,0.0,0.48,0.0,100.0,0.122,0.0
"EMU,OYSTER,RAW",141.0,22.81,0.0,4.86,0.0,150.0,1.231,0.0
"EMU,TOP LOIN,CKD,BRLD",152.0,29.07,0.0,3.13,0.0,58.0,0.794,0.0
"OSTRICH,GROUND,RAW",165.0,20.22,0.0,8.7,0.0,72.0,2.177,0.0
"OSTRICH,GROUND,CKD,PAN-BROILED",175.0,26.15,0.0,7.07,0.0,80.0,1.793,0.0
"OSTRICH,FAN,RAW",117.0,21.81,0.0,2.65,0.0,75.0,0.95,0.0
"OSTRICH,INSIDE LEG,RAW",111.0,22.39,0.0,1.72,0.0,72.0,0.6,0.0
"OSTRICH,INSIDE LEG,CKD",141.0,29.01,0.0,1.94,0.0,83.0,0.7,0.0
"OSTRICH,INSIDE STRIP,RAW",127.0,23.69,0.0,2.87,0.0,76.0,0.923,0.0
"OSTRICH,INSIDE STRIP,CKD",164.0,29.37,0.0,4.26,0.0,73.0,1.71,0.0
"OSTRICH,OUTSIDE LEG,RAW",115.0,22.86,0.0,1.96,0.0,90.0,0.61,0.0
"OSTRICH,OUTSIDE STRIP,RAW",120.0,23.36,0.0,2.21,0.0,70.0,0.771,0.0
"OSTRICH,OUTSIDE STRIP,CKD",156.0,28.55,0.0,3.83,0.0,72.0,1.43,0.0
"OSTRICH,OYSTER,RAW",125.0,21.55,0.0,3.67,0.0,83.0,1.22,0.0
"OSTRICH,OYSTER,CKD",159.0,28.81,0.0,3.97,0.0,81.0,1.69,0.0
"OSTRICH,RND,RAW",116.0,21.99,0.0,2.4,0.0,72.0,0.81,0.0
"OSTRICH,TENDERLOIN,RAW",123.0,22.07,0.0,3.19,0.0,86.0,1.17,0.0
"OSTRICH,TIP RAW",114.0,21.85,0.0,2.3,0.0,67.0,0.86,0.0
"OSTRICH,TIP CKD",145.0,28.49,0.0,2.57,0.0,80.0,1.0,0.0
"OSTRICH,TOP LOIN,RAW",119.0,21.67,0.0,2.95,0.0,81.0,1.2,0.0
"OSTRICH,TOP LOIN,CKD",155.0,28.12,0.0,3.87,0.0,77.0,1.32,0.0
"CHICKEN,LIVER,ALL CLASSES,CKD,PAN-FRIED",172.0,25.78,1.11,6.43,0.0,92.0,2.033,0.0
"GROUND TURKEY,FAT FREE,RAW",112.0,23.57,0.0,1.95,0.0,51.0,0.487,0.0
"GROUND TURKEY,FAT FREE,PAN-BROILED CRUMBLES",151.0,31.69,0.0,2.71,0.0,61.0,0.717,0.0
"GROUND TURKEY,FAT FREE,PATTIES,BRLD",138.0,28.99,0.0,2.48,0.0,59.0,0.673,0.0
"GROUND TURKEY,93% LN,7% FAT,RAW",150.0,18.73,0.0,8.34,0.0,69.0,2.17,0.0
"GROUND TURKEY,93% LN,7% FAT,PAN-BROILED CRUMBLES",213.0,27.1,0.0,11.6,0.0,90.0,2.966,0.0
"GROUND TURKEY,93% LN,7% FAT,PATTIES,BRLD",207.0,25.86,0.0,11.45,0.0,91.0,2.958,0.0
"GROUND TURKEY,85% LN,15% FAT,RAW",180.0,16.9,0.0,12.54,0.0,54.0,3.414,0.0
"GROUND TURKEY,85% LN,15% FAT,PAN-BROILED CRUMBLES",258.0,25.11,0.0,17.45,0.0,85.0,4.572,0.0
"GROUND TURKEY,85% LN,15% FAT,PATTIES,BRLD",249.0,25.88,0.0,16.2,0.0,81.0,4.127,0.0
"CHICKEN,BROILERS OR FRYERS,DK MEAT,DRUMSTK,MEAT OLY,CKD,BRSD",149.0,23.93,0.0,5.95,0.0,117.0,1.601,0.0
"CHICKEN,BROILERS OR FRYERS,DK MEAT,THIGH,MEAT ONLY,CKD,BRSD",176.0,24.55,0.0,8.63,0.0,77.0,2.346,0.0
"CHICKEN,SKN (DRUMSTICKS & THIGHS),CKD,BRSD",443.0,14.61,0.0,42.76,0.0,75.0,11.914,0.0
"CHICKEN,SKN (DRUMSTICKS & THIGHS),RAW",440.0,9.58,0.79,44.23,0.0,51.0,12.102,0.0
"CHICKEN,SKN (DRUMSTICKS & THIGHS),CKD,RSTD",462.0,16.57,0.0,43.99,0.0,85.0,12.146,0.0
"CHICKEN,BROILERS OR FRYERS,DK MEAT,DRUMSTK,MT & SKN,CKD,BRSD",187.0,22.72,0.0,10.73,0.0,111.0,2.939,0.0
"CHICKEN,BROILERS OR FRYERS,DK MEAT,THIGH,MEAT & SKN,CKD,BRSD",229.0,22.57,0.0,15.43,0.0,76.0,4.253,0.0
"SOUP,CRM OF ASPARAGUS,CND,COND",69.0,1.82,8.52,3.26,0.72,661.0,0.82,0.0
"SOUP,BLACK BEAN,CND,COND",91.0,4.83,15.42,1.32,2.49,970.0,0.34,0.0
"CAMPBELL,CAMPBELL'S RED & WHITE,BEEFY MUSHROOM SOUP,COND",40.0,2.38,4.76,1.59,0.79,706.0,0.397,0.0
"SOUP,BEAN W/ PORK,CND,COND",129.0,5.88,16.97,4.42,3.0,709.0,1.14,0.0
"SOUP,BF BROTH OR BOUILLON CND,RTS",7.0,1.14,0.04,0.22,0.0,372.0,0.11,0.0
"SOUP,BF NOODLE,CND,COND",67.0,3.85,7.16,2.46,2.06,653.0,0.91,0.0
"SOUP,CRM OF CELERY,CND,COND",72.0,1.32,7.03,4.46,1.35,516.0,1.12,0.0
"SOUP,CHS,CND,COND",121.0,4.22,8.19,8.15,0.6,693.0,5.19,0.0
"SOUP,CHICK W/ DUMPLINGS,CND,COND",79.0,4.58,4.93,4.51,0.46,618.0,1.07,0.0
"SOUP,CHICK BROTH,CND,COND",31.0,4.42,0.75,1.04,0.35,621.0,0.31,0.0
"CAMPBELL SOUP,CAMPBELL'S RED & WHITE,BROCCOLI CHS SOUP,COND",81.0,1.61,9.68,3.63,2.42,661.0,1.613,0.0
"SOUP,CHICK,CND,CHUNKY,RTS",71.0,5.06,6.88,2.64,0.87,354.0,0.79,0.0
"SOUP,CRM OF CHICK,CND,COND",90.0,2.38,7.16,5.77,0.54,702.0,1.697,0.0
"SOUP,CHICK GUMBO,CND,COND",45.0,2.1,6.67,1.14,1.93,693.0,0.26,0.0
"SOUP,CHUNKY CHICK NOODLE,CND,RTS",39.0,3.09,4.0,1.16,0.38,306.0,0.408,0.0
"SOUP,CHICK NOODLE,CND,COND",52.0,2.59,6.03,1.94,0.54,706.0,0.542,0.0
"SOUP,CHICK RICE,CND,CHUNKY,RTS",53.0,5.11,5.41,1.33,0.6,370.0,0.4,0.0
"SOUP,CHICK W/ RICE,CND,COND",49.0,2.89,5.84,1.56,0.16,484.0,0.37,0.0
"SOUP,CHICK VEG,CND,COND",61.0,2.94,7.01,2.32,1.26,733.0,0.69,0.0
"SOUP,CHILI BF,CND,COND",117.0,5.09,18.86,2.53,5.09,788.0,1.242,0.0
"SOUP,CLAM CHOWDER,MANHATTAN STYLE,CND,CHUNKY,RTS",56.0,3.02,7.84,1.41,1.67,417.0,0.88,0.0
"SOUP,CLAM CHOWDER,MANHATTAN,CND,COND",61.0,1.74,9.74,1.76,2.7,457.0,0.305,0.0
"CAMPBELL SOUP COMPANY,HEALTHY REQUEST,CHICK W/ RICE,COND",56.0,1.59,7.19,1.19,0.79,325.0,0.397,0.0
"SOUP,CLAM CHOWDER,NEW ENGLAND,CND,COND",72.0,3.17,10.32,2.06,0.38,516.0,0.959,0.0
"SOUP,BF BROTH BOUILLON & CONSOMME,CND,COND",13.0,2.52,0.84,0.0,0.0,653.0,0.0,0.0
"SOUP,GAZPACHO,CND,RTS",19.0,2.9,1.8,0.1,0.59,303.0,0.01,0.0
"CAMPBELL COMPANY,CAMPBELL'S RED&WHITE,CHEDDAR CHS SOUP,COND",81.0,1.61,8.87,4.03,1.61,524.0,1.613,0.0
"SOUP,MINESTRONE,CND,CHUNKY,RTS",53.0,2.13,8.64,1.17,2.17,288.0,0.62,0.0
"SOUP,MINESTRONE,CND,COND",68.0,3.48,9.17,2.05,1.5,516.0,0.44,0.0
"CAMPBELL,CAMPBELL'S RED&WHITE,CHICK & DUMPLINGS SOUP,COND",56.0,2.38,7.94,1.98,0.79,603.0,0.794,0.0
"SOUP,CRM OF MUSHROOM,CND,COND",85.0,1.61,6.72,5.89,1.46,702.0,1.38,0.0
"SOUP,MUSHROOM W/ BF STOCK,CND,COND",68.0,2.51,7.41,3.21,2.28,773.0,1.24,0.0
"SOUP,ONION,CND,COND",46.0,3.06,6.68,1.42,2.72,732.0,0.21,0.0
"SOUP,CRM OF ONION,CND,COND",88.0,2.2,10.4,4.2,3.64,637.0,1.17,0.0
"CAMPBELL'S RED & WHITE,CHICK & STARS SOUP,COND",56.0,2.38,8.73,1.59,0.79,381.0,0.397,0.0
"SOUP,PEA,GRN,CND,COND",125.0,6.54,20.18,2.23,6.52,680.0,1.07,0.0
"SOUP,PEA,SPLIT W/HAM,CND,CHUNKY,RTS",77.0,4.62,11.17,1.66,1.91,301.0,0.66,0.0
"SOUP,CRM OF POTATO,CND,COND",59.0,1.39,9.14,1.88,1.69,484.0,0.97,0.0
"CAMPBELL'S RED & WHITE,CHICK ALPHABET SOUP,COND",56.0,2.38,9.52,1.19,0.79,381.0,0.397,0.0
"CAMPBELL SOUP COMPANY,CAMPBELL'S RED&WHITE,CHICK BROTH,COND",16.0,0.81,0.81,0.81,0.81,621.0,0.0,0.0
"CAMPBELL SOUP,CAMPBELL'S RED & WHITE,CHICK GUMBO SOUP,COND",48.0,1.59,7.94,0.79,1.59,690.0,0.397,0.0
"CAMPBELL'S RED & WHITE,CHICK NOODLE SOUP,COND",48.0,2.38,6.35,1.59,0.79,706.0,0.397,0.0
"SOUP,TOMATO RICE,CND,COND",93.0,1.64,17.08,2.12,5.9,635.0,0.4,0.0
"SOUP,TURKEY NOODLE,CND,COND",55.0,3.11,6.88,1.59,0.41,650.0,0.44,0.0
"SOUP,TURKEY VEG,CND,COND",60.0,2.52,7.05,2.47,1.09,739.0,0.73,0.0
"SOUP,CHUNKY VEG,CND,RTS",51.0,1.46,7.92,1.54,1.83,359.0,0.23,0.0
"SOUP,VEGETARIAN VEG,CND,COND",59.0,1.72,9.78,1.58,3.13,672.0,0.24,0.0
"SOUP,CHUNKY BF,CND,RTS",66.0,3.97,10.08,1.11,0.67,338.0,0.554,0.0
"SOUP,VEG BF,CND,COND",63.0,4.45,8.11,1.51,0.89,706.0,0.68,0.0
"SOUP,VEG W/ BF BROTH,CND,COND",66.0,2.42,10.7,1.56,1.64,515.0,0.36,0.0
"SOUP,BF BROTH OR BOUILLON,PDR,DRY",213.0,15.97,17.4,8.89,16.71,2060.149999999986,4.32,0.0
"SOUP,BEEF BROTH,CUBED,DRY",170.0,17.3,16.1,4.0,14.51,2060.149999999986,1.99,0.0
"SOUP,BF NOODLE,DRY,MIX",324.0,17.93,48.64,6.39,5.1,2060.149999999986,2.07,0.0
"SOUP,CHICK BROTH OR BOUILLON,DRY",267.0,16.66,18.01,13.88,17.36,2060.149999999986,3.43,0.0
"SOUP,CHICK BROTH CUBES,DRY",198.0,14.6,23.5,4.7,0.0,2060.149999999986,1.2,0.0
"CAMPBELL'S RED & WHITE,CHICK NOODLEO'S SOUP,COND",71.0,2.38,11.9,1.98,1.59,381.0,0.794,0.0
"CAMPBELL COMPANY,CAMPBELL'S RED & WHITE,CHICK VEG SOUP,COND",63.0,2.38,11.9,0.79,2.38,706.0,0.397,0.0
"CAMPBELL SOUP COMPANY,CAMPBELL'S RED & WHITE,BF BROTH,COND",12.0,2.42,0.81,0.0,0.81,694.0,0.0,0.0
"SOUP,ONION,DRY,MIX",293.0,7.48,65.07,0.34,4.65,2060.149999999986,0.089,0.0
"CAMPBELL SOUP COMPANY,CAMPBELLS RED & WHITE,BF CONSOMME,COND",16.0,3.23,0.81,0.0,0.81,653.0,0.0,0.0
"SOUP,TOMATO VEG,DRY,MIX",325.0,11.73,59.9,5.09,3.77,2060.149999999986,2.32,0.0
"SOUP,CRM OF VEG,DRY,PDR",446.0,8.0,52.1,24.1,17.51,2060.149999999986,6.03,0.0
"SAUCE,CHS,DRY,PDR",448.0,22.69,33.66,25.44,25.13,2060.149999999986,12.05,0.0
"CAMPBELL'S RED & WHITE,BATMAN FUN SHAPES SOUP,COND",56.0,2.38,7.94,1.59,0.79,460.0,0.397,0.0
"SAUCE,TERIYAKI,RTS",89.0,5.93,15.56,0.02,14.1,2060.149999999986,0.0,0.0
"GRAVY,BF,CND,RTS",53.0,3.75,4.81,2.36,0.21,560.0,1.153,0.0
"CAMPBELL SOUP,CAMPBELL'S RED & WHITE,BEAN W/ BACON SOUP,COND",125.0,6.25,19.53,2.34,3.13,672.0,1.172,0.0
"GRAVY,CHICK,CND,RTS",79.0,1.93,5.42,5.71,0.78,424.0,1.41,0.0
"GRAVY,MUSHROOM,DRY,PDR",328.0,10.0,64.66,4.0,3.26,2060.149999999986,2.36,0.0
"GRAVY,PORK,DRY,PDR",367.0,8.78,63.57,8.63,24.73,2060.149999999986,4.29,0.0
"GRAVY,TURKEY,CND,RTS",51.0,2.6,5.1,2.1,0.21,577.0,0.62,0.0
"SOUP,CHICK NOODLE,DRY,MIX",377.0,15.42,62.32,6.51,1.9,2060.149999999986,1.947,0.0
"USDA COMMODITY,SPAGHETTI SAU,MEATLESS,CND",48.0,1.2,8.7,0.9,4.7,590.0,0.162,0.0
"CAMPBELL COMPANY,CAMPBELL'S RED & WHITE,BF NOODLE SOUP,COND",56.0,3.17,6.35,1.59,0.79,651.0,0.397,0.0
"CAMPBELL,CAMPBELL'S RED & WHITE,BF W/ VEG & BARLEY SOUP,COND",71.0,3.97,11.9,1.19,1.59,706.0,0.794,0.0
"SOUP,CHICK MUSHROOM,CND,COND",109.0,3.5,7.6,7.3,1.31,661.0,1.92,0.0
"SAUCE,BARBECUE",150.0,0.0,36.25,0.29,26.06,847.0,0.0,0.0
"SAUCE,PIZZA,CND,RTS",54.0,2.18,8.67,1.15,1.75,185.0,0.46,0.0
"SOUP,TOMATO,CND,COND",66.0,1.46,15.22,0.44,8.23,377.0,0.115,0.0
"SAUCE,SALSA,RTS",27.0,1.54,6.26,0.16,3.06,600.0,0.03,0.0
"SAUCE,HOMEMADE,WHITE,THIN",105.0,3.77,7.4,6.73,4.78,328.0,2.152,0.0
"SAUCE,HOMEMADE,WHITE,MED",147.0,3.84,9.17,10.63,4.38,354.0,2.854,0.0
"SAUCE,HOMEMADE,WHITE,THICK",186.0,3.99,11.61,13.83,3.98,373.0,3.416,0.0
"SAUCE,RTS,PEPPER OR HOT",11.0,0.51,1.75,0.37,1.26,2060.149999999986,0.052,0.0
"SAUCE,RTS,PEPPER,TABASCO",12.0,1.29,0.8,0.76,0.13,633.0,0.106,0.0
"SOUP,STOCK,BEEF,HOME-PREPARED",13.0,1.97,1.2,0.09,0.54,198.0,0.035,0.0
"SOUP,STOCK,CHICK,HOME-PREPARED",36.0,2.52,3.53,1.2,1.58,143.0,0.321,0.0
"SOUP,STOCK,FISH,HOME-PREPARED",17.0,2.26,0.0,0.81,0.0,156.0,0.203,0.0
"SAUCE,HOISIN,RTS",220.0,3.31,44.08,3.39,27.26,1615.0,0.568,0.0
"SAUCE,OYSTER,RTS",51.0,1.35,10.92,0.25,0.0,2060.149999999986,0.043,0.0
"SOUP,MINESTRONE,CND,RED NA,RTS",50.0,2.0,9.0,0.8,2.13,215.0,0.14,0.0
"SAUCE,FISH,READY-TO-SERVE",35.0,5.06,3.64,0.01,3.64,2060.149999999986,0.003,0.0
"SOUP,CRM OF MUSHROOM,CND,COND,RED NA",52.0,1.21,8.1,1.69,2.13,383.0,0.53,0.0
"SOUP,CHICK OR BEEF BROTH,CND,LESS/REDUCED NA",7.0,1.36,0.38,0.0,0.22,231.0,0.0,0.0
"SAUCE,TERIYAKI,RTS,RED NA",89.0,5.93,15.58,0.02,14.1,1778.0,0.0,0.0
"SOUP,BEAN&HAM,CND,RED NA,PREP W/H2O OR RTS",74.0,4.19,13.66,1.03,3.17,187.0,0.252,0.0
"SPLIT PEA SOUP,CND,RED NA,PREP W/ H2O OR READY-TO SERVE",71.0,3.85,11.83,0.92,5.06,166.0,0.3,0.0
"SPLIT PEA W/ HAM SOUP,CND,RED NA,PREP W/ H2O OR RTS",68.0,4.0,11.4,0.7,1.57,196.0,0.294,0.0
"SOUP,CHICK BROTH,CND,RTS",5.0,0.43,0.43,0.21,0.0,366.0,0.029,0.0
"CAMPBELL SOUP COMPANY,HEALTHY REQUEST,CRM OF CHICK SOUP,COND",65.0,1.61,9.68,2.02,5.65,331.0,0.806,0.0
"SOUP,CHICK VEG W/POTATO&CHS,CHUNKY,RTS",65.0,1.16,5.2,4.46,0.64,416.0,1.636,0.0
"CAMPBELL'S RED&WHITE,98% FAT FREE CRM OF BROCCOLI SOUP,COND",56.0,1.61,8.06,1.61,0.81,565.0,0.403,0.0
"CAMPBELL SOUP COMPANY,RED&WHITE,25% LESS NA CHIC NOODL,COND",48.0,2.38,6.35,1.59,0.79,524.0,0.397,0.0
"CAMPBELL SOUP COMPANY,RED&WHITE,25% LESS NA TOMATO SOUP,COND",73.0,1.61,16.13,0.0,9.68,387.0,0.0,0.0
"CAMPBELL SOUP COMPANY,RED&WHITE,25% LESS NA CRM OF MSHR,COND",89.0,1.61,6.45,6.45,0.81,524.0,0.806,0.0
"CAMPBELL SOUP COMPANY,RED&WHITE,98% FAT FR BRCCLI CHS,COND",56.0,1.61,9.68,1.21,2.42,387.0,0.806,0.0
"SOUP,VEG,CND,LO NA,COND",65.0,2.2,12.11,0.9,4.31,385.0,0.147,0.0
"CAMPBELL'S RED & WHITE,98% FAT FREE CRM OF CELERY SOUP,COND",56.0,0.81,7.26,2.42,0.81,387.0,0.806,0.0
"CAMPBELL'S RED & WHITE,98% FAT FREE CRM OF CHICK SOUP,COND",56.0,1.61,8.06,2.02,0.81,387.0,0.806,0.0
"CAMPBELL,PREGO PASTA,CHNKY GRD MSHRM & GRN PPPR ITAL SAU,RTS",69.0,1.54,10.0,2.31,7.69,362.0,0.0,0.0
"CAMPBELL,PREGO PASTA,CHUNKY GARDEN MUSHROOM ITALIAN SAU,RTS",69.0,1.54,10.0,2.31,7.69,354.0,0.385,0.0
"CAMPBELL SOUP,PREGO PASTA,DICED ONION & GARLIC ITAL SAU,RTS",92.0,1.54,13.85,3.46,9.23,369.0,1.154,0.0
"CAMPBELL SOUP COMPANY,PREGO PASTA,FLAV W/ MEAT ITAL SAU,RTS",62.0,1.54,10.0,1.92,7.69,369.0,0.385,0.0
"CAMPBELL SOUP COMPANY,PREGO PASTA,FRSH MUSHROOM ITAL SAU,RTS",54.0,1.54,10.0,1.15,8.46,369.0,0.769,0.0
"CAMPBELL SOUP, PREGO PASTA,GARLIC SUPREME ITAL SAU,RTS",85.0,1.54,13.08,3.08,10.0,408.0,1.154,0.0
"CAMPBELL SOUP,PREGO PASTA,ITAL SAUSGE & GARLIC ITAL SAU,RTS",72.0,2.4,10.4,2.4,8.0,384.0,0.8,0.0
"CAMPBELL SOUP,PREGO PASTA,MINI MEATBALL ITAL SAU,RTS",77.0,3.08,10.0,2.31,7.69,369.0,0.769,0.0
"CAMPBELL SOUP,PREGO PASTA,MUSHRM & GRLIC ITAL SAU,RTS",62.0,1.54,10.0,1.92,7.69,362.0,0.0,0.0
"SOUP,CLAM CHOWDER,NEW ENG,CND,PREP W/ EQ VLM LOFAT (2%) MILK",61.0,3.24,7.46,2.02,2.81,273.0,1.094,0.0
"CAMPBELL SOUP,PREGO PASTA,MUSHRM & PARMESAN ITALIAN SAU,RTS",104.0,2.4,17.6,2.8,10.4,384.0,1.2,0.0
"CAMPBELL SOUP,PREGO PASTA,ORGANIC MUSHROOM ITALIAN SAU,RTS",72.0,1.6,10.4,2.4,7.2,376.0,0.4,0.0
"CAMPBELL SOUP,PREGO PASTA,ORGNIC TOMATO & BASIL ITAL SAU,RTS",72.0,1.6,10.4,2.4,7.2,376.0,0.385,0.0
"CAMPBELL PREGO PASTA,HEART SMRT- RICOTTA PMESAN ITLN SAU,RTS",72.0,2.4,10.4,2.0,8.0,288.0,0.8,0.0
"CAMPBELL SOUP,PREGO PASTA,RSTD GARLIC & HERB ITAL SAU,RTS",69.0,1.54,10.0,2.31,6.92,354.0,0.0,0.0
"CAMPBELL SOUP,PREGO PASTA,RSTD GARLIC PARMESAN ITAL SAU,RTS",77.0,2.31,10.0,0.77,7.69,369.0,0.385,0.0
"CAMPBELL,PREGO PASTA,H ST- RSTD RED PR GRLIC ITLIAN SAU,RTS",56.0,1.6,10.4,1.2,7.2,288.0,0.0,0.0
"CAMPBELL SOUP,PREGO PASTA,TOMATO,BASIL & GARLIC ITAL SAU,RTS",64.0,1.6,9.6,2.0,7.2,336.0,0.0,0.0
"CAMPBEL COMPANY,PREGO PASTA,ZESTY MUSHROOM ITALIAN SAU,RTS",85.0,1.54,13.85,2.69,9.23,408.0,0.769,0.0
"CAMPBELL SOUP COMPANY,CHNKY MICRO BOWLS,BF W/ CONTRY VEG,RTS",61.0,4.08,8.57,1.22,1.22,367.0,0.612,0.0
"CAMPBELL'S CHUNKY MICROWAVABLE BWLS,CHCK DMPLINGS SOUP",78.0,3.27,7.35,3.67,0.82,363.0,0.816,0.0
"SOUP,CRM OF MUSHROOM,CND,PREP W/ EQ VOLUME LOFAT (2%) MILK",67.0,2.49,5.73,3.86,3.33,335.0,1.317,0.0
"CAMPBELL SOUP COMPANY,CHNKY MICRO BOWLS,CLSSC CHIC NOODL,RTS",45.0,2.45,5.71,1.22,1.22,322.0,0.408,0.0
"CAMPBELL SOUP COMP,CHNKY MICRO BOWL,GRLLD CHIC&SAUS GMBO,RTS",57.0,2.86,7.35,1.63,2.04,318.0,0.816,0.0
"CAMPBELL SOUP COMP,CHNKY MICRO BOWL,GRLD CHIC W/VEG&PSTA,RTS",45.0,2.86,5.71,1.02,0.82,347.0,0.204,0.0
"CAMPBELL SOUP COMPANY,CHNKY MICRO BOWL,NEW ENGL CLM CHOW,RTS",82.0,2.45,6.94,4.9,0.41,355.0,1.02,0.0
"CAMPBELL SOUP COMPANY,CHUNKY MICRO BOWLS,OLD FASH VEG BF,RTS",41.0,2.86,5.71,0.61,1.63,359.0,0.204,0.0
"CAMPBELL SOUP,CHUNKY MICRO BOWLS,SIRL BRGER W/CNTRY VEG,RTS",57.0,3.27,7.35,1.43,1.63,327.0,0.612,0.0
"SOUP,CRM OF SHRIMP,CND,PREP W/ EQ VOLUME LOFAT (2%) MILK",61.0,2.78,5.64,3.23,2.62,354.0,1.93,0.0
"SAUCE,WHITE,THIN,PREPARED-FROM-RECIPE,W/ BUTTER",72.0,3.95,8.29,2.56,5.29,184.0,1.6,0.0
"SAUCE,SWT & SOUR,PREPARED-FROM-RECIPE",79.0,1.84,16.72,0.58,10.81,347.0,0.144,0.0
"CAMPBELL SOUP,CAMPBELL'S RED & WHITE,CHICK W/ RICE SOUP,COND",56.0,1.59,10.32,1.19,0.79,484.0,0.397,0.0
"CAMPBELL SOUP,CAMPBELL'S RED&WHITE,CHICK WON TON SOUP,COND",40.0,2.38,6.35,0.79,0.79,690.0,0.397,0.0
"CAMPBELL,CAMPBELL'S RED & WHITE,CRM OF ASPARAGUS SOUP,COND",89.0,1.61,7.26,5.65,1.61,669.0,1.613,0.0
"SOUP,HEALTHY CHOIC CHICK NOODLE SOUP,CND",41.0,3.69,5.2,0.63,0.57,195.0,0.4,0.0
"SOUP,HEALTHY CHOIC CHICK & RICE SOUP,CND",37.0,2.53,5.71,0.55,0.37,181.0,0.17,0.0
"SOUP,HEALTHY CHOIC GARDEN VEG SOUP,CND",51.0,2.13,10.04,0.21,2.13,195.0,0.05,0.0
"CAMPBELL SOUP COMPANY,CAMPBELL'S COUNTRY STYLE CRM GRAVY",76.0,1.69,5.08,5.08,1.69,322.0,1.695,0.0
"CAMPBELL SOUP COMPANY,CAMPBELL'S COUNTRY STYLE SAUSAGE GRAVY",119.0,3.39,5.08,10.17,1.69,458.0,2.542,0.0
"CAMPBELL SOUP COMPANY,CAMPBELL'S GOLDEN PORK GRAVY",76.0,1.69,5.08,5.08,1.69,525.0,2.542,0.0
"CAMPBELL SOUP COMPANY,CAMPBELL'S MUSHROOM GRAVY",34.0,0.0,5.08,1.69,1.69,475.0,0.0,0.0
"CAMPBELL SOUP COMPANY,CAMPBELL'S MICROWAVABLE BF GRAVY",42.0,1.69,5.08,1.69,1.69,475.0,0.847,0.0
"CAMPBELL SOUP COMPANY,CAMPBELL'S MICROWAVABLE CHICK GRAVY",67.0,0.0,5.0,5.0,1.67,433.0,1.667,0.0
"CAMPBELL SOUP COMPANY,CAMPBELL'S TURKEY GRAVY",42.0,1.69,5.08,1.69,1.69,458.0,0.847,0.0
"CAMPBELL SOUP COMPANY,FRANCO-AMERICAN SLOW RST BF GRAVY",42.0,1.69,5.08,0.85,0.0,525.0,0.0,0.0
"CAMPBELL SOUP COMPANY,CAMPBELL'S MICROWAVABLE TURKEY GRAVY",42.0,1.67,5.0,1.67,1.67,450.0,0.833,0.0
"CAMPBELL,CAMPBELL'S RED & WHITE,CRM OF BROCCOLI SOUP,COND",73.0,1.61,9.68,4.03,2.42,605.0,1.21,0.0
"CAMPBELL,CAMPBELL'S RED & WHITE,CRM OF CELERY SOUP,COND",73.0,0.81,7.26,4.84,0.81,516.0,0.806,0.0
"CAMPBELL, CAMPBELL'S RED & WHITE,CRM OF CHICK SOUP,COND",97.0,1.61,8.06,6.45,0.81,702.0,2.016,0.0
"CAMPBELL,CAMPBELL'S RED&WHITE,CRM OF CHIC W/ HERBS SOUP,COND",65.0,1.61,7.26,3.23,0.81,645.0,1.21,0.0
"CAMPBELL,CAMPBELL'S RED & WHITE,CRM OF MUSHROOM SOUP,COND",81.0,0.81,7.26,4.84,0.81,702.0,1.21,0.0
"CAMPBELL,CAMPBELLS RED&WHITE,CRM OF MSHRM W/ RSTD GARLC,COND",56.0,1.61,8.06,2.02,0.81,387.0,0.806,0.0
"CAMPBELL,CAMPBELL'S RED & WHITE,CRM OF ONION SOUP,COND",81.0,0.81,8.06,4.84,3.23,645.0,1.21,0.0
"CAMPBELL, CAMPBELL'S RED & WHITE,CRM OF POTATO SOUP,COND",73.0,1.61,12.1,1.61,0.81,484.0,0.806,0.0
"CAMPBELL,CAMPBELL'S RED & WHITE,CRM OF SHRIMP SOUP,COND",81.0,2.42,6.45,4.84,0.0,694.0,1.613,0.0
"CAMPBELL,CAMPBELL'S RED&WHITE,CREAMY CHICK NOODLE SOUP,COND",97.0,3.23,8.87,5.65,0.81,702.0,1.21,0.0
"CAMPBELL,CAMPBELL'S RED&WHITE,CREAMY CHICK VERDE SOUP,COND",89.0,1.61,8.06,5.65,0.81,629.0,2.016,0.0
"COMPANY,CAMPBELL'S RED & WHITE,CURLY NOODLE SOUP,COND",63.0,3.17,8.73,1.59,0.79,381.0,0.397,0.0
"CAMPBELL'S RED & WHITE,DANNY PHANTOM SHAPED PASTA",56.0,3.17,7.94,1.59,0.79,444.0,0.397,0.0
"CAMPBELL'S RED & WHITE,DORA THE EXPLORER SOUP,COND",63.0,2.38,10.32,1.59,2.38,381.0,0.397,0.0
"CAMPBELL'S RED & WHITE,DOUBLE NOODLE IN CHICK BROTH SOP,COND",87.0,2.38,15.87,1.59,0.79,381.0,0.397,0.0
"CAMPBELL'S RED & WHITE,OLD FASHIONED TOMATO RICE SOUP,COND",87.0,0.79,18.25,1.59,7.94,611.0,0.397,0.0
"CAMPBELL'S RED & WHITE,FIESTA NACHO CHS SOUP,COND",97.0,2.42,8.06,6.45,1.61,637.0,2.419,0.0
"CAMPBELL'S RED & WHITE,FRENCH ONION SOUP,COND",36.0,1.59,4.76,1.19,3.17,516.0,0.794,0.0
"CAMPBELL'S RED & WHITE,GOLDEN MUSHROOM SOUP,COND",65.0,1.61,8.06,2.82,0.81,524.0,0.806,0.0
"CAMPBELL'S RED & WHITE,GOLDFISH PASTA W/ CHICK",63.0,2.38,9.52,1.59,0.79,381.0,0.397,0.0
"SOUP,TOMATO,CND,PREP W/ EQ VOLUME LOFAT (2%) MILK",55.0,2.49,8.95,1.3,6.53,210.0,0.695,0.0
"CAMPBELL'S RED & WHITE,GOLDFISH PASTA W/ MEATBALL",71.0,3.17,8.73,2.38,0.79,381.0,0.794,0.0
"CAMPBELL'S RED & WHITE,GRN PEA SOUP,COND",141.0,7.03,21.88,2.34,4.69,680.0,0.781,0.0
"CAMPBELL'S RED & WHITE,HEARTY VEG W/ PASTA SOUP,COND",71.0,2.38,15.08,0.4,6.35,706.0,0.0,0.0
"CAMPBELL'S RED & WHITE,HOMESTYLE CHICK NOODLE SOUP,COND",56.0,3.17,7.94,1.59,0.79,516.0,0.397,0.0
"CAMPBELL'S RED & WHITE,MANHATTAN CLAM CHOWDER,COND",48.0,1.59,9.52,0.4,1.59,698.0,0.397,0.0
"CAMPBELL'S RED & WHITE,MEGA NOODLE IN CHICK BROTH,COND",71.0,2.38,11.9,1.59,0.79,381.0,0.397,0.0
"CAMPBELL'S RED & WHITE,MINESTRONE SOUP,COND",71.0,3.17,13.49,0.79,2.38,516.0,0.397,0.0
"CAMPBELL'S RED & WHITE,NEW ENGLAND CLAM CHOWDER,COND",71.0,3.17,10.32,1.98,0.79,516.0,0.397,0.0
"COMPANY,CAMPBELL'S RED & WHITE,OYSTER STEW,COND",63.0,2.38,2.38,4.76,0.0,722.0,2.381,0.0
"SOUP COMPANY,CAMPBELL'S RED & WHITE,PEPPER POT SOUP,COND",71.0,3.97,7.14,3.17,0.79,778.0,1.19,0.0
"CAMPBELL SOUP COMPANY,CAMPBELL'S RED & WHT,SCOTCH BRTH,COND",48.0,2.42,8.06,0.81,0.81,694.0,0.0,0.0
"CAMPBELL'S RED & WHITE,STHWEST STYLE PEPPER JCK SP,COND",89.0,1.61,10.48,4.84,2.42,710.0,1.613,0.0
"CAMPBELL'S RED & WHITE,VEGETARIAN VEG SOUP,COND",71.0,2.38,14.29,0.4,4.76,381.0,0.0,0.0
"CAMPBELL SOUP COMPANY,CAMPBELL'S RED & WHITE,VEG SOUP,COND",79.0,3.17,16.67,0.4,5.56,516.0,0.397,0.0
"CAMPBELL SOUP COMPANY,CAMPBELL'S RED & WHITE,VEG BF SOP,COND",71.0,3.97,11.9,0.79,1.59,706.0,0.397,0.0
"CAMPBELL SOUP COMPANY,CAMPBELL RED & WHITE,TOMATO SOUP,COND",71.0,1.46,15.22,0.44,8.23,377.0,0.0,0.0
"CAMPBELL SOUP,CAMPBELL'S RED & WHITE,TOMATO BISQUE,COND",103.0,1.59,18.25,2.78,11.9,698.0,1.19,0.0
"CAMPBELL'S RED & WHITE,SPLIT PEA W/ HAM & BACON SOUP,COND",141.0,7.81,23.44,1.56,3.13,664.0,0.391,0.0
"CAMPBELL'S RED & WHITE,SOUTHWESTERN-STYLE CHICK VEG SOP,COND",87.0,3.97,16.67,0.79,2.38,659.0,0.397,0.0
"CAMPBELL'S CHUNKY SOUPS,BKD POTATO CHEDDAR BACON BITS SOUP",78.0,2.04,9.39,3.67,1.25,322.0,1.224,0.0
"CAMPBELL'S CHUNKY SOUPS,BKD POTATO W/ STEAK & CHS SOUP",82.0,3.27,8.57,4.08,1.22,343.0,1.02,0.0
"CAMPBELL'S CHUNKY SOUPS,BARBEQUE SEASONED BURGER SOUP",84.0,4.08,11.43,2.45,4.08,367.0,1.02,0.0
"CAMPBELL'S CHUNKY SOUPS,BBQ SEASONED PORK SOUP",68.0,4.9,8.98,1.43,2.04,376.0,0.612,0.0
"CAMPBELL'S CHUNKY SOUPS,BF RIB RST POTATOES HERBS SOUP",44.0,2.86,6.94,0.41,2.45,363.0,0.408,0.0
"CAMPBELL'S CHUNKY SOUPS,BF W/ COUNTRY VEG SOUP",53.0,3.27,7.35,1.22,1.63,376.0,0.408,0.0
"CAMPBELL'S CHUNKY SOUPS,BF W/ WHITE & WILD RICE SOUP",57.0,3.27,9.8,0.61,2.04,363.0,0.204,0.0
"CAMPBELL'S CHUNKY SOUPS,CHICK & DUMPLINGS SOUP",74.0,3.27,7.76,3.27,4.9,363.0,0.816,0.0
"CAMPBELL'S CHUNKY SOUPS,CHICK BROCCOLI CHS & POTATO SOUP",86.0,2.86,8.16,4.49,2.45,359.0,1.633,0.0
"CAMPBELL'S CHUNKY SOUPS,CHICK CORN CHOWDER",82.0,2.86,8.16,4.08,1.22,351.0,1.224,0.0
"CAMPBELL'S CHUNKY SOUPS,CHICK MUSHROOM CHOWDER",78.0,3.27,7.76,3.67,1.63,347.0,0.612,0.0
"CAMPBELL SOUP COMPANY CHUNKY SOUPS,CLASSIC CHICK NDLE SOUP",47.0,3.41,5.41,1.3,0.41,325.0,0.408,0.0
"CAMPBELL'S CHUNKY SOUPS,FAJITA CHICK W/ RICE & BNS SOUP",53.0,2.86,9.39,0.61,2.86,347.0,0.204,0.0
"CAMPBELL'S CHUNKY SOUPS,FIREHOUSE - HOT SPICY BF BEAN CHILI",95.0,6.12,10.2,3.27,2.86,355.0,1.429,0.0
"CAMPBELL'S CHUNKY SOUPS,GRILLED CHICK SAUSAGE GUMBO SOUP",57.0,2.86,8.57,1.22,1.63,347.0,0.612,0.0
"CAMPBELL'S CHUNKY SOUPS,GRILLED CHICK VEG & PASTA SOUP",41.0,2.45,5.71,1.02,0.82,359.0,0.204,0.0
"SOUP,BLACK BEAN,CND,PREP W/ EQ VOLUME H2O",46.0,2.42,7.71,0.66,1.24,487.0,0.17,0.0
"CAMPBELL'S CHUNKY SOUPS,GRILLED SIRLOIN STEAK HEARTY VEG SP",53.0,3.27,7.76,0.82,6.12,363.0,0.408,0.0
"SOUP,BEAN W/ PORK,CND,PREP W/ EQ VOLUME H2O",63.0,2.88,8.31,2.16,1.47,349.0,0.558,0.0
"CAMPBELL'S CHUNKY SOUPS,HEALTHY REQUEST CHICK NOODLE SOUP",49.0,3.27,6.94,1.02,1.22,167.0,0.408,0.0
"CAMPBELL'S CHUNKY SOUPS,HEALTHY REQUEST VEG SOUP",49.0,1.63,9.8,0.41,3.27,167.0,0.204,0.0
"SOUP,BF NOODLE,CND,PREP W/ EQ VOLUME H2O",34.0,1.93,3.58,1.23,1.03,381.0,0.455,0.0
"SOUP,CHICK W/ DUMPLINGS,CND,PREP W/ EQ VOLUME H2O",40.0,2.33,2.51,2.29,0.33,305.0,0.54,0.0
"SOUP,CHICK BROTH,CND,PREP W/ EQ VOLUME H2O",16.0,2.02,0.38,0.57,0.29,306.0,0.16,0.0
"CAMPBELL'S CHUNKY SOUPS,HEARTY BEAN 'N' HAM SOUP",74.0,4.49,12.24,0.82,2.04,318.0,0.204,0.0
"CAMPBELL'S CHUNKY SOUPS,HEARTY BF BARLEY SOUP",65.0,3.67,10.61,0.82,2.04,322.0,0.204,0.0
"SOUP,CHICK GUMBO,CND,PREP W/ EQ VOLUME H2O",23.0,1.08,3.43,0.59,1.02,391.0,0.13,0.0
"CAMPBELL'S CHUNKY SOUPS,HEARTY CHICK W/ VEG SOUP",45.0,2.45,6.94,0.82,1.22,290.0,0.204,0.0
"SOUP,CHICK NOODLE,CND,PREP W/ EQ VOLUME H2O",25.0,1.27,2.95,0.95,0.27,349.0,0.262,0.0
"CAMPBELL'S CHUNKY SOUPS,HEARTY VEG W/ PASTA SOUP",51.0,1.63,9.39,0.82,3.67,380.0,0.0,0.0
"CAMPBELL'S CHUNKY SOUPS,HERB RSTD CHICK POTATOES GARLIC SOUP",46.0,3.27,6.94,0.61,1.63,355.0,0.408,0.0
"SOUP,CHICK W/ RICE,CND,PREP W/ EQ VOLUME H2O",24.0,1.45,2.92,0.78,0.08,238.0,0.185,0.0
"CAMPBELL'S CHUNKY SOUPS,HONEY RSTD HAM W/ POTATOES SOUP",55.0,3.27,8.16,1.02,2.86,331.0,0.408,0.0
"SOUP,CHICK VEG,CND,PREP W/ EQ VOLUME H2O",31.0,1.5,3.56,1.18,0.54,392.0,0.35,0.0
"SOUP,CHILI BF,CND,PREP W/ EQ VOLUME H2O",57.0,2.49,9.23,1.24,2.49,388.0,0.608,0.0
"CAMPBELL'S CHUNKY SOUPS,ITALIAN SAUSAGE & PEPPERS SOUP",62.0,2.86,8.16,2.04,3.27,327.0,0.612,0.0
"SOUP,CLAM CHOWDER,MANHATTAN,CND,PREP W/EQ VOLUME H2O",30.0,0.85,4.77,0.86,1.32,226.0,0.149,0.0
"CAMPBELL SOUP COMPANY CHUNKY SOUPS,MANHATTAN CLAM CHOWDER",52.0,2.04,7.76,1.43,1.63,339.0,0.408,0.0
"SOUP,CLAM CHOWDER,NEW ENGLAND,CND,PREP W/ EQ VOLUME H2O",35.0,1.55,5.05,1.01,0.19,254.0,0.468,0.0
"CAMPBELL SOUP COMPANY CHUNKY SOUPS,NEW ENGLAND CLAM CHOWDER",81.0,2.46,9.01,3.85,0.0,353.0,0.408,0.0
"CAMPBELL'S CHUNKY SOUPS,OLD FASHIONED POTATO HAM CHOWDER",78.0,2.45,6.94,4.49,0.41,327.0,1.633,0.0
"CAMPBELL SOUP COMPANY CHUNKY SOUPS,OLD FASHIONED VEG BF SOUP",49.0,3.16,6.24,1.23,1.15,346.0,0.408,0.0
"CAMPBELL'S CHUNKY SOUPS,PEPPER STEAK SOUP",48.0,3.27,7.35,0.61,1.63,327.0,0.204,0.0
"CAMPBELL'S CHUNKY SOUPS,PORK RST CARROTS POTATOES SOUP",50.0,3.27,6.53,1.22,1.22,363.0,0.612,0.0
"CAMPBELL'S CHUNKY SOUPS,ROADHOUSE - BF BEAN CHILI",95.0,6.12,10.2,3.27,2.86,359.0,1.429,0.0
"CAMPBELL'S CHUNKY SOUPS,SALISBURY STEAK MUSHRMS ONIONS SOUP",57.0,2.86,7.76,1.84,2.45,327.0,1.02,0.0
"CAMPBELL'S CHUNKY SOUPS,SAVORY CHICK WHITE WILD RICE SOUP",45.0,2.86,7.35,0.82,0.41,331.0,0.204,0.0
"CAMPBELL'S CHUNKY SOUPS,SAVORY POT RST SOUP",49.0,2.86,8.16,0.41,1.63,322.0,0.204,0.0
"SOUP,CRM OF MUSHROOM,CND,PREP W/ EQ VOLUME H2O",42.0,0.79,3.29,2.88,0.72,318.0,0.676,0.0
"SOUP,ONION,CND,PREP W/ EQ VOLUME H2O",23.0,1.5,3.27,0.7,1.33,423.0,0.103,0.0
"CAMPBELL'S CHUNKY SOUPS,SAVORY VEG SOUP",44.0,1.22,8.98,0.41,2.45,314.0,0.204,0.0
"SOUP,PEA,GRN,CND,PREP W/ EQ VOLUME H2O",61.0,3.2,9.88,1.09,3.19,336.0,0.524,0.0
"SOUP,PEPPERPOT,CND,PREP W/ EQ VOLUME H2O",41.0,2.54,3.75,1.85,0.0,385.0,0.822,0.0
"CAMPBELL'S CHUNKY SOUPS,SIZZLIN' STEAK- GRLD STK CHILI BNS",81.0,6.53,11.02,1.22,3.67,355.0,0.408,0.0
"SOUP,SCOTCH BROTH,CND,PREP W/ EQ VOLUME H2O",33.0,2.03,3.87,1.07,0.26,415.0,0.455,0.0
"SOUP,CRM OF SHRIMP,CND,PREP W/ EQ VOLUME H2O",36.0,1.11,3.27,2.07,0.24,391.0,1.29,0.0
"CAMPBELL'S CHUNKY SOUPS,SLOW RSTD BF W/ MUSHROOMS SOUP",48.0,3.27,7.35,0.61,2.04,339.0,0.408,0.0
"CAMPBELL'S CHUNKY SOUPS,SMOKED CHICK W/ RSTD CORN CHOWDER",84.0,4.08,7.76,4.08,1.22,363.0,0.816,0.0
"CAMPBELL'S CHUNKY SOUPS,SPLIT PEA 'N' HAM SOUP",78.0,4.9,12.24,1.02,2.04,318.0,0.408,0.0
"SOUP,TOMATO BF W/ NOODLE,CND,PREP W/ EQ VOLUME H2O",56.0,1.78,8.44,1.71,0.73,367.0,0.635,0.0
"CAMPBELL'S CHUNKY SOUPS,STEAK 'N' POTATO SOUP",49.0,3.27,7.35,0.82,0.41,376.0,0.204,0.0
"SOUP,TOMATO RICE,CND,PREP W/ EQ VOLUME H2O",47.0,0.82,8.54,1.06,2.95,319.0,0.2,0.0
"CAMPBELL'S CHNKY SOUPS,TANTALIZIN' TRKY - TRKY CHILI BNS SP",78.0,6.12,11.02,1.02,3.67,359.0,0.408,0.0
"SOUP,VEGETARIAN VEG,CND,PREP W/ EQ VOLUME H2O",28.0,0.86,4.89,0.79,1.57,338.0,0.12,0.0
"CAMPBELL SOUP COMPANY,CAMPBELL'S LO NA SOUPS,CHICK BROTH",10.0,1.01,0.34,0.34,0.34,47.0,0.168,0.0
"SOUP,VEG BF,CND,PREP W/ EQ VOLUME H2O",31.0,2.23,4.06,0.76,0.45,349.0,0.34,0.0
"SOUP,VEG W/ BF BROTH,CND,PREP W/ EQ VOLUME H2O",33.0,1.21,5.35,0.78,0.82,253.0,0.18,0.0
"SOUP,BEAN W/ BACON,DRY,MIX,PREP W/ H2O",40.0,2.07,6.18,0.81,0.23,350.0,0.36,0.0
"SOUP,BF BROTH OR BOUILLON,PDR,PREP W/H2O",3.0,0.21,0.25,0.08,0.2,382.0,0.04,0.0
"SOUP,BF BROTH,CUBED,PREP W/H2O",3.0,0.21,0.25,0.08,0.2,260.0,0.04,0.0
"SOUP,CHICK BROTH OR BOUILLON,DRY,PREP W/ H2O",4.0,0.28,0.3,0.23,0.29,401.0,0.057,0.0
"CAMPBELL'S LO NA SOUPS,CHICK W/ NOODLES SOUP",52.0,3.93,5.57,1.48,1.31,46.0,0.492,0.0
"SOUP,CRM OF CHICK,DRY,MIX,PREP W/ H2O",41.0,0.68,5.11,2.04,1.59,454.0,1.3,0.0
"SOUP,CHICK RICE,DRY,MIX,PREP W/ H2O",24.0,0.97,3.66,0.57,0.29,388.0,0.13,0.0
"CAMPBELL'S LO NA SOUPS,CRM OF MUSHROOM SOUP",54.0,1.01,6.38,2.68,2.01,20.0,0.839,0.0
"SOUP,CONSOMME W/ GELATIN,DRY,MIX,PREP W/ H2O",7.0,0.87,0.78,0.08,0.45,1325.0,0.0,0.0
"SOUP,MUSHROOM,DRY,MIX,PREP W/ H2O",33.0,0.66,4.4,1.82,0.18,403.0,0.32,0.0
"SOUP,ONION,DRY,MIX,PREP W/ H2O",12.0,0.32,2.77,0.01,0.2,346.0,0.004,0.0
"SOUP,OXTAIL,DRY,MIX,PREP W/ H2O",28.0,1.11,3.54,1.01,0.98,475.0,0.5,0.0
"CAMPBELL'S RED & WHITE - MCRWVEABLE BOWLS,CHICK NOODLE SOUP",30.0,1.63,4.08,0.82,0.0,355.0,0.204,0.0
"SOUP,TOMATO,DRY,MIX,PREP W/ H2O",38.0,0.93,7.17,0.61,3.9,356.0,0.286,0.0
"SOUP,TOMATO VEG,DRY,MIX,PREP W/ H2O",22.0,0.79,4.04,0.34,0.99,132.0,0.15,0.0
"SOUP,VEG BF,DRY,MIX,PREP W/ H2O",21.0,1.16,3.17,0.44,0.36,312.0,0.22,0.0
"CAMPBELL'S RED & WHITE - MICROWAVEABLE BOWLS,CHICK RICE SOUP",30.0,0.82,5.71,0.41,0.41,327.0,0.204,0.0
"CAMPBELL'S RED & WHITE - MCRWVEABLE BOWLS,CREAMY TOMATO SOUP",64.0,1.22,10.2,2.04,6.53,306.0,0.408,0.0
"CAMPBELL'S RED & WHITE - MICROWAVEABLE BOWLS,TOMATO SOUP",44.0,1.22,9.8,0.0,7.35,322.0,0.0,0.0
"CAMPBELL'S RED & WHITE - MICROWAVEABLE BOWLS,VEG BF SOUP",34.0,2.04,6.12,0.2,0.82,359.0,0.204,0.0
"CAMPBELL'S SEL GOLD LABEL SOUPS,BLNDED RED PEPP BLK BEAN SP",49.0,1.22,9.39,0.61,4.08,335.0,0.408,0.0
"CAMPBELL'S SEL GOLD LABEL SOUPS,CRMY PORTOBELLO MSHRM SOUP",42.0,1.22,5.71,1.63,0.82,322.0,1.224,0.0
"CAMPBELL'S SEL GOLD LABEL SOUPS,GOLDEN BUTTERNUT SQSH SOUP",37.0,0.82,7.35,0.61,3.27,331.0,0.408,0.0
"CAMPBELL BOWLS,98% FAT FREE NEW ENGLAND CLAM CHOWDER",45.0,2.45,6.94,1.02,0.41,196.0,0.408,0.0
"CAMPBELL'S SEL MCRWVABLE BOWLS,CHICK W/ EGG NOODLES SOUP",49.0,3.27,4.9,1.63,0.82,196.0,0.408,0.0
"CAMPBELL'S SEL MCRWVABLE BWLS,ITAL SSGE PSTA & PEPRNI SOUP",53.0,2.86,6.12,2.45,2.04,355.0,1.02,0.0
"CAMPBELL'S SEL MCRWVABLE BOWLS,ITALIAN-STYLE WEDDING SOUP",53.0,2.86,6.53,1.63,1.22,196.0,1.02,0.0
"CAMPBELL'S SEL MCRWVABLE BOWLS,MEX STYLE CHICK TORTILLA SOUP",52.0,3.27,7.76,1.02,1.22,196.0,0.408,0.0
"CAMPBELL'S SEL MICROWAVEABLE BOWLS,MINESTRONE SOUP",39.0,1.63,7.76,0.41,2.04,196.0,0.204,0.0
"CAMPBELL'S SEL MCRWVABLE BOWLS,SVRY CHK & LONG GRN RICE SOUP",45.0,2.45,6.12,0.41,1.22,196.0,0.0,0.0
"SOUP,CHICK NOODLE,DRY,MIX,PREP W/ H2O",23.0,0.84,3.67,0.55,0.31,229.0,0.122,0.0
"CAMPBELL'S SEL SOUP,98% FAT FREE NEW ENGLAND CLAM CHOWDER",45.0,2.45,6.94,1.02,0.41,196.0,0.408,0.0
"CAMPBELL'S SEL SOUP,BF W/ RSTD BARLEY SOUP",54.0,3.67,8.57,0.41,1.63,196.0,0.204,0.0
"CAMPBELL'S SEL SOUP,CHICK & PASTA W/ RSTD GARLIC SOUP",46.0,3.27,7.35,0.41,0.82,335.0,0.204,0.0
"CAMPBELL'S SEL SOUP,CHICK VEG MEDLEY SOUP",49.0,2.86,7.76,0.41,1.63,196.0,0.0,0.0
"CAMPBELL'S SEL SOUP,CREAMY CHICK ALFREDO SOUP",90.0,4.08,6.12,5.31,0.41,196.0,1.632,0.0
"CAMPBELL'S SEL SOUP,HEALTHY REQUEST MEX STYLE CHICK TORTILLA",57.0,3.27,8.98,0.82,0.82,167.0,0.408,0.0
"CAMPBELL'S SEL SOUP,ITALIAN SAUSAGE W/ PASTA PEPPERONI SOUP",65.0,2.86,7.35,2.86,1.22,196.0,1.02,0.0
"CAMPBELL'S SEL SOUP,ITALIAN-STYLE WEDDING SOUP",53.0,2.86,5.31,2.04,1.22,196.0,1.225,0.0
"CAMPBELL'S SEL SOUP,MEDITERRANEAN MEATBALL BOWTIE PASTA SOUP",49.0,2.86,6.12,1.63,1.22,196.0,0.612,0.0
"CAMPBELL'S SEL SOUP,MEXICAN STYLE CHICK TORTILLA SOUP",45.0,2.86,6.12,0.82,1.22,196.0,0.408,0.0
"CAMPBELL SOUP COMPANY,CAMPBELL'S SEL SOUP,MINESTRONE SOUP",41.0,2.04,8.16,0.2,2.04,196.0,0.0,0.0
"CAMPBELL SOUP COMPANY SEL SOUP,NEW ENGLAND CLAM CHOWDER",70.0,2.33,5.68,4.23,0.0,194.0,0.816,0.0
"CAMPBELL'S SEL SOUP,POTATO BROCCOLI CHS SOUP",61.0,1.22,6.12,3.67,1.22,196.0,0.408,0.0
"CAMPBELL'S SEL SOUP,RSTD CHICK W/ LONG GRAIN WILD RICE SOUP",45.0,2.45,8.16,0.2,0.82,196.0,0.0,0.0
"CAMPBELL'S SEL SOUP,RSTD CHICK W/ ROTINI & PENNE PASTA SOUP",37.0,3.27,5.31,0.41,0.82,196.0,0.0,0.0
"CAMPBELL'S SEL SOUP,SAVORY WHITE BEAN W/ RSTD HAM SOUP",69.0,3.67,12.24,0.61,1.63,196.0,0.204,0.0
"CAMPBELL SOUP COMPANY SEL SOUP,SLOW RSTD BF & VEG SOUP",43.0,3.25,5.46,0.87,0.95,181.0,0.204,0.0
"CAMPBELL'S SEL SOUP,SPLIT PEA W/ RSTD HAM SOUP",61.0,3.67,11.84,0.41,2.04,196.0,0.204,0.0
"SOUP,TOMATO,CND,PREP W/EQ VOLUME H2O,COMM",30.0,0.79,6.57,0.28,3.97,190.0,0.076,0.0
"CAMPBELL SOUP COMPANY,CAMPBELL'S SEL SOUP,TOMATO GARDEN SOUP",41.0,1.22,8.57,0.2,4.08,196.0,0.204,0.0
"CAMPBELL SOUP COMPANY,CAMPBELL'S SEL SOUP,VEG MEDLEY SOUP",33.0,1.22,6.53,0.2,2.45,196.0,0.0,0.0
"SOUP,RAMEN NOODLE,ANY FLAVOR,DRY",436.0,10.48,63.42,15.63,1.57,2036.0,7.553,0.0
"SOUP,BROCCOLI CHS,CND,COND,COMM",87.0,2.1,7.7,5.3,2.12,661.0,1.6,0.0
"CAMPBELL'S SOUP AT HAND,BLENDED VEG MEDLEY SOUP",33.0,0.98,6.23,0.49,2.95,292.0,0.164,0.0
"CAMPBELL'S SOUP AT HAND,CHICK & STARS SOUP",21.0,0.98,3.28,0.49,0.33,292.0,0.164,0.0
"CAMPBELL'S SOUP AT HAND,CHICK W/ MINI NOODLES SOUP",26.0,1.31,3.61,0.66,0.66,321.0,0.164,0.0
"CAMPBELL'S SOUP AT HAND,CRM OF BROCCOLI SOUP",47.0,0.98,5.57,2.3,0.98,292.0,0.656,0.0
"CAMPBELL'S SOUP AT HAND,CREAMY CHICK SOUP",43.0,1.31,4.26,2.95,0.33,292.0,0.492,0.0
"CAMPBELL'S SOUP AT HAND,CREAMY TOMATO SOUP",62.0,1.31,11.15,1.31,7.54,308.0,0.328,0.0
"CAMPBELL'S SOUP AT HAND,ITALIAN STYLE WEDDING SOUP",24.0,0.98,3.28,0.82,0.98,282.0,0.328,0.0
"CAMPBELL'S SOUP AT HAND,NEW ENGLAND CLAM CHOWDER",40.0,1.31,4.26,1.97,0.0,292.0,0.328,0.0
"CAMPBELL SOUP COMPANY,CAMPBELL'S SOUP AT HAND,VEG BF SOUP",20.0,0.98,3.28,0.33,1.64,305.0,0.164,0.0
"CAMPBELL'S SOUP AT HAND,VELVETY POTATO SOUP",51.0,0.66,6.89,2.3,1.64,285.0,0.328,0.0
"CAMPBELL SOUP COMPANY,PACE,CHIPOTLE CHUNKY SALSA",25.0,0.0,6.25,0.0,6.25,719.0,0.0,0.0
"CAMPBELL SOUP COMPANY,PACE,CILANTRO CHUNKY SALSA",25.0,0.0,6.25,0.0,6.25,844.0,0.0,0.0
"CAMPBELL SOUP COMPANY,PACE,ENCHILADA SAU",40.0,1.67,8.33,0.0,6.67,867.0,0.0,0.0
"CAMPBELL SOUP COMPANY,PACE,GRN TACO SAU",25.0,0.0,6.25,0.0,6.25,625.0,0.0,0.0
"CAMPBELL SOUP COMPANY,PACE,LIME & GARLIC CHUNKY SALSA",38.0,0.0,9.38,0.0,6.25,656.0,0.0,0.0
"CAMPBELL SOUP COMPANY,PACE,ORGANIC PICANTE SAU",25.0,0.0,6.25,0.0,6.25,688.0,0.0,0.0
"CAMPBELL SOUP COMPANY,PACE,PICANTE SAU",25.0,0.0,6.25,0.0,6.25,781.0,,0.0
"CAMPBELL SOUP COMPANY,PACE,RED TACO SAU",50.0,0.0,12.5,0.0,6.25,813.0,0.0,0.0
"CAMPBELL SOUP COMPANY,PACE,THICK & CHUNKY SALSA",25.0,0.0,6.25,0.0,6.25,719.0,0.0,0.0
"CAMPBELL SOUP COMPANY,SWANSON BROTH,CERT ORGANIC VEG BROTH",5.0,0.0,1.28,0.0,0.85,234.0,0.0,0.0
"CAMPBELL SOUP COMPANY,SWANSON BROTH,VEG BROTH",5.0,0.0,1.28,0.0,0.85,400.0,0.0,0.0
"CAMPBELL SOUP COMPANY,HLTHY RQUST STYLE WEDDING SP",45.0,2.45,6.53,1.02,0.41,167.0,0.408,0.0
"SAUCE,CHS SAU MIX,DRY",438.0,7.68,60.52,18.33,10.26,2060.149999999986,8.44,0.0
"SOUP,BF & VEG,CND,RTS",47.0,3.2,6.05,1.08,1.37,301.0,,0.0
"SAUCE,CHS,RTS",174.0,6.71,6.83,13.29,0.42,828.0,6.01,0.0
"SAUCE,PASTA,SPAGHETTI/MARINARA,RTS",49.0,1.41,7.53,1.48,5.5,419.0,0.17,0.0
"CAMPBELL SOUP COMP,PREGO PASTA,TRADITIONAL ITALIAN SAU,RTS",54.0,1.54,10.0,1.15,7.69,369.0,0.0,0.0
"SOUP,CRM OF CHICK,CND,COND,RED NA",58.0,1.8,9.5,1.3,0.39,357.0,0.5,0.0
"SOUP,TOMATO,CND,COND,RED NA",65.0,1.61,13.41,0.56,8.11,22.0,0.155,0.0
"GRAVY,BROWN INST,DRY",380.0,8.53,59.78,11.85,9.23,2060.149999999986,5.866,0.0
"GRAVY,INST BF,DRY",369.0,9.8,61.1,9.48,23.9,2060.149999999986,4.88,0.0
"GRAVY,INST TURKEY,DRY",409.0,11.72,57.56,14.66,7.6,2060.149999999986,4.931,0.0
"SAUCE,ALFREDO MIX,DRY",535.0,15.32,36.52,36.35,5.4,2060.149999999986,13.18,0.0
"SAUCE,PEPPERS,HOT,CHILI,MATURE RED,CND",21.0,0.9,3.9,0.6,2.55,25.0,0.08,0.0
"SAUCE,CHILI,PEPPERS,HOT,IMMAT GRN,CND",20.0,0.7,5.0,0.1,2.55,25.0,0.013,0.0
FISH BROTH,16.0,2.0,0.4,0.6,0.09,318.0,0.133,0.0
"SOUP,TOMATO,LO NA,W/H2O",30.0,0.79,6.57,0.28,3.97,33.0,0.076,0.0
"SOUP,PEA,LO NA,PREP W/ EQ VOLUME H2O",62.0,3.2,9.88,1.09,3.19,10.0,0.524,0.0
"SOUP,CHICK NOODLE,LO NA,CND,PREP W/ EQ VOLUME H2O",25.0,1.27,2.95,0.95,0.27,173.0,0.262,0.0
"SOUP,VEG SOUP,COND,LO NA,PREP W/ EQ VOLUME H2O",33.0,1.1,6.06,0.45,2.15,194.0,0.074,0.0
"SOUP,CRM OF MUSHROOM,LO NA,RTS,CND",53.0,1.0,4.53,3.7,1.72,20.0,1.005,0.0
"POTATO SOUP,INST,DRY MIX",343.0,9.2,76.14,3.1,10.0,612.0,0.613,0.0
"SOUP,CHICK BROTH,LO NA,CND",16.0,2.0,1.2,0.6,0.13,30.0,0.179,0.0
"SAUCE,WORCESTERSHIRE",78.0,0.0,19.46,0.0,10.03,980.0,0.0,0.0
"SAUCE,TOMATO CHILI SAU,BTLD,W/SALT",104.0,2.5,19.79,0.3,10.54,1338.0,0.045,0.0
"SAUCE,TOMATO CHILI SAU,BTLD,NO SALT,LO NA",104.0,2.5,28.73,0.3,8.96,20.0,0.044,0.0
"SOUP,VEG CHICK,CND,PREP W/ H2O,LO NA",69.0,5.1,8.76,2.0,1.42,35.0,0.597,0.0
"SAUCE,BARBECUE,LO NA",150.0,0.0,36.25,0.29,26.06,133.0,0.0,0.0
"SAUCE,PASTA,SPAGHETTI/MARINARA,RTS,LO NA",51.0,1.41,8.06,1.48,5.5,30.0,0.17,0.0
"GRAVY,MEAT OR POULTRY,LO NA,PREP",53.0,3.8,6.16,2.4,0.01,18.0,1.003,0.0
"SOUP,BF & MUSHROOM,LO NA,CHUNK STYLE",69.0,4.3,9.58,2.3,0.84,25.0,1.621,0.0
ADOBO FRESCO,271.0,2.0,18.6,20.9,2.03,2060.149999999986,2.91,0.0
"SOUP,BF STROGANOFF,CND,CHUNKY STYLE,RTS",98.0,5.1,9.0,4.6,1.68,435.0,2.324,0.0
"SOUP,BOUILLON CUBES&GRANULES,LO NA,DRY",438.0,16.7,64.88,13.89,14.47,1067.0,3.433,0.0
"SOUP,RAMEN NOODLE,BF FLAVOR,DRY",436.0,10.29,63.27,15.71,1.78,2002.0,7.965,0.0
"SOUP,RAMEN NOODLE,CHICK FLAVOR,DRY",437.0,10.66,63.57,15.55,1.35,2060.149999999986,7.095,0.0
"SOUP,SWANSON CHICK BROTH 99% FAT FREE",4.0,0.54,0.14,0.17,0.15,409.0,0.0,0.0
"GRAVY,HEINZ HOME STYLE SAVORY BF GRAVY",39.0,1.09,6.24,1.13,0.52,587.0,0.4,0.0
"CAMPBELL SOUP COMPANY,HEALTHY REQUEST,CHICK NOODLE SOUP,COND",48.0,2.38,6.35,1.59,0.79,325.0,0.397,0.0
"CAMPBELL SOUP COMPANY,HEALTHY REQUEST,CRM OF CELERY,COND",56.0,0.81,9.68,1.61,1.61,331.0,0.403,0.0
"CAMPBELL SOUP COMPANY,HEALTHY REQUEST,CRM OF MUSHROOM ,COND",56.0,1.61,8.06,1.61,1.61,331.0,0.403,0.0
"CAMPBELL SOUP,HEALTHY REQUEST,HOMESTYL CHICK NOODLE,COND",48.0,2.38,7.94,1.19,0.79,325.0,0.397,0.0
"CAMPBELL SOUP COMPANY,HEALTHY REQUEST,MINESTRONE SOUP,COND",63.0,2.38,11.9,0.4,3.17,325.0,0.0,0.0
"CAMPBELL SOUP COMPANY,HEALTHY REQUEST,TOMATO SOUP,COND",73.0,1.61,13.71,1.21,8.06,331.0,0.403,0.0
"CAMPBELL SOUP COMPANY,HEALTHY REQUEST,VEG SOUP,COND",79.0,3.17,15.87,0.79,3.97,325.0,0.0,0.0
"CAMPBELL SOUP,PREGO PASTA,CHUNKY GARDEN COMB ITALIAN SAU,RTS",54.0,1.54,10.0,1.15,7.69,362.0,0.0,0.0
"CAMPBELL,PREGO PASTA,CHNKY GRDN TMTO,ON & GRLIC ITAL SAU,RTS",72.0,1.6,10.4,2.4,8.0,376.0,0.0,0.0
"CAMPBELL SOUP COMPANY,CAMPBELL'S BF GRAVY",42.0,1.69,5.08,1.69,1.69,458.0,0.847,0.0
"CAMPBELL SOUP COMPANY,CAMPBELL'S BROWN GRAVY W/ ONIONS",42.0,0.0,6.78,1.69,3.39,559.0,0.0,0.0
"CAMPBELL SOUP COMPANY,CAMPBELL'S CHICK GRAVY",68.0,0.0,5.08,5.08,1.69,441.0,1.695,0.0
"BEERWURST,BEER SALAMI,PORK & BF",277.0,14.0,3.76,22.53,0.0,732.0,8.438,0.0
SAUSAGE  BERLINER  PORK  BF,230.0,15.27,2.59,17.2,2.35,1297.0,6.08,0.0
BLOOD SAUSAGE,379.0,14.6,1.29,34.5,1.29,680.0,13.4,0.0
BOCKWURST  PORK  VEAL  RAW,301.0,14.03,2.95,25.87,1.33,497.0,10.256,0.0
"BOLOGNA,BF",311.0,10.27,3.98,28.19,0.0,1080.0,11.134,0.0
"BOLOGNA,BF & PORK",308.0,15.2,5.49,24.59,4.42,960.0,9.301,0.0
"BOLOGNA,PORK",247.0,15.3,0.73,19.87,0.0,1184.0,6.839,0.0
BOLOGNA  TURKEY,209.0,11.42,4.68,16.05,2.9,1071.0,4.355,0.0
"BRATWURST,PORK,CKD",333.0,13.72,2.85,29.18,0.0,846.0,9.998,0.0
"BRAUNSCHWEIGER (A LIVER SAUSAGE),PORK",327.0,14.5,3.1,28.5,0.0,1160.0,9.307,0.0
"BROTWURST,PORK,BF,LINK",323.0,14.3,2.93,27.8,2.98,1112.0,9.93,0.0
"CHEESEFURTER,CHS SMOKIE,PORK,BF",328.0,14.1,1.37,29.0,1.51,1082.0,10.47,0.0
CHICKEN ROLL  LT MEAT,110.0,16.64,4.66,2.73,0.57,1059.0,0.621,0.0
CHICKEN SPRD,158.0,18.01,4.05,17.56,0.47,722.0,3.23,0.0
"CHORIZO,PORK AND BEEF",455.0,24.1,1.86,38.27,0.0,1235.0,14.38,0.0
"DUTCH BRAND LOAF,CHICK,PORK & BF",273.0,12.0,3.93,22.91,0.9,1055.0,9.043,0.0
"FRANKFURTER,BF,UNHTD",313.0,11.18,3.72,27.8,1.3,1037.0,10.979,0.0
FRANKFURTER  BF & PORK,305.0,11.53,1.72,27.64,0.0,1120.0,10.77,0.0
"FRANKFURTER,CHICK",223.0,15.51,2.74,16.19,0.53,844.0,3.856,0.0
"FRANKFURTER,TURKEY",223.0,12.23,3.81,17.29,1.21,1078.0,4.028,0.0
"HAM,CHOPPED,CANNED",239.0,16.06,0.26,18.83,0.0,1365.0,6.291,0.0
"HAM,SLICED,PREPACKAGED (96% FAT FREE,H2O ADDED)",105.0,16.47,0.59,3.61,1.04,1203.0,1.022,0.0
"HAM,SLICED,REG (APPROX 11% FAT)",163.0,16.6,3.83,8.6,0.0,1304.0,2.936,0.0
"HAM,MINCED",263.0,16.28,1.84,20.68,0.0,1245.0,7.181,0.0
"HEADCHEESE,PORK",157.0,13.83,0.0,10.9,0.0,830.0,3.402,0.0
HONEY LOAF  PORK  BF,125.0,11.12,9.98,4.47,0.17,1320.0,1.449,0.0
"KIELBASA,KOLBASSY,PORK,BF,NONFAT DRY MILK",309.0,12.23,2.81,27.29,1.6,904.0,9.233,0.0
KNACKWURST  KNOCKWURST  PORK  BF,307.0,11.1,3.2,27.7,0.0,930.0,10.21,0.0
LEBANON BOLOGNA  BF,172.0,19.03,0.44,10.44,0.0,1374.0,2.794,0.0
"LUNCHEON MEAT,BEEF,LOAVED",308.0,14.4,2.9,26.2,0.0,1329.0,11.214,0.0
"LUNCHEON MEAT,BF,THIN SLICED",117.0,17.94,2.59,3.4,0.0,1117.0,1.101,0.0
"USDA CMDTY,LUNCHEON MEAT,CND",189.0,17.5,1.04,12.77,0.0,820.0,3.944,0.0
"LUNCHEON MEAT,PORK,CANNED",334.0,12.5,2.1,30.3,0.0,1289.0,10.79,0.0
"TURKEY BREAST,LO SALT,PREPACKAGED OR DELI,LUNCHEON MEAT",116.0,22.81,4.21,0.88,3.51,772.0,0.333,0.0
"LUNCHEON MEAT,PORK,BEEF",353.0,12.59,2.33,32.16,0.0,1293.0,11.59,0.0
"MORTADELLA,BEEF,PORK",311.0,16.37,3.05,25.39,0.0,1246.0,9.51,0.0
"OLIVE LOAF,PORK",235.0,11.8,9.2,16.5,0.0,1484.0,5.85,0.0
"PASTRAMI,TURKEY",133.0,16.3,1.79,6.21,3.34,981.0,1.699,0.0
"PATE,CHICKEN LIVER,CANNED",201.0,13.45,6.55,13.1,0.0,386.0,4.0,0.0
PEPPERED LOAF  PORK  BF,149.0,17.3,4.53,6.37,4.61,1523.0,2.28,0.0
"PEPPERONI,PORK,BEEF",494.0,22.68,0.0,43.98,0.0,1653.0,14.86,0.0
"PICKLE&PIMIENTO LOAF,PORK",225.0,11.23,8.46,15.95,8.46,1304.0,5.287,0.0
"PORK SAUSAGE,FRSH,RAW",304.0,15.09,0.0,26.53,0.0,636.0,8.796,0.0
"PORK SAUSAGE,FRSH,CKD",339.0,19.43,0.0,28.36,0.0,749.0,9.153,0.0
"PORK&BF SAUSAGE,FRSH,CKD",396.0,13.8,2.7,36.25,0.0,805.0,12.96,0.0
"TURKEY SAUSAGE,RED FAT,BROWN&SERVE,CKD",204.0,17.0,10.92,10.3,0.0,617.0,2.871,0.0
POULTRY SALAD SNDWCH SPRD,200.0,11.64,7.41,13.52,0.0,653.0,3.45,0.0
SALAMI  CKD  BF,261.0,12.6,1.9,22.2,1.5,1140.0,9.865,0.0
"SALAMI,CKD,BF&PORK",336.0,21.85,2.4,25.9,0.96,1449.0,9.316,0.0
"SALAMI,COOKED,TURKEY",172.0,19.3,1.55,9.21,1.12,1004.0,2.783,0.0
"SALAMI,DRY OR HARD,PORK,BF",385.0,23.2,3.8,30.05,0.0,2010.0,10.612,0.0
"SANDWICH SPREAD,PORK,BEEF",235.0,7.66,11.94,17.34,0.0,1013.0,5.977,0.0
"SMOKED LINK SAUSAGE,PORK",307.0,11.98,0.18,28.23,0.94,827.0,9.313,0.0
"SAUSAGE,SMOKED LINK SAUSAGE,PORK & BF",320.0,12.0,2.42,28.73,0.0,911.0,9.769,0.0
"SMOKED LINK SAUSAGE,PORK&BF,FLR&NONFAT DRY MILK",268.0,13.97,3.96,21.43,3.0,1272.0,7.789,0.0
"THURINGER,CERVELAT,SMMR SAUSAGE,BF,PORK",362.0,17.45,3.33,30.43,0.85,1300.0,11.51,0.0
TURKEY BREAST MEAT,104.0,17.07,4.21,1.66,3.51,1015.0,0.333,0.0
"TURKEY HAM,CURED TURKEY THIGH MEAT",126.0,17.5,2.04,4.84,1.43,1114.0,1.526,0.0
"TURKEY BREAST,SLICED,PREPACKAGED",99.0,16.3,2.5,2.15,1.23,928.0,0.501,0.0
"TURKEY ROLL,LT&DK MEAT",149.0,18.14,2.12,6.99,0.0,586.0,2.04,0.0
"SAUSAGE,VIENNA,CND,CHICK,BF,PORK",230.0,10.5,2.6,19.4,0.0,969.0,7.125,0.0
"SAUSAGE,ITALIAN,PORK,CKD",344.0,19.12,4.27,27.31,0.86,1207.0,9.655,0.0
"OSCAR MAYER,BOLOGNA (CHICK,PORK,BF)",318.0,10.9,2.4,29.4,1.4,1033.0,10.49,0.0
"OSCAR MAYER,BOLOGNA (BEEF)",316.0,11.05,2.45,29.1,1.4,1179.0,12.85,0.0
"OSCAR MAYER,BOLOGNA (BEEF LIGHT)",200.0,11.75,5.6,14.5,2.3,1151.0,5.82,0.0
"OSCAR MAYER,BOLOGNA (FAT FREE)",79.0,12.6,6.0,0.6,2.2,977.0,0.235,0.0
OSCAR MAYER  BOLOGNA LIGHT (PORK  CHICK  BEEF),202.0,11.5,5.7,14.75,2.6,1117.0,5.62,0.0
OSCAR MAYER. BOLOGNA (WISCONSIN MADE RING),313.0,11.8,2.6,28.4,2.2,827.0,11.14,0.0
"OSCAR MAYER,BRAUNSCHWEIGER LIVER SAUSAGE (SLICED)",331.0,14.25,2.6,29.35,1.2,1159.0,10.94,0.0
"OSCAR MAYER,BRAUNSCHWEIGER LIVER SAUSAGE (SAREN TUBE)",341.0,14.2,2.3,30.6,0.7,1118.0,10.89,0.0
OSCAR MAYER  CHICKEN BREAST (HONEY GLAZED),109.0,19.85,3.95,1.5,4.3,1438.0,0.394,0.0
"OSCAR MAYER,CHICK BREAST (OVEN RSTD,FAT FREE)",85.0,18.3,1.7,0.6,0.9,1242.0,0.17,0.0
OSCAR MAYER  HAM & CHEESE LOAF,234.0,13.85,3.75,18.2,3.3,1167.0,6.561,0.0
"OSCAR MAYER,HAM (CHOPPED W/ NAT JUICE)",180.0,16.3,3.65,11.15,2.2,1249.0,4.056,0.0
OSCAR MAYER  HAM (WATER ADDED  BKD CKD 96% FAT FREE),104.0,16.3,1.83,3.52,1.0,1242.0,0.851,0.0
"OSCAR MAYER,HAM (H2O ,BLD)",104.0,16.6,1.2,3.7,0.3,1348.0,1.247,0.0
"OSCAR MAYER,HAM (H2O ,HONEY)",111.0,16.7,3.1,3.5,3.1,1248.0,1.167,0.0
"OSCAR MAYER,HAM (H2O ,SMOKED,CKD)",99.0,16.6,0.1,3.6,0.1,1214.0,1.222,0.0
"OSCAR MAYER,HAM (40%HAM/WATER PRODUCT,SMOKED,FAT FREE)",72.0,14.6,1.9,0.7,1.1,1084.0,0.221,0.0
"OSCAR MAYER,HEAD CHEESE",185.0,15.7,0.0,13.5,0.0,1073.0,4.299,0.0
"OSCAR MAYER,LIVER CHS,PORK FAT WRAPPED",313.0,15.2,2.6,26.4,1.3,1105.0,9.3,0.0
"OSCAR MAYER,LUNCHEON LOAF (SPICED)",234.0,13.5,7.0,16.9,4.6,1226.0,5.367,0.0
"OSCAR MAYER,OLD FASHIONED LOAF",231.0,13.1,8.0,16.3,4.6,1184.0,5.6,0.0
"OSCAR MAYER,OLIVE LOAF (CHICK,PORK,TURKEY)",263.0,9.9,6.9,21.8,3.2,1318.0,7.02,0.0
"OSCAR MAYER,PICKLE PIMIENTO LOAF (W/CHICK)",269.0,9.6,9.1,21.6,6.9,1275.0,6.99,0.0
"OSCAR MAYER,PORK SAUSAGE LINKS (CKD)",343.0,16.3,1.0,30.5,0.9,836.0,10.69,0.0
"OSCAR MAYER,SALAMI BF COTTO",206.0,14.2,1.9,15.7,1.1,1309.0,6.74,0.0
"OSCAR MAYER,SALAMI COTTO (BF,PORK,CHICK)",245.0,13.4,2.2,20.3,1.5,1095.0,8.47,0.0
"OSCAR MAYER,SALAMI (FOR BEER)",225.0,13.5,1.9,18.2,1.1,1231.0,6.388,0.0
"OSCAR MAYER,SALAMI (GENOA)",388.0,20.7,1.2,33.3,0.2,1826.0,12.04,0.0
"OSCAR MAYER,SALAMI (HARD)",368.0,25.9,1.6,28.7,0.2,1976.0,11.085,0.0
"OSCAR MAYER,SNDWCH SPRD (PORK,CHICK,BF)",237.0,6.5,15.4,16.6,7.9,821.0,5.754,0.0
"OSCAR MAYER,SMOKIE LINKS SAUSAGE",302.0,12.4,1.7,27.3,1.6,1007.0,9.38,0.0
OSCAR MAYER  SMOKIES (BEEF),296.0,12.25,1.95,26.65,1.4,967.0,11.25,0.0
"OSCAR MAYER,SMOKIES (CHS)",303.0,12.9,1.8,27.1,1.5,1046.0,10.16,0.0
"OSCAR MAYER,SMOKIES SAUSAGE LITTLE (PORK,TURKEY)",301.0,12.4,1.8,27.1,1.4,1022.0,9.444,0.0
"OSCAR MAYER,SMOKIES SAUSAGE LITTLE CHS (PORK,TURKEY)",315.0,13.5,1.7,28.2,0.3,1036.0,11.16,0.0
"OSCAR MAYER,SMMR SAUSAGE BF THURINGER CERVELAT",309.0,14.6,1.9,27.0,1.1,1424.0,11.8,0.0
"OSCAR MAYER,SMMR SAUSAGE THURINGER CERVALAT",304.0,14.9,0.9,26.7,0.5,1430.0,10.727,0.0
"OSCAR MAYER,TURKEY BREAST (SMOKED,FAT FREE)",80.0,14.9,3.6,0.6,1.1,1095.0,0.18,0.0
"OSCAR MAYER,WIENERS (PORK,TURKEY)",327.0,10.95,2.7,29.9,1.8,988.0,9.467,0.0
"OSCAR MAYER,WIENERS (BEEF FRANKS)",327.0,11.35,2.35,30.26,1.6,1025.0,12.46,0.0
OSCAR MAYER  WIENERS (BEEF FRANKS  BUN LENGTH),324.0,11.1,2.65,30.1,1.8,1025.0,12.53,0.0
"OSCAR MAYER,WIENERS (BEEF FRANKS,FAT FREE)",78.0,13.2,5.1,0.5,3.8,927.0,0.225,0.0
"OSCAR MAYER,WIENERS (BEEF FRANKS,LIGHT)",193.0,10.7,4.1,14.9,2.1,1079.0,6.32,0.0
"OSCAR MAYER,WIENERS (CHEESE HOT DOGS W/ TURKEY)",318.0,12.0,2.8,28.7,1.8,1143.0,10.025,0.0
"OSCAR MAYER,WIENERS (FAT FREE HOT DOGS)",73.0,12.6,4.3,0.6,2.1,974.0,0.2,0.0
"OSCAR MAYER,WIENERS (LIGHT PORK,TURKEY,BEEF)",194.0,12.1,2.8,14.9,1.5,1036.0,5.199,0.0
"OSCAR MAYER,WIENERS LITTLE (PORK,TURKEY)",311.0,10.9,2.3,28.7,1.6,1039.0,11.15,0.0
"LOUIS RICH,CHICK BREAST CLASSIC BKD /GRILL (CARVING BOARD)",98.0,19.7,3.7,0.5,0.7,1142.0,0.162,0.0
"LOUIS RICH,CHICK BREAST (OVEN RSTD DELUXE)",101.0,18.3,2.5,2.0,1.5,1188.0,0.541,0.0
"LOUIS RICH,CHICK (WHITE,OVEN RSTD)",128.0,17.0,2.3,5.6,1.0,1196.0,1.452,0.0
"LOUIS RICH,FRANKS (TURKEY & CHICK CHEESE)",201.0,12.7,5.1,14.5,1.7,1070.0,5.19,0.0
"LOUIS RICH,FRANKS (TURKEY & CHICKEN)",188.0,11.2,5.3,13.5,1.5,1136.0,3.839,0.0
LOUIS RICH  TURKEY BACON,250.0,15.1,1.7,20.3,1.8,1213.0,5.27,0.0
"LOUIS RICH,TURKEY BOLOGNA",184.0,11.3,4.85,13.2,1.2,1077.0,3.79,0.0
"LOUIS RICH,TURKEY BREAST & WHITE TURKEY (OVEN ROASTED)",99.0,17.1,3.25,2.0,0.8,966.0,0.468,0.0
"LOUIS RICH,TURKEY BREAST&WHITE TURKEY (SMOKED SLICED)",100.0,17.6,2.4,2.3,1.1,919.0,0.63,0.0
"LOUIS RICH,TURKEY (HONEY RSTD,FAT FREE)",102.0,19.3,4.5,0.8,3.9,1180.0,0.234,0.0
"LOUIS RICH,TURKEY BREAST (OVEN RSTD,FAT FREE)",84.0,15.0,4.5,0.7,1.7,1192.0,0.205,0.0
"LOUIS RICH,TURKEY BREAST (OVEN RSTD,PORTION FAT FREE)",90.0,19.1,1.9,0.7,0.4,1177.0,0.207,0.0
"LOUIS RICH,TURKEY BREAST (SMOKED,CARVING BOARD)",94.0,19.7,1.6,1.0,0.3,1201.0,0.3,0.0
"LOUIS RICH,TURKEY BREAST (SMOKED,PORTION FAT FREE)",93.0,19.3,2.2,0.8,0.6,1288.0,0.234,0.0
"LOUIS RICH,TURKEY HAM (10% H2O)",113.0,18.2,0.9,4.1,0.9,1127.0,1.06,0.0
"LOUIS RICH,TURKEY NUGGETS/STICKS (BREADED)",276.0,14.3,15.4,17.5,0.0,679.0,3.39,0.0
"LOUIS RICH,TURKEY SALAMI",147.0,15.3,0.4,9.4,0.4,1004.0,2.783,0.0
"LOUIS RICH,TURKEY SALAMI COTTO",149.0,15.0,0.9,9.5,0.4,1018.0,2.9,0.0
"LOUIS RICH,TURKEY SMOKED SAUSAGE",161.0,14.8,3.15,9.9,2.8,946.0,2.67,0.0
"BUTCHER BOY MEATS,INC.,TURKEY FRANKS",239.0,13.45,4.66,18.17,2.49,1162.0,5.86,0.0
"HORMEL SPAM,LT LUNCH MT,PORK & CHICK,MINCED,CND,VIT C ADDED",191.0,15.23,1.35,13.9,1.26,1032.0,4.49,0.0
HORMEL PILLOW PAK SLICED TURKEY PEPPERONI,243.0,30.99,3.78,11.52,0.0,1858.0,3.7,0.0
HORMEL WRANGLER BEEF FRANKS,290.0,12.58,2.11,25.69,1.67,994.0,10.62,0.0
"TURKEY,PORK,&BF SAUSAGE,LOFAT,SMOKED",101.0,8.0,11.54,2.5,0.0,796.0,0.85,0.0
"FRANKFURTER,BF,PORK,& TURKEY,FAT FREE",109.0,12.5,11.21,1.59,0.0,880.0,0.5,0.0
"LUNCHEON MEAT,PORK,HAM,&CHICK,MINCD,CND,RED NA,VIT C, (SPAM)",293.0,12.5,3.4,25.1,0.0,946.0,8.873,0.0
"LUNCHEON MEAT,PORK W/HAM,MINCED,CND,INCL SPAM (HORMEL)",315.0,13.4,4.6,26.6,0.0,1330.0,9.987,0.0
"LUNCHEON MEAT,PORK&CHICK,MINCED,CND,INCL SPAM LITE",196.0,15.23,1.35,13.9,1.26,1032.0,4.514,0.0
BRATWURST  VEAL  CKD,341.0,13.99,0.0,31.7,0.0,60.0,14.94,0.0
LIVERWURST SPRD,305.0,12.38,5.89,25.45,1.65,700.0,9.925,0.0
ROAST BF SPRD,223.0,15.27,3.73,16.28,0.71,724.0,6.4,0.0
SALAMI  PORK  BF  LESS NA,396.0,15.01,15.38,30.5,6.21,623.0,10.58,0.0
SAUSAGE  ITALIAN  SWT  LINKS,149.0,16.13,2.1,8.42,0.0,570.0,3.257,0.0
SAUSAGE  POLISH  BF W/ CHICK  HOT,259.0,17.6,3.6,19.4,0.0,1540.0,8.01,0.0
SAUSAGE  POLISH  PORK & BF  SMOKED,301.0,12.07,1.98,26.56,0.0,848.0,9.207,0.0
SAUSAGE  PORK & BF  W/ CHEDDAR CHS  SMOKED,296.0,12.89,2.13,25.84,0.11,848.0,9.482,0.0
SAUSAGE  SMMR  PORK & BF  STKS  W/ CHEDDAR CHS,426.0,19.43,1.82,37.91,0.12,1483.0,10.47,0.0
SAUSAGE  TURKEY  BRKFST LINKS  MILD,235.0,15.42,1.56,18.09,0.0,585.0,3.839,0.0
SWISSWURST  PORK & BF  W/ SWISS CHS  SMOKED,307.0,12.69,1.6,27.37,0.0,827.0,,0.0
BACON & BF STKS,517.0,29.1,0.8,44.2,0.8,1420.0,16.0,0.0
BRATWURST  BF & PORK  SMOKED,297.0,12.2,2.0,26.34,0.0,848.0,6.08,0.0
"BRATWURST,CHICK,CKD",176.0,19.44,0.0,10.35,0.0,72.0,,0.0
BRATWURST  PORK  BF & TURKEY  LITE  SMOKED,186.0,14.45,1.62,13.53,1.57,982.0,,0.0
PASTRAMI  BF  98% FAT-FREE,95.0,19.6,1.54,1.16,0.0,1010.0,0.0,0.0
SALAMI  ITALIAN  PORK,425.0,21.7,1.2,37.0,1.2,1890.0,13.1,0.0
SAUSAGE  ITALIAN  TURKEY  SMOKED,158.0,15.05,4.65,8.75,3.2,928.0,3.401,0.0
SAUSAGE  CHICK  BF  PORK  SKINLESS  SMOKED,216.0,13.6,8.1,14.3,1.9,1034.0,4.8,0.0
SAUSAGE  TURKEY  HOT  SMOKED,158.0,15.05,4.65,8.75,3.2,928.0,3.77,0.0
"YACHTWURST,W/ PISTACHIO NUTS,CKD",268.0,14.8,1.4,22.6,0.0,936.0,7.9,0.0
BEERWURST  PORK & BF,276.0,14.0,4.27,22.53,0.0,732.0,8.438,0.0
CHICKEN BREAST  FAT-FREE  MESQ FLAVOR  SLICED,80.0,16.8,2.25,0.39,0.2,1040.0,0.13,0.0
CHICKEN BREAST  OVEN-ROASTED  FAT-FREE  SLICED,79.0,16.79,2.17,0.39,0.1,1087.0,0.13,0.0
"KIELBASA,POLISH,TURKEY & BF,SMOKED",226.0,13.1,3.9,17.6,0.0,1200.0,6.23,0.0
OVEN-ROASTED CHICK BREAST ROLL,134.0,14.59,1.79,7.65,0.43,883.0,2.48,0.0
BOLOGNA  PORK & TURKEY  LITE,211.0,13.06,3.45,16.06,0.0,716.0,5.46,0.0
BOLOGNA  PORK  TURKEY & BF,336.0,11.56,6.66,29.25,1.35,1055.0,11.7,0.0
HAM  HONEY  SMOKED  CKD,122.0,17.93,7.27,2.37,0.0,900.0,1.167,0.0
"FRANKFURTER,PORK",269.0,12.81,0.28,23.68,0.0,816.0,8.719,0.0
MACARONI & CHS LOAF  CHICK  PORK & BF,228.0,11.76,11.63,14.96,0.0,3.0,5.614,0.0
SALAMI  ITALIAN  PORK & BF  DRY  SLICED  50% LESS NA,350.0,21.8,6.4,26.4,0.0,936.0,9.75,0.0
"TURKEY,BREAST,SMOKED,LEMON PEPPER FLAVOR,97% FAT-FREE",95.0,20.9,1.31,0.69,0.0,1160.0,0.22,0.0
TURKEY  WHITE  ROTISSERIE  DELI CUT,112.0,13.5,7.7,3.0,4.0,1200.0,0.118,0.0
FRANKFURTER  BF  HTD,322.0,11.69,2.66,29.36,1.27,852.0,11.593,0.0
"SCRAPPLE,PORK",213.0,8.06,14.06,13.87,0.2,659.0,4.732,0.0
"BOLOGNA,CHICK,TURKEY,PORK",298.0,9.88,5.65,26.18,0.0,922.0,7.99,0.0
"PORK SAUSAGE,PRE-COOKED",378.0,14.49,0.0,35.04,0.0,752.0,11.662,0.0
"BEEF SAUSAGE,PRE-COOKED",405.0,15.5,0.03,37.57,0.0,910.0,15.098,0.0
"TURKEY SAUSAGE,FRSH,RAW",155.0,18.79,0.47,8.08,0.0,593.0,1.963,0.0
"BEEF SAUSAGE,FRSH,CKD",332.0,18.21,0.35,27.98,0.0,652.0,10.905,0.0
"PORK & TURKEY SAUSAGE,PRE-COOKED",342.0,12.05,3.63,30.64,0.0,876.0,9.881,0.0
"TURKEY SAUSAGE,FRSH,CKD",196.0,23.89,0.0,10.44,0.0,665.0,2.266,0.0
"BOLOGNA,CHICK,PORK,BF",272.0,11.33,5.61,22.73,0.0,1120.0,6.997,0.0
"BOLOGNA,CHICK,PORK",336.0,10.31,4.19,30.61,0.0,1240.0,9.863,0.0
"CEREALS RTE,KELLOGG,KELLOGG'S ALL-BRAN ORIGINAL",260.0,13.14,74.24,4.9,15.69,258.0,0.64,0.0
"CEREALS RTE,POST,ALPHA-BITS",385.0,8.1,83.7,3.8,35.5,634.0,0.9,0.0
"CEREALS RTE,KELLOGG,KELLOGG'S APPL JACKS",366.0,5.0,88.2,1.9,44.0,459.0,0.357,0.0
"CEREALS RTE,KELLOGG,KELLOGG'S ALL-BRAN BRAN BUDS",250.0,7.0,80.0,2.15,27.0,676.0,0.4,0.0
"CEREALS RTE,QUAKER,CAP'N CRUNCH",398.0,4.39,85.51,5.12,44.32,754.0,3.346,0.0
"CEREALS RTE,QUAKER,CAP'N CRUNCH W/ CRUNCHBERRIES",397.0,4.45,85.9,4.83,44.2,725.0,3.076,0.0
"CEREALS RTE,QUAKER,CAP'N CRUNCH'S PNUT BUTTER CRUNCH",417.0,7.1,78.65,9.23,33.36,742.0,4.05,0.0
"CEREALS RTE,GENERAL MILLS,CHEERIOS",367.0,11.33,74.68,5.9,4.02,571.0,0.954,0.0
"CEREALS RTE,KELLOGG,KELLOGG'S COCOA KRISPIES",389.0,5.22,86.05,2.9,38.5,424.0,1.99,0.0
"CEREALS RTE,POST,COCOA PEBBLES",397.0,4.7,85.8,4.2,37.2,633.0,3.7,0.0
"CEREALS RTE,GENERAL MILLS,COOKIE CRISP",385.0,3.85,84.62,3.85,38.46,577.0,0.592,0.0
"CEREALS RTE,QUAKER,QUAKER CRUNCHY BRAN",331.0,6.37,83.68,4.06,20.66,868.0,2.03,0.0
"CEREALS RTE,GENERAL MILLS CORN CHEX",387.0,6.45,83.87,1.61,9.68,774.0,0.39,0.0
"CEREALS RTE,KELLOGG,KELLOGG'S CORN FLAKES",365.0,6.61,87.11,0.59,10.5,723.0,0.172,0.0
"CEREALS RTE,CORN FLAKES,LO NA",399.0,7.7,88.8,0.3,6.11,10.0,0.041,0.0
"CEREALS RTE,KELLOGG,KELLOGG'S CRACKLIN' OAT BRAN",402.0,8.0,71.8,13.9,31.5,309.0,6.1,0.0
"CEREALS RTE,RALSTON CRISPY RICE",364.0,6.69,86.22,1.26,7.65,763.0,0.36,0.0
"CEREALS RTE,KELLOGG,KELLOGG'S ALL-BRAN COMPLETE WHEAT FLAKES",318.0,10.0,79.0,2.0,17.0,715.0,0.4,0.0
"CEREALS RTE,BRAN FLAKES,SINGLE BRAND",320.0,9.4,80.4,2.2,18.9,732.0,0.4,0.0
"CEREALS RTE,KELLOGG,KELLOGG'S FROOT LOOPS",372.0,5.0,86.7,3.3,42.7,458.0,1.8,0.0
"CEREALS RTE,KELLOGG'S FRSTD MINI-WHEATS,BIG BITE",343.0,9.0,82.0,1.6,21.0,10.0,0.36,0.0
"CEREALS RTE,KELLOGG,KELLOGG'S FRSTD RICE KRISPIES",382.0,4.3,89.91319999999989,0.4,39.8,371.0,0.1,0.0
"CEREALS RTE,POST,FRUITY PEBBLES",400.0,4.3,86.2,4.0,38.0,630.0,3.6,0.0
"CEREALS RTE,GENERAL MILLS,GOLDEN GRAHAMS",387.0,6.45,83.87,3.23,32.26,774.0,0.323,0.0
"CEREALS RTE,GRANOLA,HOMEMADE",489.0,14.85,53.25,24.06,20.0,25.0,4.058,0.0
"CEREALS RTE,POST,GRAPE-NUTS CRL",359.0,12.48,80.1,1.85,12.61,507.0,0.305,0.0
"CEREALS RTE,POST,GRAPE-NUTS FLAKES",369.0,9.5,81.9,3.7,15.1,431.0,0.5,0.0
"CEREALS RTE,GENERAL MILLS,HONEY NUT CHEERIOS",393.0,7.14,78.57,5.36,32.14,571.0,0.0,0.0
"CEREALS RTE,POST,HONEYCOMB CRL",396.0,6.2,87.4,3.0,32.4,541.0,1.3,0.0
"CEREALS RTE,QUAKER,KING VITAMAN",381.0,6.41,83.85,3.44,20.27,825.0,1.584,0.0
"CEREALS RTE,GENERAL MILLS,KIX",367.0,7.69,82.82,3.46,9.76,633.0,0.576,0.0
"CEREALS RTE,QUAKER,QUAKER OAT LIFE,PLN",374.0,9.97,77.69,4.42,19.43,513.0,0.833,0.0
"CEREALS RTE,GENERAL MILLS,LUCKY CHARMS",407.0,7.41,81.48,3.7,37.04,630.0,0.615,0.0
"CEREALS RTE,POST,100% BRAN CRL",287.0,12.7,78.2,2.1,24.4,417.0,0.3,0.0
"CEREALS RTE,QUAKER,100% NAT GRANOLA,OATS,WHEAT & HONEY",421.0,10.55,73.65,11.62,20.34,50.0,1.265,0.0
"CEREALS RTE,GENERAL MILLS,HONEY NUT CHEX",375.0,6.25,87.5,3.13,28.13,625.0,0.529,0.0
"CEREALS RTE,KELLOGG,KELLOGG'S PRODUCT 19",333.0,7.7,83.0,1.4,13.3,690.0,0.3,0.0
"CEREALS RTE,QUAKER,SWT CRUNCH/QUISP",406.0,4.51,85.03,6.08,43.36,740.0,4.442,0.0
"CEREALS RTE,KELLOGG,KELLOGG'S RAISIN BRAN",314.0,8.59,77.36,2.19,29.9,425.0,0.353,0.0
"CEREALS RTE,POST RAISIN BRAN CRL",320.0,8.0,78.1,1.7,32.1,424.0,0.314,0.0
"CEREALS RTE,GENERAL MILLS,RICE CHEX",370.0,7.41,85.19,1.0,7.41,889.0,0.22,0.0
"CEREALS RTE,KELLOGG,KELLOGG'S RICE KRISPIES",381.0,6.84,85.24,0.96,10.9,561.0,0.216,0.0
"CEREALS RTE,QUAKER,QUAKER PUFFED RICE",383.0,7.01,87.78,0.9,0.0,5.0,0.325,0.0
"CEREALS RTE,KELLOGG,KELLOGG'S SPL K",365.0,18.3,74.1,1.6,12.1,658.0,0.4,0.0
"CEREALS RTE,KELLOGG,KELLOGG'S CORN POPS",389.0,4.6,89.91319999999989,1.3,32.1,387.0,0.4,0.0
"CEREALS RTE,KELLOGG,KELLOGG'S FRSTD FLAKES",367.0,4.34,89.91319999999989,0.26,38.72,462.0,0.069,0.0
"CEREALS RTE,KELLOGG,KELLOGG'S HONEY SMACKS",386.0,6.4,89.0,1.8,56.0,186.0,0.3,0.0
"CEREALS RTE,POST,GOLDEN CRISP",390.0,5.8,89.91319999999989,1.3,50.9,94.0,0.2,0.0
"CEREALS RTE,RALSTON TASTEEOS",398.0,11.83,74.22,5.97,4.64,853.0,1.023,0.0
"CEREALS RTE,POST TOASTIES CORN FLAKES",360.0,6.7,86.7,0.1,6.5,714.0,0.0,0.0
"CEREALS RTE,GENERAL MILLS,WHL GRAIN TOTAL",333.0,6.67,76.67,1.67,16.67,633.0,0.406,0.0
"CEREALS RTE,GENERAL MILLS,TRIX",375.0,3.13,84.38,4.69,31.25,563.0,0.67,0.0
"CEREALS RTE,POST,HONEY NUT SHREDDED WHEAT",374.0,8.4,83.6,2.9,20.7,102.0,0.4,0.0
"CEREALS RTE,GENERAL MILLS,WHEAT CHEX",340.0,10.64,82.98,2.13,10.64,638.0,0.328,0.0
"CEREALS RTE,MALT-O-MEAL,CORN BURSTS",394.0,4.0,89.91319999999989,0.34,43.6,871.0,0.165,0.0
"CEREALS RTE,WHEAT GERM,TSTD,PLN",382.0,29.1,49.6,10.7,7.8,4.0,1.83,0.0
"CEREALS RTE,QUAKER,KRETSCHMER HONEY CRUNCH WHEAT GERM",372.0,26.55,58.11,7.78,24.85,11.0,1.36,0.0
"CEREALS RTE,GENERAL MILLS,FRENCH TOAST CRUNCH",438.0,6.25,77.55,10.94,34.38,719.0,0.592,0.0
"CEREALS RTE,GENERAL MILLS,MULTI-GRAIN CHEERIOS",379.0,6.9,79.31,3.45,20.69,552.0,0.531,0.0
"CEREALS RTE,GENERAL MILLS,WHEATIES",370.0,9.4,82.6,1.8,13.5,704.0,0.5,0.0
"CEREALS,CORN GRITS,WHITE,REG & QUICK,ENR,DRY",370.0,7.65,79.09,1.75,0.57,1.0,0.34,0.0
"CEREALS,CORN GRITS,WHITE,REG & QUICK,ENR,CKD W/ H2O,WO/ SALT",71.0,1.71,14.76,0.46,0.12,2.0,0.066,0.0
"CEREALS,QUAKER,CORN GRITS,INST,PLN,DRY",359.0,7.31,76.02,2.14,1.51,1050.0,0.362,0.0
"CEREALS,QUAKER,CORN GRITS,INST,PLN,PREP,WO/ SALT",76.0,1.58,15.95,0.49,0.1,188.0,0.076,0.0
"CEREALS,QUAKER,CORN GRITS,INST,CHEDDAR CHS FLAVOR,DRY",366.0,8.37,73.08,5.97,2.13,1679.0,1.76,0.0
"CEREALS,QUAKER,CORN GRITS,INST,W/IMITN BACON BITS,DRY",349.0,9.85,77.35,1.65,0.27,1219.0,0.24,0.0
"CEREALS,CRM OF RICE,DRY",370.0,6.3,82.4,0.5,0.12,6.0,0.136,0.0
"CEREALS,CRM OF RICE,CKD W/H2O,WO/SALT",52.0,0.9,11.4,0.1,0.02,1.0,0.027,0.0
"CEREALS,CRM OF WHEAT,REG,10 MINUTE COOKING,DRY",370.0,10.5,76.5,1.5,0.2,7.0,0.238,0.0
"CEREALS,CRM OF WHEAT,REG (10 MINUTE),CKD W/ H2O,WO/ SALT",50.0,1.44,10.52,0.21,0.03,6.0,0.033,0.0
"CEREALS,FARINA,ENR,ASSORTED BRANDS,DRY",360.0,11.6,73.19,1.41,0.56,124.0,0.232,0.0
"CEREALS,FARINA,ENR,ASSORTED BRANDS,QUICK,CKD W/ H2O,WO/ SALT",55.0,1.82,10.92,0.34,0.76,18.0,0.066,0.0
"CEREALS,CREAM OF WHEAT,INST,DRY",366.0,10.6,75.5,1.4,0.4,15.0,0.222,0.0
"CEREALS,CREAM OF WHEAT,INST,PREP W/ H2O,WO/ SALT",62.0,1.84,13.08,0.24,0.07,4.0,0.038,0.0
"CEREALS,FARINA,ENR,CKD W/ H2O,WO/ SALT",53.0,1.82,10.92,0.34,0.76,18.0,0.066,0.0
"CEREALS,MALTEX,DRY",352.0,11.2,77.3,2.1,0.66,17.0,0.321,0.0
"CEREALS,MALTEX,CKD W/ H2O,WO/ SALT",76.0,2.29,15.81,0.43,0.13,5.0,0.069,0.0
"CEREALS,MALT-O-MEAL,PLN,DRY",361.0,11.8,75.6,1.27,1.1,10.0,0.299,0.0
"CEREALS,MAYPO,DRY",385.0,13.2,72.0,5.3,34.05,19.0,0.686,0.0
"CEREALS,MAYPO,CKD W/ H2O,WO/ SALT",71.0,2.4,13.3,1.0,6.26,4.0,0.175,0.0
"CEREALS,OATS,REG & QUICK,NOT FORT,DRY",379.0,13.15,67.7,6.52,0.99,6.0,1.11,0.0
"CEREALS,OATS,REG & QUICK,UNENR,CKD W/ H2O,WO/ SALT",71.0,2.54,12.0,1.52,0.27,4.0,0.31,0.0
"CEREALS,OATS,INST,FORT,PLN,DRY",375.0,12.72,67.55,6.25,1.51,278.0,1.537,0.0
"CEREALS,OATS,INST,FORT,PLN,PREP W/ H2O",68.0,2.37,11.67,1.36,0.46,49.0,0.267,0.0
"CEREALS,QUAKER,INST OATMEAL,APPLS & CINN,DRY",365.0,8.93,75.96,4.78,25.91,453.0,0.894,0.0
"CEREALS,OATS,INST,FORT,W/ CINN & SPICE,DRY",370.0,8.59,76.97,4.67,33.7,482.0,0.808,0.0
"CEREALS,OATS,INST,FORT,W/ CINN & SPICE,PREP W/ H2O",107.0,2.4,21.52,1.31,9.42,135.0,0.226,0.0
"CEREALS,QUAKER,INST OATMEAL,MAPLE & BROWN SUGAR,DRY",365.0,9.92,73.28,5.36,21.44,599.0,0.999,0.0
"CEREALS,OATS,INST,FORT,W/ RAISINS & SPICE,DRY",360.0,7.76,76.31,4.27,36.31,485.0,0.8,0.0
"CEREALS,OATS,INST,FORT,W/ RAISINS & SPICE,PREP W/ H2O",100.0,2.07,20.32,1.14,9.67,151.0,0.198,0.0
"CEREALS RTE,MALT-O-MEAL,MARSHMLLW MATEYS",394.0,7.2,83.3,3.6,42.8,667.0,0.719,0.0
"CEREALS RTE,POST,OREO O'S CRL",415.0,4.8,81.9,8.8,47.0,475.0,1.6,0.0
"CEREALS,WHEATENA,DRY",357.0,13.1,75.6,2.9,1.6,13.0,0.43,0.0
"CEREALS,WHL WHEAT HOT NAT CRL,DRY",342.0,11.2,75.2,2.0,0.42,2.0,0.3,0.0
"CEREALS,WHL WHEAT HOT NAT CRL,CKD W/ H2O,WO/ SALT",62.0,2.0,13.7,0.4,0.08,0.0,0.06,0.0
"CEREALS RTE,QUAKER,QUAKER PUFFED WHEAT",366.0,16.26,76.39,2.15,1.37,5.0,0.413,0.0
"CEREALS RTE,WHEAT,SHREDDED,PLN,SUGAR & SALT FREE",337.0,11.37,78.76,2.21,0.94,6.0,0.45,0.0
"CEREALS RTE,POST,SHREDDED WHEAT,SPOON-SIZE",351.0,11.8,81.4,2.1,0.9,2.0,0.4,0.0
"CEREALS,CORN GRITS,WHITE,REG & QUICK,UNENR,DRY",371.0,8.8,79.6,1.2,0.64,1.0,0.155,0.0
"CEREALS,CORN GRITS,YEL,REG & QUICK,ENR,DRY",368.0,6.72,79.91,1.49,0.55,2.0,0.29,0.0
"CEREALS,CORN GRITS,YEL,REG & QUICK,UNENR,DRY",371.0,8.8,79.6,1.2,0.64,1.0,0.155,0.0
"CEREALS,CORN GRITS,WHITE,REG & QUICK,ENR,CKD W/ H2O,W/ SALT",71.0,1.71,14.76,0.46,0.12,223.0,0.066,0.0
"CEREALS,CORN GRITS,WHITE,REG & QCK,UNENR,CKD W/ H2O,WO/ SALT",59.0,1.42,12.87,0.19,0.1,2.0,0.025,0.0
"CEREALS,CORN GRITS,YEL,REG & QUICK,ENR,CKD W/ H2O,WO/ SALT",65.0,1.23,13.86,0.39,0.09,2.0,0.06,0.0
"CEREALS,CORN GRITS,YEL,REG,QUICK,ENR,CKD W/ H2O,W/ SALT",65.0,1.23,13.86,0.39,0.09,223.0,0.06,0.0
"CEREALS,CORN GRITS,YEL,REG & QUICK,UNENR,CKD W/ H2O,WO/ SALT",59.0,1.42,12.87,0.19,0.1,2.0,0.025,0.0
"CEREALS,CORN GRITS,YEL,REG,QUICK,UNENR,CKD W/ H2O,W/ SALT",59.0,1.42,12.87,0.19,0.1,223.0,0.025,0.0
"CEREALS,CREAM OF RICE,CKD W/ H2O,W/ SALT",52.0,0.9,11.5,0.1,0.02,173.0,0.02,0.0
"CEREALS,CRM OF WHEAT,REG (10 MINUTE),CKD W/ H2O,W/ SALT",50.0,1.46,10.66,0.21,0.03,129.0,0.033,0.0
"CEREALS,CRM OF WHEAT,INST,PREP W/ H2O,W/ SALT,(WHEAT)",62.0,1.84,13.08,0.24,0.07,151.0,0.038,0.0
"CEREALS,FARINA,ENR,CKD W/ H2O,W/ SALT",53.0,1.82,10.92,0.34,0.76,126.0,0.066,0.0
"CEREALS,MALTEX,CKD W/ H2O,W/ SALT",76.0,2.29,15.81,0.43,0.13,76.0,0.061,0.0
"CEREALS,MALT-O-MEAL,CHOC,DRY",374.0,10.6,79.9,1.31,24.4,10.0,0.462,0.0
"CEREALS,MAYPO,CKD W/ H2O,W/ SALT",71.0,2.43,13.23,0.97,6.26,108.0,0.185,0.0
"CEREALS,OATS,REG & QUICK & INST,UNENR,CKD W/ H2O,W/ SALT",71.0,2.54,12.0,1.52,0.27,71.0,0.31,0.0
"CEREALS,WHEATENA,CKD W/ H2O,W/ SALT",59.0,2.03,11.74,0.45,0.25,238.0,0.091,0.0
"CEREALS,WHL WHEAT HOT NAT CRL,CKD W/ H2O,W/ SALT",62.0,2.0,13.7,0.4,0.08,233.0,0.06,0.0
"CEREALS RTE,KELLOGG,KELLOGG'S LOFAT GRANOLA WO/ RAISINS",387.0,8.0,81.5,5.2,28.0,219.0,1.3,0.0
"CEREALS RTE,GENERAL MILLS,OATMEAL CRISP,APPL CINN",382.0,7.27,84.0,3.64,34.55,491.0,0.91,0.0
"CEREALS RTE,POST,SHREDDED WHEAT,LIGHTLY FRSTD,SPOON-SIZE",352.0,7.8,83.8,1.9,22.3,19.0,0.3,0.0
"CEREALS RTE,POST BLUEBERRY MORNING",396.0,6.4,81.6,5.3,30.0,374.0,0.6,0.0
"CEREALS RTE,GENERAL MILLS,REESE'S PUFFS",433.0,6.9,75.86,10.34,34.48,586.0,1.67,0.0
"CEREALS,QUAKER,QUAKER MULTIGRAIN OATMEAL,DRY",333.0,11.3,73.44,2.58,0.6,3.0,0.52,0.0
"CEREALS RTE,GENERAL MILLS,OATMEAL CRISP,CRUNCHY ALMOND",393.0,9.8,78.9,6.7,26.8,207.0,1.1,0.0
"CEREALS RTE,CHOCOLATE-FLAVORED FRSTD PUFFED CORN",405.0,3.34,87.2,3.5,47.0,670.0,0.961,0.0
"CEREALS RTE,MALT-O-MEAL,COCO-ROOS",396.0,3.7,89.5,2.6,46.5,450.0,0.464,0.0
"CEREALS RTE,QUAKER,QUAKER OAT CINN LIFE",373.0,9.01,79.16,4.05,26.06,479.0,0.763,0.0
"CEREALS RTE,QUAKER,HONEY GRAHAM OH!S",412.0,4.01,83.69,7.48,43.4,612.0,5.575,0.0
"CEREALS RTE,QUAKER,SUN COUNTRY GRANOLA W/ ALMONDS",467.0,11.77,67.2,18.02,20.42,33.0,2.22,0.0
"CEREALS RTE,QUAKER,QUAKER OATMEAL SQUARES",379.0,11.38,77.77,4.83,16.62,345.0,0.873,0.0
"CEREALS RTE,QUAKER,QUAKER CINN OATMEAL SQUARES",379.0,11.22,78.07,4.89,16.6,341.0,0.881,0.0
"CEREALS RTE,QUAKER,QUAKER OAT BRAN CRL",372.0,12.38,74.89,5.11,16.34,364.0,0.91,0.0
"CEREALS READY TO EAT,CHARACTER CEREALS (MOVIES,TV),BRAND A",389.0,6.13,85.9,2.33,39.25,648.0,0.525,0.0
"CEREALS RTE,QUAKER,QUAKER GRANOLA W/ OATS,WHEAT& RAISINS",412.0,9.66,74.67,10.38,24.63,54.0,1.146,0.0
"CEREALS RTE,QUAKER,QUAKER TSTD OATMEAL CRL,HONEY NUT",384.0,9.01,81.24,4.07,25.03,465.0,1.245,0.0
"CEREALS RTE,QUAKER,LOFAT 100% NAT GRANOLA W/ RAISINS",388.0,8.42,80.57,5.52,25.65,234.0,0.97,0.0
"CEREALS,QUAKER,CORN GRITS,INST,BUTTER FLAVOR,DRY",366.0,8.09,75.04,5.51,0.87,1310.0,2.44,0.0
"CEREALS READY TO EAT,CHARACTER CEREALS (MOVIES,TV),BRAND B",388.0,3.33,89.91319999999989,1.67,46.67,533.0,0.0,0.0
"CEREALS,QUAKER,INST OATMEAL,FRUIT & CRM VAR,DRY",379.0,8.3,75.42,6.37,31.27,499.0,1.308,0.0
"CEREALS,QUAKER,INST OATMEAL,RAISINS,DATES & WALNUTS,DRY",371.0,8.82,72.41,6.98,30.85,516.0,1.07,0.0
"CEREALS,QUAKER,FARINA,CREAMY WHEAT,ENR,DRY",349.0,10.82,76.13,0.95,0.3,2.0,0.24,0.0
"CEREALS,QUAKER,OAT BRAN,QUAKER/MOTHER'S OAT BRAN,DRY",364.0,17.03,62.94,7.97,1.43,5.0,1.43,0.0
"CEREALS,QUAKER,SCOTCH BARLEY,REG&QUICK,DRY",346.0,10.74,76.38,2.24,0.66,7.0,0.47,0.0
"CEREALS RTE,GENERAL MILLS,BERRY BURST CHEERIOS,TRIPLE BERRY",370.0,7.41,81.48,4.0,25.93,630.0,0.0,0.0
"CEREALS RTE,JUST RIGHT W/ CRUNCHY NUGGETS",371.0,7.7,83.7,2.7,21.2,614.0,0.2,0.0
"CEREALS RTE,GENERAL MILLS,HONEY NUT CLUSTERS",368.0,7.02,84.21,1.75,24.56,509.0,0.221,0.0
"CEREALS RTE,GENERAL MILLS,FIBER ONE BRAN CRL",200.0,6.67,83.33,3.33,0.0,350.0,0.379,0.0
"CEREALS RTE,GENERAL MILLS,OATMEAL CRISP HEARTY RAISIN",387.0,8.06,82.26,4.03,32.26,194.0,0.804,0.0
"CEREALS RTE,GENERAL MILLS,TOTAL CORN FLAKES",373.0,6.05,85.55,1.61,11.0,698.0,0.4,0.0
"CEREALS RTE,GENERAL MILLS,TOTAL RAISIN BRAN",302.0,5.66,76.36,1.89,32.08,434.0,0.297,0.0
"CEREALS RTE,KELLOGG,KELLOGG'S ALL-BRAN W/ EX FIBER",192.0,11.3,77.0,3.5,0.37,475.0,0.6,0.0
"CEREALS RTE,APPL CINN SQUARES MINI-WHEATS",331.0,7.2,80.1,1.8,21.2,36.0,0.4,0.0
"CEREALS RTE,KELLOGG,KELLOGG'S COMPLETE OAT BRAN FLAKES",350.0,11.0,77.0,3.5,20.0,699.0,0.8,0.0
"CEREALS RTE,KELLOGG,KELLOGG'S CRISPIX",370.0,6.7,85.7,0.5,12.1,751.0,0.1,0.0
"CEREALS RTE,GENERAL MILLS,RAISIN NUT BRAN",367.0,6.12,79.59,6.12,28.57,469.0,1.02,0.0
"CEREALS RTE,GENERAL MILLS,BASIC 4",364.0,7.27,80.0,3.64,23.64,527.0,0.807,0.0
"CEREALS RTE,GENERAL MILLS,APPL CINN CHEERIOS",400.0,6.67,80.0,5.0,33.33,383.0,0.579,0.0
"CEREALS RTE,GENERAL MILLS,FRSTD CHEERIOS",393.0,7.14,82.14,3.57,35.71,607.0,0.562,0.0
"CEREALS RTE,GENERAL MILLS,FRANKENBERRY",394.0,6.06,84.85,4.55,30.3,576.0,0.592,0.0
"CEREALS RTE,GENERAL MILLS,COUNT CHOCULA",370.0,3.7,85.19,5.56,37.04,593.0,0.692,0.0
"CEREALS RTE,GENERAL MILLS,COCOA PUFFS",370.0,3.7,85.19,5.56,37.04,556.0,1.4,0.0
"CEREALS RTE,GENERAL MILLS,CINN TOAST CRUNCH",414.0,5.27,79.73,9.38,33.15,701.0,1.422,0.0
"CEREALS RTE,GENERAL MILLS,BOO BERRY",394.0,6.06,84.85,4.55,30.3,576.0,0.4,0.0
"CEREALS RTE,GENERAL MILLS,BERRY BERRY KIX",364.0,6.06,84.85,4.55,21.21,515.0,0.567,0.0
"CEREALS RTE,GENERAL MILLS,NATURE VALLEY LOFAT FRUIT GRANOLA",386.0,8.0,80.0,4.6,33.41,376.0,0.85,0.0
"CEREALS RTE,GENERAL MILLS,KABOOM",400.0,3.33,87.26,3.33,20.0,633.0,0.452,0.0
"CEREALS RTE,KELLOGG,KELLOGG'S JUST RIGHT FRUIT & NUT",366.0,7.0,81.7,3.3,25.0,459.0,0.5,0.0
"CEREALS RTE,KELLOGG,KELLOGG'S LOFAT GRANOLA W/ RAISINS",377.0,8.7,79.3,5.1,27.7,240.0,1.4,0.0
"CEREALS RTE,KELLOGG,KELLOGG'S MUESLIX",357.0,9.1,73.0,5.5,31.0,309.0,0.8,0.0
"CEREALS RTE,KELLOGG,KELLOGG'S RICE KRISPIES TREATS CRL",399.0,4.8,84.7,4.6,31.0,554.0,0.9,0.0
"CEREALS RTE,HEALTH VALLEY,FIBER 7 FLAKES",353.0,14.44,78.15,1.41,1.86,53.0,0.261,0.0
"CEREALS RTE,QUAKER,QUAKER APPL ZAPS",393.0,3.68,88.74,3.45,46.99,449.0,0.87,0.0
"CEREALS RTE,QUAKER,QUAKER COCOA BLASTS",394.0,3.67,88.7,3.54,48.29,409.0,0.95,0.0
"CEREALS RTE,QUAKER,QUAKER FRUITANGY OH!S",392.0,4.87,87.21,3.5,43.25,491.0,0.92,0.0
"CEREALS RTE,QUAKER,QUAKER MARSHMLLW SAFARI",396.0,5.79,84.27,5.02,47.27,640.0,1.25,0.0
"CEREALS RTE,QUAKER,QUAKER SWT PUFFS",391.0,6.76,87.99,1.93,47.47,236.0,0.36,0.0
"CEREALS RTE,OAT,CORN&WHEAT SQUARES,PRESWEETENED,MAPLE FLAV",430.0,6.0,79.9,9.8,35.45,432.0,1.4,0.0
"CEREALS RTE,KELLOGG,KELLOGG'S HONEY CRUNCH CORN FLAKES",385.0,6.8,87.0,1.9,33.0,700.0,0.3,0.0
"CEREALS,QUAKER,HOMINY GRITS,WHITE,QUICK,DRY",347.0,8.53,79.16,1.36,1.0,2.0,0.26,0.0
"CEREALS,QUAKER,HOMINY GRITS,YEL,QUICK,DRY",337.0,8.26,77.76,1.66,1.08,2.0,0.45,0.0
"CEREALS,QUAKER,HOMINY GRITS,WHITE,REG,DRY",347.0,8.53,79.16,1.36,1.0,2.0,0.26,0.0
"CEREALS,QUAKER,FARINA,ENR CINN FLAVOR,DRY",346.0,12.11,74.54,0.79,0.29,3.0,0.28,0.0
"CEREALS RTE,KELLOGG,KELLOGG'S SMART START ANTIOXIDANTS CRL",365.0,7.0,86.0,1.41,28.0,550.0,0.27,0.0
"CEREALS RTE,KELLOGG'S FRSTD MINI-WHEATS,BITE SZE & LTL BITES",346.0,9.55,82.25,1.65,20.55,5.0,0.33,0.0
"CEREALS RTE,GENERAL MILLS,MULTI-BRAN CHEX",340.0,8.51,82.98,3.19,21.28,574.0,0.716,0.0
"CEREALS RTE,MALT-O-MEAL,COLOSSAL CRUNCH",415.0,4.2,86.6,5.48,40.65,766.0,0.88,0.0
"CEREALS RTE,MALT-O-MEAL,BERRY COLOSSAL CRUNCH",412.0,4.89,85.9,5.44,41.3,733.0,0.091,0.0
"CEREALS RTE,MALT-O-MEAL,CRISPY RICE",381.0,6.3,86.4,1.13,9.0,909.0,0.465,0.0
"CEREALS RTE,MALT-O-MEAL,TOOTIE FRUITIES",401.0,5.0,87.9,3.29,45.7,464.0,0.687,0.0
"CEREALS RTE,MALT-O-MEAL,TOASTY O'S",404.0,13.1,74.6,5.92,3.9,897.0,1.23,0.0
"CEREALS RTE,QUAKER,MOTHER'S PNUT BUTTER BUMPERS CRL",403.0,8.28,78.27,7.34,29.51,774.0,1.44,0.0
"CEREALS RTE,QUAKER,MOTHER'S TSTD OAT BRAN CRL,BROWN SUGAR",373.0,11.9,74.92,5.17,15.5,632.0,0.89,0.0
"CEREALS RTE,QUAKER,MOTHER'S CINN OAT CRUNCH",380.0,10.49,79.21,4.64,25.07,419.0,0.79,0.0
"CEREALS RTE,QUAKER,MOTHER'S GROOVY GRAHAMS",372.0,5.44,86.38,1.63,44.82,823.0,0.28,0.0
"CEREALS RTE,QUAKER,MOTHER'S COCOA BUMPERS",376.0,5.08,87.64,1.74,41.84,473.0,0.31,0.0
"CEREALS RTE,QUAKER,HONEY GRAHAM BAGGED CRL",395.0,5.6,83.64,5.24,38.37,825.0,1.31,0.0
"CEREALS RTE,QUAKER,TSTD OATS/OATMMM'S",380.0,9.23,77.91,5.1,7.99,953.0,0.91,0.0
"CEREALS RTE,QUAKER,SHREDDED WHEAT,BAGGED CRL",348.0,11.24,81.01,2.01,0.81,4.0,0.405,0.0
"CEREALS RTE,GENERAL MILLS,RICE CRUNCHINS",381.0,4.76,80.95,2.38,9.52,238.0,0.0,0.0
"CEREALS RTE,KELLOGG,KELLOGG'S MARSHMLLW FROOT LOOPS",374.0,4.5,87.9,2.9,50.7,383.0,1.3,0.0
"CEREALS RTE,KELLOGG,KELLOGG'S,RAISIN BRAN CRUNCH",354.0,6.1,84.9,1.9,37.7,394.0,0.4,0.0
"CEREALS RTE,KELLOGG,KELLOGG'S SPL K RED BERRIES",359.0,6.2,86.3,1.2,30.4,613.0,0.2,0.0
"CEREALS RTE,KELLOGG,KELLOGG'S MINI-WHEATS,UNFROSTED BITE SZE",339.0,11.0,80.0,2.1,2.0,13.0,0.4,0.0
"CEREALS RTE,KASHI GOLEAN CRUNCH!",373.0,18.3,69.0,5.7,23.0,190.0,0.46,0.0
"CEREALS RTE,KASHI HEART TO HEART,HONEY TSTD OAT",357.0,12.0,76.4,4.9,17.7,253.0,0.9,0.0
"CEREALS RTE,KASHI 7 WHL GRAIN PUFFS",336.0,13.0,79.4,2.5,3.2,10.0,0.509,0.0
"CEREALS RTE,KASHI 7 WHL GRAIN HONEY PUFFS",349.0,10.0,79.0,1.8,21.8,8.0,0.359,0.0
"CEREALS RTE,KASHI GOOD FRIENDS",299.0,9.4,79.3,3.2,18.8,204.0,0.5,0.0
"CEREALS RTE,KASHI GOLEAN",284.0,26.1,58.0,1.9,12.0,165.0,0.4,0.0
"CEREALS RTE,QUAKER,MOTHER'S HONEY ROUNDUP",382.0,5.44,87.77,2.0,35.68,587.0,0.38,0.0
"CEREALS RTE,QUAKER,HONEY NUT OATS",385.0,6.04,84.53,3.65,38.64,805.0,0.63,0.0
"CEREALS RTE,CRANBERRY MACADAMIA NUT CRL",408.0,6.64,76.98,9.82,28.73,418.0,1.65,0.0
"CEREALS,QUAKER,QUICK OATS,DRY",371.0,13.7,68.18,6.87,1.42,3.0,1.11,0.0
"CEREALS RTE,MALT-O-MEAL,FRSTD FLAKES",387.0,5.0,89.91319999999989,0.4,37.4,573.0,0.13,0.0
"CEREALS,QUAKER,INST OATMEAL,CINNAMON-SPICE,DRY",366.0,10.03,73.49,5.46,20.06,493.0,1.026,0.0
"CERLS,QUKR,INST OTML,DNSR EGS W/ ""DNSR BNS"",BRN SGR CINN,DRY",389.0,7.67,75.85,7.47,39.0,523.0,3.501,0.0
"CEREALS,QUAKER,INST OATMEAL EXPRESS,GOLDEN BROWN SUGAR,DRY",372.0,8.5,77.01,4.78,32.45,538.0,0.883,0.0
"CEREALS,QUAKER,INST OATMEAL,BANANA BREAD,DRY",368.0,8.85,75.86,4.75,30.47,700.0,0.785,0.0
"CEREALS,QUAKER,INST OATMEAL EXPRESS,BKD APPL,DRY",367.0,8.08,77.43,4.62,34.58,590.0,0.835,0.0
"CEREALS,QUAKER,INST OATMEAL EXPRESS CINN ROLL,DRY",371.0,8.84,76.34,5.05,30.91,457.0,0.92,0.0
"CEREALS RTE,UNCLE SAM CRL",431.0,15.98,65.78,11.6,1.56,206.0,1.32,0.0
"CEREALS,QUAKER,INST OATMEAL,RAISIN & SPICE,DRY",360.0,8.29,75.31,4.56,33.5,485.0,0.858,0.0
"CERLS,QUKR,INST GRIT PRDCT W/ IMITN BACN BIT&CHDR FLVR,DRY",363.0,10.29,72.49,5.35,2.27,1557.0,1.2,0.0
"CEREALS,QUAKER,INST GRITS PRODUCT W/ AMERICAN CHS FLAVOR,DRY",364.0,8.9,75.15,4.67,2.01,1518.0,1.08,0.0
"CEREALS,QUAKER,QUICK OATS W/ IRON,DRY",371.0,13.7,68.18,6.87,1.42,3.0,0.96,0.0
"CEREALS,QUAKER,WHL WHEAT NAT CRL",333.0,11.8,74.8,2.0,2.0,8.0,0.419,0.0
"CEREALS RTE,KELLOGG'S,FRUIT HARVEST STRAWBERRY/BLUEBERRY",368.0,6.0,87.0,1.2,34.0,472.0,0.3,0.0
"CEREALS RTE,KELLG'S,FRSTD MINI-WHTS,MPLE & BRWN SGR,BTE SZE",356.0,8.0,82.0,1.5,24.0,1.0,0.3,0.0
"CEREALS RTE,KASHI,GOOD FRIENDS,CINNA-RAISIN CRUNCH",317.0,7.6,80.3,3.0,25.6,233.0,0.4,0.0
"CEREALS RTE,KASHI,ORGANIC PROMISE AUTUMN WHEAT",338.0,12.0,79.0,1.4,12.4,3.0,0.3,0.0
"CEREALS RTE,KASHI ORGANIC PROMISE,STRAWBERRY FIELDS",369.0,7.8,87.1,0.43,29.3,625.0,0.0,0.0
"CEREALS RTE,KELLOGG'S,RED SUGAR FRSTD FLAKES CRL",379.0,6.0,89.0,0.3,24.2,570.0,0.0,0.0
"CEREALS RTE,KELLOGG'S,SPL K PROT PLUS",349.0,33.7,47.8,9.7,6.7,380.0,2.0,0.0
"CEREALS RTE,MALT-O-MEAL,HONEY BUZZERS",395.0,6.3,87.6,2.14,37.4,759.0,0.65,0.0
"CEREALS RTE,MALT-O-MEAL,GOLDEN PUFFS",397.0,5.77,89.72,0.89,51.34,241.0,0.161,0.0
"CEREALS RTE,MALT-O-MEAL HONEY GRAHAM SQUARES",433.0,3.33,80.33,10.0,33.33,900.0,1.667,0.0
"CEREALS RTE,MALT-O-MEAL,PUFFED WHEAT CRL",396.0,15.6,78.8,2.03,1.1,10.0,0.442,0.0
"CEREALS RTE,MALT-O-MEAL,RAISIN BRAN CRL",361.0,9.0,76.9,1.98,30.3,576.0,0.476,0.0
"CEREALS RTE,MALT-O-MEAL,BLUEBERRY MUFFIN TOPS CRL",443.0,4.9,80.0,11.5,35.4,466.0,1.84,0.0
"CEREALS,MALT-O-MEAL,FARINA HOT WHEAT CRL,DRY",362.0,13.3,74.3,1.28,0.7,10.0,0.306,0.0
"CEREALS RTE,MALT-O-MEAL,MAPLE & BRWN SGR HOT WHT CRL,DRY",377.0,8.0,84.5,0.75,35.6,10.0,0.19,0.0
"CEREALS RTE,MALT-O-MEAL,HONEY NUT TOASTY O'S CRL",390.0,9.63,81.53,2.16,38.73,700.0,0.435,0.0
"CEREALS RTE,MALT-O-MEAL,PUFFED RICE CRL",401.0,7.8,89.91319999999989,0.97,0.8,5.0,0.297,0.0
"CEREALS RTE,MALT-O-MEAL,APPL ZINGS",395.0,5.4,87.3,2.66,42.9,455.0,0.447,0.0
"CEREALS RTE,MALT-O-MEAL,CINN TOASTERS",431.0,5.8,79.1,10.1,34.8,461.0,1.67,0.0
"CEREALS RTE,MALT-O-MEAL,COCOA DYNO-BITES",402.0,4.1,89.4,3.06,45.2,517.0,2.43,0.0
"CEREALS RTE,MALT-O-MEAL,FRSTD MINI SPOONERS",388.0,9.4,82.9,2.08,17.9,18.0,0.393,0.0
"CEREALS RTE,MALT-O-MEAL,FRUITY DYNO-BITES",404.0,3.9,89.91319999999989,3.15,42.6,630.0,0.64,0.0
"CEREALS RTE,NATURE'S PATH,OPTIMUM",345.0,14.55,73.37,4.55,29.09,418.0,0.0,0.0
"CEREALS RTE,NATURE'S PATH,OPTIMUM SLIM",327.0,16.36,69.09,4.55,18.18,527.0,0.0,0.0
"CEREALS RTE,RALSTON ENR BRAN FLAKES",310.0,10.21,79.77,3.36,17.17,813.0,0.433,0.0
"CEREALS RTE,RALSTON CORN BISCUITS",367.0,5.83,85.79,1.05,9.51,1070.0,0.193,0.0
"CEREALS RTE,RALSTON CORN FLAKES",357.0,5.9,88.01,0.91,7.84,710.0,0.227,0.0
"CEREALS RTE,RALSTON CRISPY HEXAGONS",379.0,5.94,86.78,0.95,9.57,816.0,0.263,0.0
"CEREALS RTE,USDA CMDTY CORN & RICE (INCLUDES ALL  BRANDS)",378.0,6.06,86.85,1.08,10.35,795.0,0.26,0.0
"CEREALS RTE,USDA CMDTY RICE CRISPS (INCLUDES ALL  BRANDS)",381.0,6.45,86.04,1.27,8.35,850.0,0.355,0.0
MILK & CRL BAR,413.0,6.47,72.05,10.98,45.97,319.0,9.114,0.0
"CEREALS,MALT-O-MEAL,PLN,PREP W/ H2O,WO/ SALT",42.0,1.36,8.72,0.15,0.13,3.0,0.035,0.0
"CEREALS,MALT-O-MEAL,CHOC,PREP W/ H2O,WO/ SALT",44.0,1.22,9.22,0.15,2.81,3.0,0.054,0.0
"CEREALS RTE,GENERAL MILLS,CHOC LUCKY CHARMS",393.0,5.3,82.14,5.36,35.71,571.0,0.551,0.0
"CEREALS RTE,GENERAL MILLS,FRSTD CHEX",367.0,3.65,89.26,1.67,33.33,600.0,0.317,0.0
"CEREALS RTE,KELLOGG,BERRY RICE KRISPIES",382.0,5.5,88.0,1.0,31.0,726.0,0.3,0.0
"CEREALS RTE,KELLOGG,KELLOGG'S CINN MINI SWIRLZ",406.0,5.7,83.0,6.9,11.0,386.0,1.1,0.0
"CEREALS RTE,KELLOGG,EGGO CRL,MAPLE SYRUP",368.0,6.6,80.0,4.5,37.0,472.0,1.5,0.0
"CEREALS RTE,KELLOGG,SMART START STRONG HEART,TSTD OAT",366.0,10.0,79.0,3.8,28.0,234.0,0.7,0.0
"CEREALS RTE,KELLOGG,SMORZ",406.0,4.9,83.0,6.9,43.0,456.0,1.8,0.0
"CEREALS RTE,KELLOGG,SPL K,FRUIT & YOGURT",373.0,7.0,85.4,2.9,32.8,456.0,1.4,0.0
"CEREALS RTE,KASHI 7 WHL GRAIN FLAKES",350.0,11.0,81.8,1.95,8.6,303.0,0.4,0.0
"CEREALS RTE,KASHI,HEART TO HEART,WILD BLUEBERRY",369.0,10.5,79.8,3.4,22.3,246.0,0.6,0.0
"CEREALS RTE,KASHI ORGANIC PROMISE,CINN HARVEST",336.0,11.0,79.0,1.4,16.5,3.0,0.2,0.0
"CEREALS RTE,KELLOGG'S,FRSTD MINI-WHEATS BITE SIZE STRAWB DEL",347.0,8.3,82.7,1.7,23.5,0.0,0.3,0.0
"CEREALS RTE,KELLOGG'S,SPL K VANILLA ALMOND",378.0,7.7,83.1,4.2,30.4,568.0,0.4,0.0
"CEREALS RTE,POST SELECTS CRANBERRY ALMOND CRUNCH",388.0,7.3,78.9,6.1,26.2,229.0,0.8,0.0
"CEREALS RTE,QUAKER,TSTD OATMEAL SUPREME CRL,STRAWBERRY MANGO",383.0,9.07,80.72,4.34,26.61,476.0,1.427,0.0
RICE & WHEAT CRL BAR,409.0,9.09,72.73,9.09,31.8,500.0,0.0,0.0
"CEREALS RTE,QUAKER,QUAKER TSTD OATMEAL CRL",383.0,9.38,80.39,4.22,23.76,560.0,1.271,0.0
"CEREALS RTE,QUAKER,QUAKER HONEY GRAHAM LIFE CRL",373.0,9.33,78.56,4.14,23.12,488.0,0.77,0.0
"CEREALS RTE,QUAKER,CHRISTMAS CRUNCH",397.0,4.44,85.92,4.83,44.31,724.0,3.081,0.0
"CEREALS RTE,GENERAL MILLS,CHEERIOS,YOGURT BURST,STRAWBERRY",400.0,6.67,81.75,5.23,30.0,567.0,1.667,0.0
"CEREALS RTE,ROLLED OATS,WHL WHEAT,RICE,MAPLE FLAV,W/ PECANS",422.0,8.3,76.9,10.5,24.5,279.0,3.5,0.0
"CEREAL WAFER STRAWS,KELLOGG,FROOT LOOPS CRL STRAWS",438.0,5.4,78.4,11.4,38.6,49.0,5.9,0.0
"CEREALS RTE,KASHI GO LN CRUNCH!,HONEY ALMOND FLAX",381.0,16.6,67.0,8.3,23.0,261.0,0.7,0.0
"CEREALS,KASHI GO LN HOT CRL,HEARTY HONEY & CINN,DRY",362.0,22.0,63.0,5.5,15.0,249.0,1.0,0.0
"CEREALS,KASHI GO LN HOT CRL,CREAMY TRULY VANILLA,DRY",362.0,19.0,65.0,5.3,18.0,247.0,0.7,0.0
"CEREALS RTE,KASHI GRANOLA,COCOA BEACH CRL",417.0,10.4,66.3,15.6,20.0,252.0,2.48,0.0
"CEREALS RTE,KASHI GRANOLA,SMMR BERRY CRL",396.0,11.2,70.9,11.1,16.8,268.0,1.4,0.0
"CEREALS RTE,KASHI GRANOLA,MOUNTAIN MEDLEY CRL",403.0,9.9,69.2,13.2,21.2,215.0,2.8,0.0
"CEREALS RTE,KASHI 7 WHL GRAIN NUGGETS",356.0,11.8,81.0,2.8,5.0,448.0,0.6,0.0
"CEREALS,KASHI HEART TO HEART,INST OATMEAL,APPL CINN,DRY",374.0,10.7,78.0,4.9,28.0,251.0,1.0,0.0
"CEREALS,KASHI HEART TO HEART,INST OATMEAL,GLDN BRWN MPLE,DRY",376.0,10.9,77.0,5.0,27.0,231.0,1.0,0.0
"CEREALS,CRM OF WHEAT,2 1/2 MINUTE COOK TIME,DRY",355.0,11.61,71.79,1.41,0.47,328.0,0.253,0.0
"CEREALS,CRM OF WHEAT,2 1/2 MIN,CKD,STOVE-TOP,WO/ SALT",56.0,1.44,11.74,0.2,0.07,34.0,0.051,0.0
"CEREALS,CRM OF WHEAT,2 1/2 MIN,CKD W/H2O,MICROWAVED",52.0,1.88,10.1,0.37,0.34,45.0,0.099,0.0
"CEREALS,CRM OF WHEAT,1 MINUTE COOK TIME,DRY",359.0,11.77,72.63,1.47,0.51,7.0,0.295,0.0
"CEREALS,CRM OF WHEAT,1 MINUTE,CKD W/ H2O,STOVE-TOP,WO/ SALT",56.0,1.65,11.16,0.42,0.07,4.0,0.106,0.0
"CEREALS,CRM OF WHEAT,1 MINUTE,CKD W/ H2O,MICROWAVED,WO/ SALT",55.0,1.95,10.67,0.37,2.98,4.0,0.094,0.0
"CEREALS RTE,GENERAL MILLS,25% LESS SUGAR CINN TOAST CRL",393.0,3.57,78.57,10.71,21.43,714.0,1.778,0.0
"CEREALS RTE,GENERAL MILLS,CURVES FRUIT & NUT CRUNCH CRL",347.0,6.12,85.44,3.06,20.41,490.0,0.389,0.0
"CEREALS RTE,GENERAL MILLS,DORA THE EXPLORER",365.0,5.4,83.0,5.6,21.2,607.0,1.0,0.0
"CEREALS RTE,GENERAL MILLS,FRUITY CHEERIOS",370.0,3.7,85.19,5.56,33.33,500.0,0.456,0.0
"CEREALS RTE,KELLOGG'S SPL K CHOCOLATEY DELIGHT",393.0,6.5,81.0,7.3,29.9,579.0,6.3,0.0
"CEREALS RTE,GENERAL MILLS,TOTAL,CRANBERRY CRUNCH",328.0,6.9,78.0,1.72,27.59,328.0,0.414,0.0
"CEREALS RTE,GENERAL MILLS,25% LESS SUGAR TRIX",400.0,4.76,85.49,4.76,28.57,524.0,0.67,0.0
"CEREALS RTE,KELLOGG,KELLOGG'S SPL K LOFAT GRANOLA",377.0,13.1,75.1,5.5,17.5,235.0,1.1,0.0
"CEREALS,RTE,KELLOGG,KELLOGG'S CINNABON CRL",410.0,5.7,83.3,7.3,41.6,385.0,1.1,0.0
"CEREALS RTE,KASHI GOLEAN CRISP TSTD BERRY CRUMBLE",361.0,18.1,68.7,7.2,20.2,244.0,0.8,0.0
"CEREALS RTE,KASHI HEART TO HEART,WARM CINN",355.0,12.9,75.8,5.1,14.3,242.0,0.9,0.0
"CEREALS RTE,KASHI ORGANIC PROMISE,ISLAND VANILLA",350.0,10.7,80.8,1.9,16.9,12.0,0.4,0.0
"CEREALS RTE,GENERAL MILLS,CHEERIOS,BANANA NUT",374.0,5.4,84.7,4.0,33.4,570.0,0.7,0.0
"CEREALS RTE,GENERAL MILLS,CHEERIOS,CHOC",379.0,5.6,83.4,5.1,34.5,629.0,1.1,0.0
"CEREALS RTE,GENERAL MILLS,CHOC CHEX",411.0,5.3,80.4,8.0,26.4,738.0,1.2,0.0
"CEREALS RTE,GENERAL MILLS CINN CHEX",403.0,5.0,82.4,6.6,26.1,605.0,0.6,0.0
"CEREALS RTE,GENERAL MILLS,FIBER ONE,CARAMEL DELIGHT",344.0,5.8,82.8,5.8,20.8,451.0,1.2,0.0
"CEREALS RTE,GENERAL MILLS,FIBER ONE,FRSTD SHREDDED WHEAT",321.0,8.4,81.7,1.7,20.3,2.0,0.3,0.0
"CEREALS RTE,GENERAL MILLS,FIBER ONE,HONEY CLUSTERS",302.0,6.5,85.2,2.5,11.7,438.0,0.4,0.0
"CEREALS RTE,GENERAL MILLS,FIBER ONE,RAISIN BRAN CLUSTERS",312.0,5.2,85.3,2.1,24.8,383.0,0.3,0.0
"CEREALS RTE,GENERAL MILLS,TOTAL,BLUEBERRY POMEGRANATE",353.0,9.3,76.8,3.7,21.9,195.0,0.8,0.0
"CEREALS RTE,GENERAL MILLS,WHEATIES,FUEL",375.0,6.0,82.8,5.8,24.9,276.0,0.8,0.0
"CEREALS RTE,KELLOGG,KELLOGG'S SPL K,CINN PECAN",384.0,7.5,81.3,6.0,24.2,649.0,0.7,0.0
"CEREALS RTE,KELLOGG,KELLOGG'S SPL K BLUEBERRY",363.0,6.8,86.5,1.5,27.5,471.0,0.4,0.0
"CEREALS RTE,KELLOGG,KELLOGG'S ALL-BRAN STRAWBERRY MEDLEY",318.0,10.0,79.8,2.9,19.0,415.0,0.5,0.0
"CEREALS RTE,KASHI,KASHI U",367.0,10.0,76.0,6.6,18.0,227.0,0.7,0.0
"CEREALS RTE,BEAR NAKED BANANA NUT",380.0,8.8,78.1,7.8,21.7,380.0,3.4,0.0
"CEREALS RTE,BEAR NAKED CRANBERRY RAISIN",375.0,9.1,78.4,5.5,26.8,375.0,1.0,0.0
"CEREALS RTE,KASHI BERRY BLOSSOM",329.0,7.5,84.9,3.0,23.5,423.0,0.4,0.0
"CEREALS RTE,KASHI GOLDEN GOODNESS",355.0,10.8,82.5,2.2,14.8,298.0,0.4,0.0
"CEREALS RTE,KASHI HONEY SUNSHINE",336.0,7.5,84.2,3.9,18.0,449.0,0.5,0.0
"CEREALS RTE,KELLOGG'S FIBERPLUS CINN OAT CRUNCH",347.0,9.4,81.9,4.3,21.5,437.0,0.8,0.0
"CEREALS RTE,KELLOGG'S FIBERPLUS BERRY YOGURT CRUNCH",315.0,6.6,80.9,1.8,23.5,377.0,0.7,0.0
"CEREALS RTE,KELLOGG'S SPL K MULTIGRAIN OATS & HONEY",362.0,7.8,85.0,1.8,26.4,494.0,0.4,0.0
"CEREALS RTE,KELLOGG'S CRUNCHY NUT RSTD NUT & HONEY O'S",371.0,5.8,84.1,4.3,36.9,464.0,0.6,0.0
"CEREALS RTE,KELLOGG'S CRUNCHY NUT GOLDEN HONEY NUT FLAKES",386.0,6.6,82.3,4.0,35.7,520.0,0.6,0.0
"CEREALS RTE,KELLOGG'S FRSTD MINI-WHEATS BITE SZ CINN STREUS",347.0,8.0,82.0,1.9,24.0,10.0,0.3,0.0
"CEREALS RTE,KELLOGG'S FRSTD MINI-WHEATS BITE SZ BLUEB MUFFIN",348.0,8.5,83.5,1.8,23.0,5.0,0.3,0.0
"CEREALS RTE,KELLOGG'S POPS MIXIT CRL,ALL FLAVORS",363.0,5.4,86.68,2.78,38.78,443.0,0.94,0.0
"CEREALS RTE,KELLOGG'S CORN FLAKES,SIMPLY CINN",366.0,6.5,85.0,0.5,19.7,659.0,0.1,0.0
"CEREALS RTE,KELLOGG'S RAISIN BRAN EXTRA!",342.0,8.6,77.4,5.1,24.0,627.0,2.3,0.0
"CEREALS RTE,KELLOGG'S FRSTD MINI-WHTS TOUCH FRT MDL MXD BER",342.0,8.9,82.1,1.9,17.7,17.0,0.5,0.0
"CEREALS RTE,QUAKER,SIMPLE HARVEST MULTIGRAIN,BANANA & PECAN",388.0,9.83,78.81,6.01,26.92,364.0,1.456,0.0
"CEREALS RTE,QUAKER,SIMPLE HARVEST MULTIGRAIN,CINN & HONEY",385.0,10.06,79.96,4.92,25.74,382.0,1.437,0.0
"CEREALS RTE,QUAKER,CAP'N CRUNCH'S HOMERUN CRUNCH CRL",397.0,4.45,85.9,4.83,44.2,725.0,3.074,0.0
"CEREALS RTE,QUAKER,CAP'N CRUNCH'S HALLOWEEN CRUNCH",401.0,4.41,85.14,5.66,43.82,719.0,3.115,0.0
"CEREALS RTE,QUAKER,CAP'N CRUNCH'S TOUCHDOWN CRL",397.0,4.45,85.9,4.83,44.2,725.0,3.074,0.0
"QUAKER,NAT GRANOLA APPL CRANBERRY ALMOND",418.0,9.21,74.73,11.06,27.43,47.0,1.151,0.0
"CEREALS RTE,QUAKER,MAPLE BROWN SUGAR LIFE CRL",373.0,9.17,78.86,4.06,24.9,477.0,0.765,0.0
"QUAKER,CAP'N CRUNCH'S OOPS! ALL BERRIES CRL",395.0,4.6,87.1,3.99,44.18,637.0,2.291,0.0
"CEREALS RTE,KELLOGG'S FRSTD FLAKES W/ FIBER,LESS SUGAR",367.0,5.3,87.6,0.4,27.4,548.0,0.1,0.0
"CEREALS RTE,KELLOGG'S FRSTD MINI-WHEATS LITTLE BITES,CHOC",355.0,8.5,81.9,3.4,22.6,372.0,1.5,0.0
"CEREALS RTE,QUAKER SQUARES,GOLDEN MAPLE",380.0,11.29,78.02,4.84,16.78,345.0,0.873,0.0
"CEREALS RTE,POST HONEY BUNCHES OF OATS W/ VANILLA BUNCHES",393.0,7.14,81.7,5.36,21.43,304.0,0.63,0.0
"CEREALS RTE,GENERAL MILLS,COCOA PUFFS,25% RED SUGAR",382.0,6.2,83.3,5.0,26.1,521.0,0.7,0.0
"CEREALS RTE,GENERAL MILLS,SPRINKLES COOKIE CRISP",377.0,4.6,86.1,3.4,37.7,572.0,0.6,0.0
"CEREALS RTE,GENERAL MILLS,OAT CLUSTER CHEERIOS CRUNCH",375.0,8.5,80.6,4.1,28.9,478.0,0.9,0.0
"CEREALS,QUAKER,INST OATMEAL,WOMEN FOR SELF,ASSORTED FLAVORS",370.0,11.7,71.13,5.71,23.31,492.0,0.939,0.0
"CEREALS,QUAKER,INST OATMEAL,CINN SPICE,RED SUGAR",359.0,11.3,69.69,6.14,11.91,760.0,1.166,0.0
"CEREALS,QUAKER,INST OATMEAL ORGANIC,REG",367.0,16.0,67.0,6.3,1.0,4.0,1.11,0.0
"CEREALS,QUAKER,INST OATMEAL,FRUIT & CRM,RED SUGAR",376.0,10.16,71.57,7.46,17.66,559.0,2.091,0.0
"CEREALS,QUAKER,INST OATMEAL,APPL & CINN,RED SUGAR",369.0,10.4,74.12,5.31,19.34,672.0,0.926,0.0
"CEREALS RTE,GENERAL MILLS,HONEY KIX",359.0,6.4,85.2,2.9,18.9,580.0,0.5,0.0
"CEREALS RTE,GENERAL MILLS,COCOA PUFFS COMBOS,CHOC & VANILLA",390.0,4.2,84.6,5.6,37.9,597.0,0.6,0.0
"ACEROLA JUICE,RAW",23.0,0.4,4.8,0.3,4.5,3.0,0.068,0.0
"APPLES,RAW,WITH SKIN",52.0,0.26,13.81,0.17,10.39,1.0,0.028,0.0
"APPLES,RAW,WITHOUT SKIN",48.0,0.27,12.76,0.13,10.1,0.0,0.021,0.0
"APPLES,RAW,WO/SKN,CKD,BLD",53.0,0.26,13.64,0.36,11.01,1.0,0.058,0.0
"APPLES,RAW,WO/ SKN,CKD,MICROWAVE",56.0,0.28,14.41,0.42,11.61,1.0,0.068,0.0
"APPLES,CND,SWTND,SLICED,DRND,UNHTD",67.0,0.18,16.7,0.49,15.0,3.0,0.08,0.0
"APPLES,CND,SWTND,SLICED,DRND,HTD",67.0,0.18,16.84,0.43,14.84,3.0,0.07,0.0
"APPLES,DEHYD (LO MOIST),SULFURED,UNCKD",346.0,1.32,89.91319999999989,0.58,70.0,124.0,0.095,0.0
"APPLES,DRIED,SULFURED,UNCKD",243.0,0.93,65.89,0.32,57.19,87.0,0.052,0.0
"APPLES,DRIED,SULFURED,STWD,WO/ SUGAR",57.0,0.22,15.32,0.07,13.32,20.0,0.012,0.0
"APPLE JUC,CND OR BTLD,UNSWTND,WO/ ADDED VIT C",46.0,0.1,11.3,0.13,9.62,4.0,0.022,0.0
"APPLE JUC,FRZ CONC,UNSWTND,UNDIL,WO/ VIT C",166.0,0.51,41.0,0.37,38.83,25.0,0.06,0.0
"APPLE JUC,FRZ CONC,UNSWTND,DIL W/3 VOLUME H2O WO/ VIT C",47.0,0.14,11.54,0.1,10.93,7.0,0.018,0.0
"APPLESAUCE,CND,UNSWTND,WO/ADDED VIT C (INCLUDES USDA COMMOD)",42.0,0.17,11.27,0.1,9.39,2.0,0.008,0.0
"APPLESAUCE,CND,SWTND,WO/ SALT (INCLUDES USDA COMMODITY)",68.0,0.16,17.49,0.17,14.67,2.0,0.03,0.0
"APRICOTS,RAW",48.0,1.4,11.12,0.39,9.24,1.0,0.027,0.0
"APRICOTS,CND,H2O PK,W/SKN,SOL&LIQUIDS",27.0,0.71,6.39,0.16,4.79,3.0,0.011,0.0
"APRICOTS,CND,JUC PK,W/SKN,SOL&LIQUIDS",48.0,0.63,12.34,0.04,10.74,4.0,0.003,0.0
"APRICOTS,CND,LT SYRUP PK,W/SKN,SOL&LIQUIDS",63.0,0.53,16.49,0.05,14.89,4.0,0.003,0.0
"APRICOTS,CND,HVY SYRUP PK,W/SKN,SOL&LIQUIDS",83.0,0.53,21.47,0.08,19.87,4.0,0.005,0.0
"APRICOTS,DRIED,SULFURED,UNCKD",241.0,3.39,62.64,0.51,53.44,10.0,0.017,0.0
"APRICOTS,DRIED,SULFURED,STWD,WO/ SUGAR",85.0,1.2,22.15,0.18,19.57,4.0,0.006,0.0
"APRICOT NECTAR,CND,WO/ VIT C",56.0,0.37,14.39,0.09,13.79,3.0,0.006,0.0
"AVOCADOS,RAW,ALL COMM VAR",160.0,2.0,8.53,14.66,0.66,7.0,2.126,0.0
"AVOCADOS,RAW,CALIFORNIA",167.0,1.96,8.64,15.41,0.3,8.0,2.126,0.0
"AVOCADOS,RAW,FLORIDA",120.0,2.23,7.82,10.06,2.42,2.0,1.96,0.0
"BANANAS,RAW",89.0,1.09,22.84,0.33,12.23,1.0,0.112,0.0
"BANANAS,DEHYD,OR BANANA PDR",346.0,3.89,88.28,1.81,47.3,3.0,0.698,0.0
"BLACKBERRIES,RAW",43.0,1.39,9.61,0.49,4.88,1.0,0.014,0.0
"BLACKBERRY JUC,CND",38.0,0.3,7.8,0.6,7.7,1.0,0.018,0.0
"BLACKBERRIES,CND,HVY SYRUP,SOL&LIQUIDS",92.0,1.31,23.1,0.14,19.7,3.0,0.005,0.0
"BLACKBERRIES,FRZ,UNSWTND",64.0,1.18,15.67,0.43,10.67,1.0,0.015,0.0
"BLUEBERRIES,RAW",57.0,0.74,14.49,0.33,9.96,1.0,0.028,0.0
"BLUEBERRIES,CND,HVY SYRUP,SOL&LIQUIDS",88.0,0.65,22.06,0.33,20.46,3.0,0.027,0.0
"BLUEBERRIES,FRZ,UNSWTND",51.0,0.42,12.17,0.64,8.45,1.0,0.053,0.0
"BLUEBERRIES,FRZ,SWTND",85.0,0.4,21.95,0.13,19.72,1.0,0.011,0.0
"BOYSENBERRIES,FRZ,UNSWTND",50.0,1.1,12.19,0.26,6.89,1.0,0.009,0.0
"BREADFRUIT,RAW",103.0,1.07,27.12,0.23,11.0,2.0,0.048,0.0
"CARAMBOLA,(STARFRUIT),RAW",31.0,1.04,6.73,0.33,3.98,2.0,0.019,0.0
"CHERIMOYA,RAW",75.0,1.57,17.71,0.68,12.87,7.0,0.233,0.0
"CHERRIES,SOUR,RED,RAW",50.0,1.0,12.18,0.3,8.49,3.0,0.068,0.0
"CHERRIES,SOUR,RED,CND,H2O PK,SOL&LIQUIDS (INCL USDA CMDTY)",36.0,0.77,8.94,0.1,7.6,7.0,0.023,0.0
"CHERRIES,SOUR,RED,CND,HVY SYRUP PK,SOL&LIQUIDS",91.0,0.73,23.27,0.1,22.17,7.0,0.021,0.0
"CHERRIES,SOUR,RED,FRZ,UNSWTND",46.0,0.92,11.02,0.44,9.02,1.0,0.1,0.0
"CHERRIES,SWEET,RAW",63.0,1.06,16.01,0.2,12.82,0.0,0.038,0.0
"CHERRIES,SWT,CND,H2O PK,SOL&LIQUIDS",46.0,0.77,11.76,0.13,10.26,1.0,0.028,0.0
"CHERRIES,SWT,CND,JUC PK,SOL&LIQUIDS",54.0,0.91,13.81,0.02,12.31,3.0,0.004,0.0
"CHERRIES,SWT,CND,LT SYRUP PK,SOL&LIQUIDS",67.0,0.61,17.29,0.15,15.79,3.0,0.034,0.0
"CHERRIES,SWT,CND,PITTED,HVY SYRUP PK,SOL & LIQUIDS",83.0,0.6,21.27,0.15,16.18,3.0,0.034,0.0
"CHERRIES,SWT,FRZ,SWTND",89.0,1.15,22.36,0.13,20.26,1.0,0.03,0.0
"CRANBERRIES,RAW",46.0,0.39,12.2,0.13,4.04,2.0,0.011,0.0
"CRANBERRIES,DRIED,SWTND",308.0,0.07,82.36,1.37,65.0,3.0,0.103,0.0
"CRANBERRY SAU,CND,SWTND",151.0,0.2,38.9,0.15,37.9,29.0,0.013,0.0
"CURRANTS,RED&WHITE,RAW",56.0,1.4,13.8,0.2,7.37,1.0,0.017,0.0
"CURRANTS,ZANTE,DRIED",283.0,4.08,74.08,0.27,67.28,8.0,0.028,0.0
"DATES,DEGLET NOOR",282.0,2.45,75.03,0.39,63.35,2.0,0.032,0.0
"FIGS,RAW",74.0,0.75,19.18,0.3,16.26,1.0,0.06,0.0
"FIGS,CND,H2O PK,SOL&LIQUIDS",53.0,0.4,13.99,0.1,11.79,1.0,0.02,0.0
"FIGS,CND,LT SYRUP PK,SOL&LIQUIDS",69.0,0.39,17.95,0.1,16.15,1.0,0.02,0.0
"FIGS,CND,HVY SYRUP PK,SOL&LIQUIDS",88.0,0.38,22.9,0.1,20.7,1.0,0.02,0.0
"FIGS,DRIED,UNCOOKED",249.0,3.3,63.87,0.93,47.92,10.0,0.144,0.0
"FIGS,DRIED,STEWED",107.0,1.42,27.57,0.4,23.35,4.0,0.062,0.0
"FRUIT COCKTAIL,CND,H2O PK,SOL&LIQUIDS",32.0,0.42,8.51,0.05,7.51,4.0,0.006,0.0
"FRUIT COCKTAIL,CND,JUC PK,SOL&LIQUIDS",46.0,0.46,11.86,0.01,10.86,4.0,0.001,0.0
"FRUIT COCKTAIL,CND,LT SYRUP,SOL&LIQUIDS",57.0,0.4,14.93,0.07,13.93,6.0,0.01,0.0
"FRUIT COCKTAIL,CND,HVY SYRUP,SOL&LIQUIDS",73.0,0.39,18.91,0.07,17.91,6.0,0.01,0.0
"FRUIT SALAD,CND,HVY SYRUP,SOL&LIQUIDS",73.0,0.34,19.11,0.07,18.11,6.0,0.01,0.0
"GRAPEFRUIT,RAW,PINK&RED&WHITE,ALL AREAS",32.0,0.63,8.08,0.1,6.98,0.0,0.014,0.0
"GRAPEFRUIT,RAW,PINK&RED,ALL AREAS",42.0,0.77,10.66,0.14,6.89,0.0,0.021,0.0
"GRAPEFRUIT,RAW,WHITE,ALL AREAS",33.0,0.69,8.41,0.1,7.31,0.0,0.014,0.0
"GRAPEFRUIT,SECTIONS,CND,H2O PK,SOL&LIQUIDS",36.0,0.58,9.15,0.1,8.75,2.0,0.014,0.0
"GRAPEFRUIT,SECTIONS,CND,JUC PK,SOL&LIQUIDS",37.0,0.7,9.21,0.09,8.8,7.0,0.012,0.0
"GRAPEFRUIT,SECTIONS,CND,LT SYRUP PK,SOL&LIQUIDS",60.0,0.56,15.44,0.1,15.04,2.0,0.014,0.0
"GRAPEFRUIT JUC,WHITE,CND,UNSWTND",38.0,0.52,8.96,0.1,8.86,1.0,0.013,0.0
"GRAPEFRUIT JUC,WHITE,CND,SWTND",46.0,0.58,11.13,0.09,11.03,2.0,0.012,0.0
"GRAPEFRUIT JUC,WHITE,FRZ CONC,UNSWTND,UNDIL",146.0,1.97,34.56,0.48,34.16,3.0,0.064,0.0
"GRAPEFRUIT JUC,WHITE,FRZ CONC,UNSWTND,DIL W/ 3 VOLUME H2O",41.0,0.55,9.73,0.13,9.63,1.0,0.019,0.0
"GRAPEFRUIT JUC,WHITE,RAW",39.0,0.5,9.2,0.1,9.1,1.0,0.014,0.0
"GRAPE JUC,CND OR BTLD,UNSWTND,W/ ADDED VIT C",60.0,0.37,14.77,0.13,14.2,5.0,0.025,0.0
"GRAPES,AMERICAN TYPE (SLIP SKN),RAW",67.0,0.63,17.15,0.35,16.25,2.0,0.114,0.0
"GRAPES,RED OR GRN (EURO TYPE,SUCH AS THOMPSON SEEDLESS),RAW",69.0,0.72,18.1,0.16,15.48,2.0,0.054,0.0
"GRAPES,CND,THOMPSON SEEDLESS,H2O PK,SOL&LIQUIDS",40.0,0.5,10.3,0.11,9.7,6.0,0.035,0.0
"GRAPES,CND,THOMPSON SEEDLESS,HVY SYRUP PK,SOL&LIQUIDS",76.0,0.48,19.65,0.1,19.05,5.0,0.033,0.0
"GRAPE JUC,CND OR BTLD,UNSWTND,WO/ ADDED VIT C",60.0,0.37,14.77,0.13,14.2,5.0,0.025,0.0
"GRAPE JUC COCKTAIL,FRZ CONC,UNDIL,W/ ADDED VIT C",179.0,0.65,44.37,0.31,44.07,7.0,0.103,0.0
"GRAPE JUC COCKTAIL,FRZ CONC,DIL W/ 3 VOL H2O,W/ ADDED VIT C",51.0,0.19,12.75,0.09,12.65,2.0,0.029,0.0
"GUAVAS,COMMON,RAW",68.0,2.55,14.32,0.95,8.92,2.0,0.272,0.0
"GUAVA SAUCE,COOKED",36.0,0.32,9.48,0.14,5.88,4.0,0.04,0.0
"JACKFRUIT,RAW",95.0,1.72,23.25,0.64,19.08,2.0,0.195,0.0
"KIWIFRUIT,GRN,RAW",61.0,1.14,14.66,0.52,8.99,3.0,0.029,0.0
"KUMQUATS,RAW",71.0,1.88,15.9,0.86,9.36,10.0,0.103,0.0
"LEMONS,RAW,WITHOUT PEEL",29.0,1.1,9.32,0.3,2.5,2.0,0.039,0.0
"LEMON JUICE,RAW",22.0,0.35,6.9,0.24,2.52,1.0,0.04,0.0
"LEMON JUC,CND OR BTLD",21.0,0.4,6.48,0.29,2.4,21.0,0.038,0.0
"LEMON JUC,FRZ,UNSWTND,SINGLE STRENGTH",22.0,0.46,6.5,0.32,2.4,1.0,0.043,0.0
"LEMON PEEL,RAW",47.0,1.5,16.0,0.3,4.17,6.0,0.039,0.0
"LIMES,RAW",30.0,0.7,10.54,0.2,1.69,2.0,0.022,0.0
"LIME JUICE,RAW",25.0,0.42,8.42,0.07,1.69,2.0,0.008,0.0
"LIME JUC,CND OR BTLD,UNSWTND",21.0,0.25,6.69,0.23,1.37,16.0,0.026,0.0
"LITCHIS,RAW",66.0,0.83,16.53,0.44,15.23,1.0,0.099,0.0
"LITCHIS,DRIED",277.0,3.8,70.7,1.2,66.1,3.0,0.27,0.0
"LOGANBERRIES,FROZEN",55.0,1.52,13.02,0.31,7.7,1.0,0.011,0.0
"MANGOS,RAW",60.0,0.82,14.98,0.38,13.66,1.0,0.092,0.0
"MELONS,CANTALOUPE,RAW",34.0,0.84,8.16,0.19,7.86,16.0,0.051,0.0
"MELONS,CASABA,RAW",28.0,1.11,6.58,0.1,5.69,9.0,0.025,0.0
"MELONS,HONEYDEW,RAW",36.0,0.54,9.09,0.14,8.12,18.0,0.038,0.0
"MULBERRIES,RAW",43.0,1.44,9.8,0.39,8.1,10.0,0.027,0.0
"NECTARINES,RAW",44.0,1.06,10.55,0.32,7.89,0.0,0.025,0.0
"OLIVES,RIPE,CND (SMALL-EXTRA LRG)",115.0,0.84,6.26,10.68,0.0,735.0,1.415,0.0
"OLIVES,RIPE,CND (JUMBO-SUPER COLOSSAL)",81.0,0.97,5.61,6.87,0.0,735.0,0.909,0.0
"OLIVES,PICKLED,CND OR BTLD,GRN",145.0,1.03,3.84,15.32,0.54,1556.0,2.029,0.0
"ORANGES,RAW,ALL COMM VAR",47.0,0.94,11.75,0.12,9.35,0.0,0.015,0.0
"ORANGES,RAW,NAVELS",49.0,0.91,12.54,0.15,8.5,1.0,0.017,0.0
"ORANGES,RAW,FLORIDA",46.0,0.7,11.54,0.21,9.14,0.0,0.025,0.0
"ORANGE JUICE,RAW",45.0,0.7,10.4,0.2,8.4,1.0,0.024,0.0
"ORANGE JUC,CND,UNSWTND",47.0,0.68,11.01,0.15,8.76,4.0,0.018,0.0
"ORANGE JUC,CHILLED,INCL FROM CONC",49.0,0.68,11.54,0.12,8.31,2.0,0.014,0.0
"ORANGE JUC,CHILLED,INCL FROM CONC,FORT W/ CA & VITAMIN D",47.0,0.68,11.27,0.12,8.31,2.0,0.014,0.0
"ORANGE JUC,CHILLED,INCL FROM CONC,FORT W/ CA",47.0,0.68,11.27,0.12,8.31,2.0,0.014,0.0
"ORANGE JUC,FRZ CONC,UNSWTND,UNDIL",159.0,2.39,38.17,0.21,37.37,3.0,0.024,0.0
"ORANGE JUC,FRZ CONC,UNSWTND,DIL W/3 VOLUME H2O",45.0,0.68,10.78,0.06,8.4,1.0,0.007,0.0
"ORANGE-GRAPEFRUIT JUC,CND,UNSWTND",43.0,0.6,10.28,0.1,10.18,3.0,0.011,0.0
"TANGERINES,(MANDARIN ORANGES),RAW",53.0,0.81,13.34,0.31,10.58,2.0,0.039,0.0
"TANGERINES,(MANDARIN ORANGES),CND,JUC PK",37.0,0.62,9.57,0.03,8.87,5.0,0.003,0.0
"TANGERINES,(MANDARIN ORANGES),CND,LT SYRUP PK",61.0,0.45,16.19,0.1,15.49,6.0,0.012,0.0
"TANGERINE JUICE,RAW",43.0,0.5,10.1,0.2,9.9,1.0,0.024,0.0
"TANGERINE JUC,CND,SWTND",50.0,0.5,12.0,0.2,11.8,1.0,0.013,0.0
"PAPAYAS,RAW",43.0,0.47,10.82,0.26,7.82,8.0,0.081,0.0
"PAPAYA,CND,HVY SYRUP,DRND",206.0,0.14,55.83,0.55,52.2,9.0,0.268,0.0
"PAPAYA NECTAR,CANNED",57.0,0.17,14.51,0.15,13.91,5.0,0.047,0.0
"PASSION-FRUIT,(GRANADILLA),PURPLE,RAW",97.0,2.2,23.38,0.7,11.2,28.0,0.059,0.0
"PASSION-FRUIT JUC,PURPLE,RAW",51.0,0.39,13.6,0.05,13.4,6.0,0.004,0.0
"PASSION-FRUIT JUC,YEL,RAW",60.0,0.67,14.45,0.18,14.25,6.0,0.015,0.0
"PEACHES,RAW",39.0,0.91,9.54,0.25,8.39,0.0,0.019,0.0
"PEACHES,CND,H2O PK,SOL&LIQUIDS",24.0,0.44,6.11,0.06,4.81,3.0,0.006,0.0
"PEACHES,CND,JUC PK,SOL&LIQUIDS",44.0,0.63,11.57,0.03,10.27,4.0,0.004,0.0
"PEACHES,CND,LT SYRUP PK,SOL&LIQUIDS",54.0,0.45,14.55,0.03,13.25,5.0,0.003,0.0
"PEACHES,CND,HVY SYRUP PK,SOL&LIQUIDS",74.0,0.45,19.94,0.1,18.64,6.0,0.01,0.0
"PEACHES,SPICED,CND,HVY SYRUP PK,SOL&LIQUIDS",75.0,0.41,20.08,0.1,18.78,4.0,0.011,0.0
"PEACHES,DRIED,SULFURED,UNCKD",239.0,3.61,61.33,0.76,41.74,7.0,0.082,0.0
"PEACHES,DRIED,SULFURED,STWD,WO/ SUGAR",77.0,1.16,19.69,0.25,16.99,2.0,0.026,0.0
"PEACHES,FRZ,SLICED,SWTND",94.0,0.63,23.98,0.13,22.18,6.0,0.014,0.0
"PEACH NECTAR,CND,WO/ VIT C",54.0,0.27,13.92,0.02,13.32,7.0,0.002,0.0
"PEARS,RAW",58.0,0.38,15.46,0.12,9.8,1.0,0.006,0.0
"PEARS,CND,H2O PK,SOL&LIQUIDS",29.0,0.19,7.81,0.03,6.1,2.0,0.002,0.0
"PEARS,CND,JUC PK,SOL&LIQUIDS",50.0,0.34,12.94,0.07,9.7,4.0,0.004,0.0
"PEARS,CND,LT SYRUP PK,SOL&LIQUIDS",57.0,0.19,15.17,0.03,12.1,5.0,0.002,0.0
"PEARS,CND,HVY SYRUP PK,SOL&LIQUIDS",74.0,0.2,19.17,0.13,15.2,5.0,0.007,0.0
"PEARS,DRIED,SULFURED,UNCKD",262.0,1.87,69.7,0.63,62.2,6.0,0.035,0.0
"PEARS,DRIED,SULFURED,STWD,WO/ SUGAR",127.0,0.91,33.81,0.31,27.41,3.0,0.017,0.0
"PEAR NECTAR,CND,WO/ VIT C",60.0,0.11,15.76,0.01,15.16,4.0,0.001,0.0
"PERSIMMONS,JAPANESE,RAW",70.0,0.58,18.59,0.19,12.53,1.0,0.02,0.0
"PINEAPPLE,RAW,ALL VAR",50.0,0.54,13.12,0.12,9.85,1.0,0.009,0.0
"PINEAPPLE,CND,H2O PK,SOL&LIQUIDS",32.0,0.43,8.3,0.09,7.5,1.0,0.006,0.0
"PINEAPPLE,CND,JUC PK,SOL&LIQUIDS",60.0,0.42,15.7,0.08,14.45,1.0,0.006,0.0
"PINEAPPLE,CND,LT SYRUP PK,SOL&LIQUIDS",52.0,0.36,13.45,0.12,12.65,1.0,0.009,0.0
"PINEAPPLE,CND,HVY SYRUP PK,SOL&LIQUIDS",78.0,0.35,20.2,0.11,16.9,1.0,0.009,0.0
"PINEAPPLE,FRZ,CHUNKS,SWTND",86.0,0.4,22.2,0.1,21.1,2.0,0.007,0.0
"PINEAPPLE JUC,CND,UNSWTND,WO/ VIT C",53.0,0.36,12.87,0.12,9.98,2.0,0.008,0.0
"PINEAPPLE JUC,FRZ CONC,UNSWTND,UNDIL",179.0,1.3,44.3,0.1,43.6,3.0,0.007,0.0
"PINEAPPLE JUC,FRZ CONC,UNSWTND,DIL W/3 VOLUME H2O",51.0,0.4,12.67,0.03,12.47,1.0,0.002,0.0
"PLANTAINS,RAW",122.0,1.3,31.89,0.37,15.0,4.0,0.143,0.0
"PLANTAINS,COOKED",116.0,0.79,31.15,0.18,14.0,5.0,0.069,0.0
"PLUMS,RAW",46.0,0.7,11.42,0.28,9.92,0.0,0.017,0.0
"PLUMS,CND,PURPLE,H2O PK,SOL&LIQUIDS",41.0,0.39,11.03,0.01,10.1,1.0,0.001,0.0
"PLUMS,CND,PURPLE,JUC PK,SOL&LIQUIDS",58.0,0.51,15.15,0.02,14.22,1.0,0.002,0.0
"PLUMS,CND,PURPLE,LT SYRUP PK,SOL&LIQUIDS",63.0,0.37,16.28,0.1,15.35,20.0,0.008,0.0
"PLUMS,CND,PURPLE,HVY SYRUP PK,SOL&LIQUIDS",89.0,0.36,23.24,0.1,22.31,19.0,0.008,0.0
"POMEGRANATES,RAW",83.0,1.67,18.7,1.17,13.67,3.0,0.12,0.0
"PLUMS,DRIED (PRUNES),UNCKD",240.0,2.18,63.88,0.38,38.13,2.0,0.088,0.0
"PLUMS,DRIED (PRUNES),STWD,WO/ ADDED SUGAR",107.0,0.96,28.08,0.16,24.98,1.0,0.01,0.0
"PRUNE JUICE,CANNED",71.0,0.61,17.45,0.03,16.45,4.0,0.003,0.0
"RAISINS,GOLDEN SEEDLESS",302.0,3.39,79.52,0.46,59.19,12.0,0.151,0.0
"RAISINS,SEEDLESS",299.0,3.07,79.18,0.46,59.19,11.0,0.058,0.0
"RASPBERRIES,RAW",52.0,1.2,11.94,0.65,4.42,1.0,0.019,0.0
"RASPBERRIES,CND,RED,HVY SYRUP PK,SOL&LIQUIDS",91.0,0.83,23.36,0.12,20.06,3.0,0.005,0.0
"RASPBERRIES,FRZ,RED,SWTND",103.0,0.7,26.16,0.16,21.76,1.0,0.005,0.0
"RHUBARB,RAW",21.0,0.9,4.54,0.2,1.1,4.0,0.053,0.0
"RHUBARB,FROZEN,UNCOOKED",21.0,0.55,5.1,0.11,1.1,2.0,0.029,0.0
"RHUBARB,FRZ,CKD,W/SUGAR",116.0,0.39,31.2,0.05,28.7,1.0,0.014,0.0
"SAPOTE,MAMEY,RAW",124.0,1.45,32.1,0.46,20.14,7.0,0.169,0.0
"SOURSOP,RAW",66.0,1.0,16.84,0.3,13.54,14.0,0.051,0.0
"STRAWBERRIES,RAW",32.0,0.67,7.68,0.3,4.89,1.0,0.015,0.0
"STRAWBERRIES,CND,HVY SYRUP PK,SOL&LIQUIDS",92.0,0.56,23.53,0.26,21.83,4.0,0.014,0.0
"STRAWBERRIES,FRZ,UNSWTND",35.0,0.43,9.13,0.11,4.56,2.0,0.006,0.0
"STRAWBERRIES,FRZ,SWTND,WHL",78.0,0.52,21.0,0.14,18.61,1.0,0.007,0.0
"STRAWBERRIES,FRZ,SWTND,SLICED",96.0,0.53,25.92,0.13,24.01,3.0,0.007,0.0
"TAMARINDS,RAW",239.0,2.8,62.5,0.6,57.4,28.0,0.272,0.0
"WATERMELON,RAW",30.0,0.61,7.55,0.15,6.2,1.0,0.016,0.0
"MARASCHINO CHERRIES,CND,DRND",165.0,0.22,41.97,0.21,38.77,4.0,0.039,0.0
"FEIJOA,RAW",55.0,0.98,12.92,0.6,8.2,3.0,0.148,0.0
"PEARS,ASIAN,RAW",42.0,0.5,10.65,0.23,7.05,0.0,0.012,0.0
"FRUIT COCKTAIL,CND,HVY SYRUP,DRND",70.0,0.47,18.8,0.1,17.14,6.0,0.014,0.0
"BLUEBERRIES,CND,LT SYRUP,DRND",88.0,1.04,22.66,0.4,17.45,3.0,0.028,0.0
"BLUEBERRIES,WILD,CND,HVY SYRUP,DRND",107.0,0.56,28.32,0.34,19.28,1.0,,0.0
"PINEAPPLE,CND,JUC PK,DRND",60.0,0.51,15.56,0.11,14.26,1.0,0.008,0.0
"APRICOTS,CND,HVY SYRUP,DRND",83.0,0.64,21.31,0.11,18.65,4.0,0.007,0.0
"CHERRIES,SWT,CND,PITTED,HVY SYRUP,DRND",83.0,0.73,21.07,0.21,16.18,3.0,0.041,0.0
"PEACHES,CND,HVY SYRUP,DRND",72.0,0.52,18.43,0.18,14.66,6.0,0.013,0.0
"PEARS,CND,HVY SYRUP,DRND",74.0,0.24,19.08,0.18,16.42,5.0,0.01,0.0
"PLUMS,CND,HVY SYRUP,DRND",89.0,0.44,23.12,0.14,21.58,19.0,0.011,0.0
"TANGERINES,(MANDARIN ORANGES),CND,JUC PK,DRND",38.0,0.75,9.41,0.04,8.25,5.0,0.004,0.0
"APPLE JUC,CND OR BTLD,UNSWTND,W/ ADDED VIT C",46.0,0.1,11.3,0.13,9.62,4.0,0.022,0.0
"APPLESAUCE,CND,UNSWTND,W/ VIT C",42.0,0.17,11.27,0.1,9.39,2.0,0.008,0.0
"PINEAPPLE JUC,CND,UNSWTND,W/ ADDED VIT C",53.0,0.36,12.87,0.12,9.98,2.0,0.008,0.0
"APPLE JUC,FRZ CONC,UNSWTND,UNDIL,W/ VIT C",166.0,0.51,41.0,0.37,38.83,25.0,0.06,0.0
"DATES,MEDJOOL",277.0,1.81,74.97,0.15,66.47,1.0,,0.0
PRUNE PUREE,257.0,2.1,65.1,0.2,39.0,23.0,0.016,0.0
CANDIED FRUIT,322.0,0.34,82.74,0.07,70.0,98.0,0.01,0.0
"ABIYUCH,RAW",69.0,1.5,17.6,0.1,8.55,20.0,0.014,0.0
"ROWAL,RAW",111.0,2.3,23.9,2.0,14.1,4.0,0.245,0.0
"PINEAPPLE,RAW,TRADITIONAL VAR",45.0,0.55,11.82,0.13,8.29,1.0,,0.0
"PINEAPPLE,RAW,EX SWT VAR",51.0,0.53,13.5,0.11,10.32,1.0,,0.0
"USDA CMDTY,MXD FRUIT (PEACH,PEARS,GRAPES),CND,LT SYRUP,DRND",57.0,0.46,14.65,0.1,11.25,5.0,0.01,0.0
"USDA CMDTY,MXD FRUIT (PEACH,PEAR,GRAPE),CND,LT SYR,SOL & LIQ",55.0,0.41,14.3,0.08,11.46,6.0,0.01,0.0
"CLEMENTINES,RAW",47.0,0.85,12.02,0.15,9.18,1.0,,0.0
"GUANABANA NECTAR,CND",59.0,0.11,14.93,0.17,13.07,8.0,0.029,0.0
"GUAVA NECTAR,CND",57.0,0.09,14.87,0.06,12.37,7.0,,0.0
"MANGO NECTAR,CND",51.0,0.11,13.12,0.06,12.45,5.0,0.014,0.0
"TAMARIND NECTAR,CND",57.0,0.09,14.73,0.12,12.7,7.0,,0.0
"USDA CMDTY PEACHES,CND,LT SYRUP,DRND",61.0,0.56,15.65,0.15,10.61,7.0,,0.0
"USDA CMDTY PEARS,CND,JUC PK,DRND",51.0,0.34,12.91,0.19,8.27,4.0,,0.0
"USDA CMDTY PEARS,CND,LT SYRUP,DRND",62.0,0.28,16.21,0.15,11.22,5.0,,0.0
"POMEGRANATE JUC,BTLD",54.0,0.15,13.13,0.29,12.65,9.0,0.077,0.0
"JUICE,APPL & GRAPE BLEND,W/ ADDED VIT C",50.0,0.16,12.46,0.12,10.92,7.0,0.023,0.0
"JUICE,APPL,GRAPE & PEAR BLEND,W/ ADDED VIT C & CA",52.0,0.17,12.96,0.12,9.95,5.0,0.021,0.0
"KIWIFRUIT,GOLD,RAW",60.0,1.23,14.23,0.56,10.98,3.0,0.149,0.0
"PLANTAINS,GRN,FRIED",309.0,1.5,49.17,11.81,3.63,2.0,3.69,0.0
"PLANTAINS,YEL,FRIED,LATINO RESTAURANT",236.0,1.42,40.77,7.51,21.76,6.0,1.816,0.0
"NANCE,CND,SYRUP,DRND",95.0,0.56,22.79,1.28,15.66,8.0,,0.0
"NANCE,FRZ,UNSWTND",73.0,0.66,16.97,1.16,8.31,3.0,,0.0
"NARANJILLA (LULO) PULP,FRZ,UNSWTND",25.0,0.44,5.9,0.22,3.74,4.0,,0.0
ORANGE PNAPPL JUC BLEND,51.0,0.41,12.2,0.08,10.57,4.0,0.011,0.0
"PORK,FRSH,ENHANCED,COMP OF FAT,CKD",585.0,10.06,0.32,60.42,0.0,125.0,21.382,0.0
"PORK,FRSH,CARCASS,LN&FAT,RAW",376.0,13.91,0.0,35.07,0.0,42.0,12.44,0.0
"PORK,FRSH,COMP OF RTL CUTS (LEG,LOIN,SHLDR),LN,RAW",134.0,21.2,0.0,4.82,0.0,59.0,1.022,0.0
"PORK,FRSH,COMP OF LEG,LOIN,SHLDR,& SPARERIBS,LN & FAT,RAW",211.0,18.22,0.0,14.79,0.0,57.0,4.918,0.0
"PORK,FRESH,BACKFAT,RAW",812.0,2.92,0.0,88.69,0.0,11.0,28.470739999999992,0.0
"PORK,FRSH,BELLY,RAW",518.0,9.34,0.0,53.01,0.0,32.0,19.33,0.0
"PORK,FRSH,FAT,RAW",632.0,9.25,0.0,65.7,0.0,47.0,21.979,0.0
"PORK,FRSH,FAT,CKD",626.0,7.06,0.0,66.1,0.0,56.0,23.856,0.0
"PORK,FRSH,LEG (HAM),WHL,LN&FAT,CKD,RSTD",273.0,26.83,0.0,17.61,0.0,60.0,6.47,0.0
"PORK,FRSH,LEG (HAM),WHL,LN,RAW",136.0,20.48,0.0,5.41,0.0,55.0,1.87,0.0
"PORK,FRSH,LEG (HAM),WHL,LN,CKD,RSTD",211.0,29.41,0.0,9.44,0.0,64.0,3.3,0.0
"PORK,FRSH,LEG (HAM),RUMP HALF,LN&FAT,RAW",182.0,20.27,0.0,10.63,0.0,73.0,3.526,0.0
"PORK,FRSH,LEG (HAM),RUMP HALF,LN&FAT,CKD,RSTD",209.0,27.03,0.0,10.32,0.0,77.0,3.369,0.0
"PORK,FRSH,LEG (HAM),RUMP HALF,LN,RAW",120.0,21.81,0.0,2.93,0.0,76.0,0.947,0.0
"PORK,FRSH,LEG (HAM),RUMP HALF,LN,CKD,RSTD",165.0,28.86,0.0,4.62,0.0,80.0,1.451,0.0
"PORK,FRSH,LEG (HAM),SHANK HALF,LN&FAT,RAW",193.0,19.87,0.0,11.96,0.0,84.0,3.942,0.0
"PORK,FRSH,LEG (HAM),SHANK HALF,LN&FAT,CKD,RSTD",232.0,25.96,0.0,13.42,0.0,81.0,4.609,0.0
"PORK,FRSH,LEG (HAM),SHANK HALF,LN,RAW",119.0,21.66,0.0,2.95,0.0,90.0,0.917,0.0
"PORK,FRSH,LEG (HAM),SHANK HALF,LN,CKD,RSTD",175.0,28.69,0.0,5.83,0.0,84.0,1.837,0.0
"PORK,FRSH,LOIN,WHL,LN&FAT,RAW",198.0,19.74,0.0,12.58,0.0,50.0,4.36,0.0
"PORK,FRSH,LOIN,WHL,LN&FAT,CKD,BRSD",239.0,27.23,0.0,13.62,0.0,48.0,5.11,0.0
"PORK,FRSH,LOIN,WHL,LN&FAT,CKD,BRLD",242.0,27.32,0.0,13.92,0.0,62.0,5.23,0.0
"PORK,FRSH,LOIN,WHL,LN&FAT,CKD,RSTD",248.0,27.09,0.0,14.65,0.0,59.0,5.37,0.0
"PORK,FRSH,LOIN,WHL,LN,RAW",143.0,21.43,0.0,5.66,0.0,52.0,1.95,0.0
"PORK,FRSH,LOIN,WHL,LN,CKD,BRSD",204.0,28.57,0.0,9.12,0.0,50.0,3.38,0.0
"PORK,FRSH,LOIN,WHL,LN,CKD,BRLD",210.0,28.57,0.0,9.8,0.0,64.0,3.64,0.0
"PORK,FRSH,LOIN,WHL,LN,CKD,RSTD",209.0,28.62,0.0,9.63,0.0,58.0,3.51,0.0
"PORK,FRSH,LOIN,BLADE (CHOPS OR ROASTS),BONE-IN,LN&FAT,RAW",194.0,19.56,0.0,12.27,0.0,69.0,4.27,0.0
"PORK,FRSH,LOIN,BLADE (CHOPS),BONE-IN,LN&FAT,CKD,BRSD",255.0,26.54,0.0,15.71,0.0,69.0,4.487,0.0
"PORK,FRSH,LOIN,BLADE (CHOPS),BONE-IN,LN&FAT,CKD,BRLD",231.0,23.72,0.0,14.35,0.0,74.0,4.339,0.0
"PORK,FRSH,LOIN,BLADE (ROASTS),BONE-IN,LN&FAT,CKD,RSTD",254.0,24.29,0.0,16.71,0.0,76.0,5.9,0.0
"PORK,FRSH,LOIN,BLADE (CHOPS OR ROASTS),BONE-IN,LN,RAW",143.0,21.22,0.0,5.84,0.0,73.0,1.974,0.0
"PORK,FRSH,LOIN,BLADE (CHOPS),BONE-IN,LN,CKD,BRSD",222.0,28.02,0.0,11.29,0.0,70.0,2.59,0.0
"PORK,FRSH,LOIN,BLADE (CHOPS),BONE-IN,LN,CKD,BRLD",193.0,24.99,0.0,9.56,0.0,76.0,2.322,0.0
"PORK,FRSH,LOIN,BLADE (ROASTS),BONE-IN,LN,CKD,RSTD",217.0,25.7,0.0,11.89,0.0,78.0,3.934,0.0
"PORK,FRSH,LOIN,CNTR LOIN (CHOPS),BONE-IN,LN & FAT,RAW",170.0,20.71,0.0,9.03,0.0,55.0,2.993,0.0
"PORK,FRSH,LOIN,CNTR LOIN (CHOPS),BONE-IN,LN&FAT,CKD,BRSD",242.0,28.21,0.0,13.51,0.0,73.0,4.934,0.0
"PORK,FRSH,LOIN,CNTR LOIN (CHOPS),BONE-IN,LN&FAT,CKD,BRLD",209.0,25.61,0.0,11.06,0.0,55.0,3.518,0.0
"PORK,FRSH,LOIN,CNTR LOIN (ROASTS),BONE-IN,LN&FAT,CKD,RSTD",231.0,27.01,0.0,12.8,0.0,83.0,4.859,0.0
"PORK,FRSH,LOIN,CNTR LOIN (CHOPS),BONE-IN,LN,RAW",127.0,21.99,0.0,3.71,0.0,58.0,1.098,0.0
"PORK,FRSH,LOIN,CNTR LOIN (CHOPS),BONE-IN,LN,CKD,BRSD",200.0,30.2,0.0,7.86,0.0,75.0,2.671,0.0
"PORK,FRSH,LOIN,CNTR LOIN (CHOPS),BONE-IN,LN,CKD,BRLD",180.0,26.76,0.0,7.29,0.0,56.0,2.156,0.0
"PORK,FRSH,LOIN,CNTR LOIN (ROASTS),BONE-IN,LN,CKD,RSTD",194.0,28.58,0.0,7.95,0.0,86.0,2.932,0.0
"PORK,FRSH,LOIN,CNTR RIB (CHOPS OR ROASTS),BONE-IN,LN&FAT,RAW",186.0,20.28,0.0,11.04,0.0,56.0,2.365,0.0
"PORK,FRSH,LOIN,CNTR RIB (CHOPS),BONE-IN,LN&FAT,CKD,BRSD",261.0,26.66,0.0,16.28,0.0,70.0,5.435,0.0
"PORK,FRSH,LOIN,CNTR RIB (CHOPS),BONE-IN,LN&FAT,CKD,BRLD",222.0,24.42,0.0,13.04,0.0,55.0,4.486,0.0
"PORK,FRSH,LOIN,CNTR RIB (ROASTS),BONE-IN,LN&FAT,CKD,RSTD",248.0,26.99,0.0,14.68,0.0,91.0,5.442,0.0
"PORK,FRSH,LOIN,CNTR RIB (CHOPS OR ROASTS),BONE-IN,LN,RAW",136.0,21.79,0.0,4.8,0.0,60.0,1.617,0.0
"PORK,FRSH,LOIN,CNTR RIB (CHOPS),BONE-IN,LN,CKD,BRSD",208.0,29.03,0.0,9.32,0.0,72.0,2.553,0.0
"PORK,FRSH,LOIN,CNTR RIB (CHOPS),BONE-IN,LN,CKD,BRLD",186.0,25.79,0.0,8.36,0.0,57.0,2.816,0.0
"PORK,FRSH,LOIN,CNTR RIB (ROASTS),BONE-IN,LN,CKD,RSTD",206.0,28.82,0.0,9.21,0.0,95.0,3.254,0.0
"PORK,FRSH,LOIN,SIRLOIN (CHOPS OR ROASTS),BONE-IN,LN&FAT,RAW",168.0,20.48,0.0,8.96,0.0,57.0,1.851,0.0
"PORK,FRSH,LOIN,SIRLOIN (CHOPS),BONE-IN,LN&FAT,CKD,BRSD",234.0,28.81,0.0,12.31,0.0,58.0,4.294,0.0
"PORK,FRSH,LOIN,SIRLOIN (CHOPS),BONE-IN,LN&FAT,CKD,BRLD",222.0,26.96,0.0,11.82,0.0,86.0,4.045,0.0
"PORK,FRSH,LOIN,SIRLOIN (ROASTS),BONE-IN,LN&FAT,CKD,RSTD",230.0,26.64,0.0,12.87,0.0,57.0,4.113,0.0
"PORK,FRSH,LOIN,SIRLOIN (CHOPS OR ROASTS),BONE-IN,LN,RAW",129.0,21.65,0.0,4.02,0.0,59.0,,0.0
"PORK,FRSH,LOIN,SIRLOIN (CHOPS),BONE-IN,LN,CKD,BRSD",195.0,31.0,0.0,6.9,0.0,58.0,2.327,0.0
"PORK,FRSH,LOIN,SIRLOIN (CHOPS),BONE-IN,LN,CKD,BRLD",174.0,29.29,0.0,5.45,0.0,89.0,1.718,0.0
"PORK,FRSH,LOIN,SIRLOIN (ROASTS),BONE-IN,LN,CKD,RSTD",204.0,27.78,0.0,9.44,0.0,59.0,2.871,0.0
PORK  FRSH  LOIN  TENDERLOIN   LN ONLY  RAW,109.0,20.95,0.0,2.17,0.0,53.0,0.698,0.0
"PORK,FRSH,LOIN,TENDERLOIN,LN,CKD,RSTD",143.0,26.17,0.0,3.51,0.0,57.0,1.198,0.0
"PORK,FRSH,LOIN,TOP LOIN (CHOPS),BNLESS,LN & FAT,RAW",155.0,21.55,0.0,6.94,0.0,48.0,2.45,0.0
"PORK,FRSH,LOIN,TOP LOIN (CHOPS),BNLESS,LN & FAT,CKD,BRSD",200.0,29.2,0.0,8.31,0.0,66.0,3.218,0.0
"PORK,FRSH,LOIN,TOP LOIN (CHOPS),BNLESS,LN & FAT,CKD,BRLD",196.0,26.62,0.0,9.14,0.0,44.0,3.164,0.0
"PORK,FRSH,LOIN,TOP LOIN (ROASTS),BNLESS,LN&FAT,CKD,RSTD",192.0,26.45,0.0,8.82,0.0,46.0,2.839,0.0
"PORK,FRSH,LOIN,TOP LOIN (CHOPS),BNLESS,LN,RAW",127.0,22.41,0.0,3.42,0.0,49.0,1.208,0.0
"PORK,FRSH,LOIN,TOP LOIN (CHOPS),BNLESS,LN,CKD,BRSD",170.0,30.54,0.0,4.34,0.0,67.0,1.657,0.0
"PORK,FRSH,LOIN,TOP LOIN (CHOPS),BNLESS,LN,CKD,BRLD",173.0,27.58,0.0,6.08,0.0,45.0,2.077,0.0
"PORK,FRSH,LOIN,TOP LOIN (ROASTS),BNLESS,LN,CKD,RSTD",173.0,27.23,0.0,6.28,0.0,47.0,1.927,0.0
"PORK,FRSH,SHLDR,WHL,LN&FAT,RAW",236.0,17.18,0.0,17.99,0.0,65.0,6.24,0.0
"PORK,FRSH,SHLDR,WHL,LN&FAT,CKD,RSTD",292.0,23.28,0.0,21.39,0.0,68.0,7.86,0.0
"PORK,FRSH,SHLDR,WHL,LN,CKD,RSTD",230.0,25.33,0.0,13.54,0.0,75.0,4.79,0.0
"PORK,FRSH,SHLDR,ARM PICNIC,LN&FAT,RAW",193.0,18.71,0.0,12.51,0.0,84.0,4.14,0.0
"PORK,FRSH,SHLDR,ARM PICNIC,LN&FAT,CKD,BRSD",235.0,24.88,0.0,14.33,0.0,96.0,4.854,0.0
"PORK,FRSH,SHLDR,ARM PICNIC,LN,RAW",120.0,20.26,0.0,3.77,0.0,90.0,1.206,0.0
"PORK,FRSH,SHLDR,ARM PICNIC,LN,CKD,BRSD",194.0,26.76,0.0,8.87,0.0,100.0,2.85,0.0
"PORK,FRSH,SHLDR,(BOSTON BUTT),BLADE (STEAKS),LN & FAT,RAW",186.0,17.42,0.0,12.36,0.0,61.0,4.348,0.0
"PORK,FRSH,SHLDR,(BOSTON BUTT),BLADE (STKS),LN & FAT,CKD,BRSD",267.0,25.07,0.0,17.69,0.0,58.0,6.584,0.0
"PORK,FRSH,SHLDR,BLADE,BOSTON (STEAKS),LN&FAT,CKD,BRLD",259.0,25.58,0.0,16.61,0.0,69.0,5.95,0.0
"PORK,FRSH,SHLDR,BLADE,BOSTON (ROASTS),LN&FAT,CKD,RSTD",269.0,23.11,0.0,18.86,0.0,67.0,6.97,0.0
"PORK,FRSH,SHLDR,(BOSTON BUTT),BLADE (STEAKS),LN,RAW",132.0,18.73,0.0,5.71,0.0,65.0,1.998,0.0
"PORK,FRSH,SHLDR,(BOSTON BUTT),BLADE (STEAKS),LN,CKD,BRSD",233.0,26.57,0.0,13.2,0.0,60.0,5.023,0.0
"PORK,FRSH,SHLDR,BLADE,BOSTON (STEAKS),LN,CKD,BRLD",227.0,26.74,0.0,12.54,0.0,74.0,4.45,0.0
"PORK,FRSH,SHLDR,BLADE,BOSTON (ROASTS),LN,CKD,RSTD",232.0,24.21,0.0,14.3,0.0,88.0,5.19,0.0
"PORK,FRSH,SPARERIBS,LN&FAT,RAW",277.0,15.47,0.0,23.4,0.0,81.0,7.529,0.0
"PORK,FRSH,SPARERIBS,LN&FAT,CKD,BRSD",397.0,29.06,0.0,30.3,0.0,93.0,11.12,0.0
"PORK,FRSH,COMP OF RTL CUTS (LEG,LOIN,&SHLDR),LN,CKD",201.0,27.51,0.0,9.21,0.0,55.0,3.092,0.0
"PORK,FRSH,VAR MEATS&BY-PRODUCTS,CHITTERLINGS,RAW",182.0,7.64,0.0,16.61,0.0,24.0,7.619,0.0
"PORK,FRSH,VAR MEATS&BY-PRODUCTS,CHITTERLINGS,CKD,SIMMRD",233.0,12.49,0.0,20.32,0.0,18.0,9.52,0.0
"PORK,FRSH,VAR MEATS&BY-PRODUCTS,FEET,RAW",212.0,23.16,0.0,12.59,0.0,132.0,3.57,0.0
"PORK,FRSH,VAR MEATS&BY-PRODUCTS,HEART,RAW",118.0,17.27,1.33,4.36,0.0,56.0,1.16,0.0
"PORK,FRSH,VAR MEATS&BY-PRODUCTS,JOWL,RAW",655.0,6.38,0.0,69.61,0.0,25.0,25.26,0.0
"PORK,FRSH,VAR MEATS&BY-PRODUCTS,STOMACH,RAW",159.0,16.85,0.0,10.14,0.0,75.0,4.025,0.0
"PORK,FRSH,LOIN,BLADE (CHOPS),BONE-IN,LN,CKD,PAN-FRIED",222.0,26.38,0.0,12.14,0.0,88.0,2.557,0.0
"PORK,FRSH,VAR MEATS&BY-PRODUCTS,TONGUE,RAW",225.0,16.3,0.0,17.2,0.0,110.0,5.96,0.0
"PORK,CURED,BACON,RAW",458.0,11.6,0.66,45.04,0.0,833.0,14.993,0.0
"PORK,CURED,BACON,CKD,BRLD,PAN-FRIED OR RSTD",541.0,35.62,1.43,41.78,0.0,2060.149999999986,13.739,0.0
"PORK,CURED,BRKFST STRIPS,CKD",459.0,28.95,1.05,36.7,0.0,2060.149999999986,12.77,0.0
"PORK,CURED,CANADIAN-STYLE BACON,UNHTD",157.0,20.64,1.68,6.97,0.0,1409.0,2.22,0.0
"PORK,CURED,CANADIAN-STYLE BACON,GRILLED",185.0,24.24,1.35,8.44,0.0,1546.0,2.84,0.0
"PORK,CURED,FEET,PICKLED",140.0,11.63,0.01,10.02,0.0,560.0,2.945,0.0
"PORK,CURED,HAM,BNLESS,EX LN (APPROX 5% FAT),RSTD",145.0,20.93,1.5,5.53,0.0,1203.0,1.81,0.0
"PORK,CURED,HAM,BNLESS,REG (APPROX 11% FAT),RSTD",178.0,22.62,0.0,9.02,0.0,1500.0,3.12,0.0
"PORK,CURED,HAM,EX LN (APPROX 4% FAT),CND,UNHTD",120.0,18.49,0.0,4.56,0.0,1255.0,1.51,0.0
"PORK,CURED,HAM,REG (APPROX 13% FAT),CND,UNHTD",190.0,16.97,0.02,12.99,0.0,1240.0,4.25,0.0
"PORK,CURED,HAM,CNTR SLICE,COUNTRY-STYLE,LN,RAW",195.0,27.8,0.3,8.32,0.0,2060.149999999986,2.78,0.0
"PORK,CURED,HAM,PATTIES,GRILLED",342.0,13.3,1.7,30.85,0.0,1063.0,11.09,0.0
"PORK,CURED,HAM,WHL,LN&FAT,UNHTD",246.0,18.49,0.06,18.52,0.0,1284.0,6.62,0.0
"PORK,CURED,HAM,WHL,LN&FAT,RSTD",243.0,21.57,0.0,16.77,0.0,1187.0,5.98,0.0
"PORK,CURED,HAM,WHL,LN,UNHTD",147.0,22.32,0.05,5.71,0.0,1516.0,1.92,0.0
"PORK,CURED,HAM,WHL,LN,RSTD",157.0,25.05,0.0,5.5,0.0,1327.0,1.84,0.0
"USDA CMDTY,PORK,CND",196.0,19.4,0.59,12.95,0.0,213.0,4.225,0.0
"PORK,CURED,SALT PORK,RAW",748.0,5.05,0.0,80.5,0.0,1424.0,28.470739999999992,0.0
"PORK,CURED,FAT (FROM HAM&ARM PICNIC),UNHTD",579.0,5.68,0.09,61.41,0.0,505.0,22.52,0.0
"PORK,CURED,SHLDR,ARM PICNIC,LN&FAT,RSTD",280.0,20.43,0.0,21.35,0.0,1072.0,7.67,0.0
"PORK,CURED,SHLDR,ARM PICNIC,LN,RSTD",170.0,24.94,0.0,7.04,0.0,1231.0,2.36,0.0
"PORK,FRSH,VAR MEATS&BY-PRODUCTS,FEET,CKD,SIMMRD",232.0,21.94,0.0,16.05,0.0,73.0,4.343,0.0
"PORK,FRSH,LOIN,CNTR LOIN (CHOPS),BONE-IN,LN,CKD,PAN-FRIED",195.0,29.56,0.0,7.66,0.0,99.0,2.597,0.0
"PORK,FRSH,LOIN,CNTR RIB (CHOPS),BONE-IN,LN,CKD,PAN-FRIED",211.0,28.84,0.0,9.73,0.0,88.0,2.563,0.0
"PORK,FRSH,LOIN,BLADE (CHOPS),BONE-IN,LN&FAT,CKD,PAN-FRIED",256.0,25.02,0.0,16.56,0.0,85.0,4.491,0.0
"PORK,FRSH,LOIN,CNTR LOIN CHOPS,BONE-IN,LN&FAT,CKD,PAN-FRIED",238.0,27.63,0.0,13.32,0.0,94.0,4.867,0.0
"PORK,FRSH,LOIN,CNTR RIB (CHOPS),BONE-IN,LN&FAT,CKD,PAN-FRIED",256.0,26.81,0.0,15.71,0.0,84.0,5.056,0.0
"PORK,FRSH,LOIN,TOP LOIN (CHOPS),BNLESS,LN,CKD,PAN-FRIED",172.0,30.46,0.0,4.62,0.0,87.0,1.784,0.0
"PORK,CURED,HAM,BNLESS,EX LN&REG,UNHTD",162.0,18.26,2.28,8.39,0.0,1278.0,2.7,0.0
"PORK,CURED,HAM,BNLESS,EX LN&REG,RSTD",165.0,21.97,0.5,7.66,0.0,1385.0,2.61,0.0
"PORK,CURED,HAM,EX LN&REG,CND,UNHTD",144.0,17.97,0.0,7.46,0.0,1276.0,2.45,0.0
"PORK,CURED,HAM,EX LN&REG,CND,RSTD",167.0,20.94,0.49,8.43,0.0,1068.0,2.81,0.0
"PORK,FRSH,LOIN,TOP LOIN (CHOPS),BNLESS,LN&FAT,CKD,PAN-FRIED",196.0,29.36,0.0,7.86,0.0,86.0,3.058,0.0
"PORK,FRSH,COMP (LEG,LOIN,SHLDR,&SPARERIBS),LN&FAT,CKD",238.0,26.36,0.0,13.89,0.0,57.0,4.893,0.0
"PORK,FRSH,BACKRIBS,LN&FAT,RAW",224.0,19.07,0.0,16.33,0.0,87.0,5.783,0.0
"PORK,FRSH,BACKRIBS,LN&FAT,CKD,RSTD",286.0,23.01,0.0,21.51,0.0,94.0,7.8,0.0
"PORK,FRSH,LOIN,CNTR RIB (CHOPS OR ROASTS),BNLESS,LN&FAT,RAW",211.0,19.9,0.0,14.01,0.0,42.0,4.86,0.0
"PORK,FRSH,LOIN,CNTR RIB (CHOPS),BNLESS,LN&FAT,CKD,PAN-FRIED",273.0,25.82,0.0,18.05,0.0,50.0,6.72,0.0
"PORK,FRSH,LOIN,CNTR RIB (CHOPS OR ROASTS),BNLESS,LN,RAW",152.0,21.8,0.0,6.48,0.0,45.0,2.24,0.0
"PORK,FRSH,LOIN,CNTR RIB (CHOPS),BNLESS,LN,CKD,BRSD",211.0,27.95,0.0,10.14,0.0,41.0,3.96,0.0
"PORK,FRSH,LOIN,CNTR RIB (CHOPS),BNLESS,LN,CKD,PAN-FRIED",224.0,27.68,0.0,11.8,0.0,52.0,4.3,0.0
"PORK,FRSH,LOIN,COUNTRY-STYLE RIBS,LN&FAT,RAW",189.0,19.34,0.0,11.82,0.0,63.0,2.37,0.0
"PORK,FRSH,LOIN,COUNTRY-STYLE RIBS,LN&FAT,CKD,BRSD",273.0,26.49,0.0,17.71,0.0,58.0,6.302,0.0
"PORK,FRSH,LOIN,COUNTRY-STYLE RIBS,LN & FAT,BONE-IN,CKD,RSTD",359.0,21.75,0.0,29.46,0.0,52.0,10.689,0.0
"PORK,FRSH,LOIN,COUNTRY-STYLE RIBS,LN,RAW",140.0,20.76,0.0,5.64,0.0,67.0,2.012,0.0
"PORK,FRSH,LOIN,COUNTRY-STYLE RIBS,LN,CKD,BRSD",247.0,27.74,0.0,14.26,0.0,60.0,5.086,0.0
"PORK,FRSH,LOIN,COUNTRY-STYLE RIBS,LN,BONE-IN,CKD,RSTD",227.0,29.2,0.0,11.38,0.0,91.0,3.766,0.0
"PORK,FRSH,LOIN,SIRLOIN (CHOPS OR ROASTS),BNLESS,LN&FAT,RAW",133.0,22.49,0.0,4.05,0.0,63.0,1.393,0.0
"PORK,FRSH,LOIN,SIRLOIN (CHOPS),BNLESS,LN&FAT,CKD,BRSD",171.0,28.41,0.0,5.47,0.0,56.0,1.87,0.0
"PORK,FRSH,LOIN,SIRLOIN (CHOPS),BNLESS,LN&FAT,CKD,BRLD",170.0,28.19,0.0,5.53,0.0,65.0,1.785,0.0
"PORK,FRSH,LOIN,SIRLOIN (ROASTS),BNLESS,LN&FAT,CKD,RSTD",192.0,29.62,0.0,7.32,0.0,66.0,2.528,0.0
"PORK,FRSH,LOIN,SIRLOIN (CHOPS OR ROASTS),BNLESS,LN,RAW",121.0,22.81,0.0,2.59,0.0,63.0,0.906,0.0
"PORK,FRSH,LOIN,SIRLOIN (CHOPS),BNLESS,LN,CKD,BRSD",163.0,28.75,0.0,4.5,0.0,56.0,1.517,0.0
"PORK,FRSH,LOIN,SIRLOIN (CHOPS),BNLESS,LN,CKD,BRLD",161.0,28.6,0.0,4.36,0.0,66.0,1.357,0.0
"PORK,FRSH,LOIN,SIRLOIN (ROASTS),BNLESS,LN,CKD,RSTD",178.0,30.39,0.0,5.31,0.0,66.0,1.798,0.0
"PORK,FRSH,LOIN,TENDERLOIN,LN&FAT,RAW",120.0,20.65,0.0,3.53,0.0,52.0,1.181,0.0
"PORK,FRESH,GROUND,COOKED",297.0,25.69,0.0,20.77,0.0,73.0,7.72,0.0
"PORK,FRSH,LOIN,TENDERLOIN,LN&FAT,CKD,RSTD",147.0,26.04,0.0,3.96,0.0,57.0,1.358,0.0
"PORK,FRSH,LOIN,TOP LOIN (ROASTS),BNLESS,LN&FAT,RAW",166.0,21.34,0.0,8.33,0.0,47.0,1.598,0.0
"PORK,FRSH,LOIN,TOP LOIN (ROASTS),BNLESS,LN,RAW",132.0,22.39,0.0,4.06,0.0,49.0,1.248,0.0
"PORK,FRSH,COMP OF RTL CUTS (LOIN & SHLDR BLADE),LN & FAT,RAW",177.0,20.08,0.0,10.14,0.0,54.0,3.106,0.0
"PORK,FRSH,COMP OF RTL CUTS (LOIN&SHLDR BLADE),LN&FAT,CKD",235.0,26.07,0.0,13.66,0.0,55.0,4.703,0.0
"USDA COMMODITY,PORK,CURED,HAM,BNLESS,CKD,HTD",149.0,18.84,0.0,7.62,0.0,1155.0,1.701,0.0
"HORMEL,CURE 81 HAM",106.0,18.43,0.21,3.59,0.0,1038.0,1.17,0.0
"HORMEL ALWAYS TENDER,PORK TENDERLOIN,TERIYAKI-FLAVORED",119.0,18.2,4.63,3.07,3.33,413.0,1.05,0.0
"HORMEL ALWAYS TENDER,PORK TENDERLOIN,PEPPERCORN-FLAVORED",110.0,17.21,1.82,3.8,0.14,594.0,1.16,0.0
"HORMEL ALWAYS TENDER,PORK LOIN FILETS,LEMON GARLIC-FLAVORED",118.0,17.83,1.79,4.16,0.22,590.0,1.41,0.0
"HORMEL ALWAYS TENDER,CNTR CUT CHOPS,FRSH PORK",167.0,18.74,0.84,9.62,0.28,378.0,3.6,0.0
"HORMEL ALWAYS TENDER,BNLESS PORK LOIN,FRSH PORK",145.0,19.02,0.76,7.18,0.08,358.0,2.84,0.0
HORMEL CANADIAN STYLE BACON,122.0,16.88,1.87,4.94,1.43,1016.0,1.83,0.0
"PORK,FRSH,LOIN,TOP LOIN (CHOPS),BNLESS,ENH,LN,CKD,PAN-BROIL",169.0,28.95,0.0,5.0,0.0,209.0,1.797,0.0
"PRK,FRSH,TOP LOIN (CHPS),BNLESS,ENHCD,LN & FAT,CKD,PAN-BRLD",190.0,28.35,0.0,7.66,0.0,205.0,2.725,0.0
"PORK,CURED,BACON,CKD,BKD",548.0,35.62,1.35,43.27,0.0,2060.149999999986,14.187,0.0
"PORK,CURED,BACON,CKD,MICROWAVED",505.0,35.62,1.05,37.27,0.0,2060.149999999986,12.102,0.0
"PORK,CURED,BACON,CKD,PAN-FRIED",533.0,35.62,1.5,40.3,0.0,2060.149999999986,13.291,0.0
"PORK,FRSH,VAR MEATS & BY-PRODUCTS,STOMACH,CKD,SIMMRD",157.0,21.4,0.09,7.26,0.0,40.0,2.99,0.0
"PORK,BACON,RENDERED FAT,CKD",884.0,0.07,0.0,99.5,0.0,27.0,28.470739999999992,0.0
"PORK,CURED,HAM -- H2O ADDED,RUMP,BONE-IN,LN,HTD,RSTD",121.0,21.41,0.87,3.56,0.84,1150.0,1.254,0.0
"PORK,CURED,HAM -- H2O ADDED,RUMP,BONE-IN,LN,UNHTD",95.0,15.43,0.56,3.48,0.67,1170.0,1.227,0.0
"PORK,CURED,HAM -- H2O ADDED,SHANK,BONE-IN,LN,HTD,RSTD",128.0,20.92,1.2,4.43,0.91,1060.0,1.402,0.0
"PORK,CURED,HAM -- H2O ADDED,SLICE,BONE-IN,LN,HTD,PAN-BROIL",131.0,22.04,1.03,4.3,1.67,1374.0,1.439,0.0
"PORK,CURED,HAM & H2O PRODUCT,SLICE,BONE-IN,LN,HTD,PAN-BROIL",122.0,20.9,1.35,3.63,1.1,1237.0,1.217,0.0
"PORK,CURED,HAM & H2O PRODUCT,SLICE,BNLESS,LN,HTD,PAN-BROIL",123.0,15.09,4.38,5.06,4.69,1390.0,1.528,0.0
"PORK,CURED,HAM & H2O PRODUCT,WHL,BNLESS,LN,HTD,RSTD",123.0,13.88,4.49,5.46,4.61,1335.0,1.841,0.0
"PORK,CURED,HAM & H2O PRODUCT,WHL,BNLESS,LN,UNHTD",116.0,14.07,4.0,4.86,4.22,1310.0,1.447,0.0
"PORK,CURED,HAM W/ NAT JUICES,RUMP,BONE-IN,LN,HTD,RSTD",137.0,24.14,0.43,4.25,0.48,861.0,1.418,0.0
"PORK,CURED,HAM W/ NAT JUICES,SHANK,BONE-IN,LN,HTD,RSTD",145.0,24.95,0.01,4.97,0.34,820.0,1.564,0.0
"PORK,CURED,HAM W/ NAT JUICES,SLICE,BONE-IN,LN,HTD,PAN-BROIL",150.0,27.75,0.0,4.38,0.0,835.0,1.11,0.0
"PRK,CRD,HAM W/ NAT JUCS,SPRL SLC,MEAT ONLY,BNLES,LN,HTD,RSTD",126.0,22.56,0.41,3.78,1.08,986.0,0.493,0.0
"PORK,CURED,HAM & H2O PRODUCT,RUMP,BONE-IN,LN,HTD,RSTD",131.0,21.28,1.0,4.7,1.15,1267.0,1.536,0.0
"PORK,CURED,HAM -- H2O ADDED,SLICE,BNLESS,LN,HTD,PAN-BROIL",117.0,18.82,1.24,4.09,1.75,1223.0,1.401,0.0
"PORK,CURED,HAM -- H2O ADDED,WHL,BNLESS,LN,HTD,RSTD",117.0,17.99,1.38,4.39,1.57,1193.0,1.424,0.0
"PORK,CURED,HAM -- H2O ADDED,WHL,BNLESS,LN,UNHTD",110.0,17.34,1.18,3.97,1.45,1141.0,1.428,0.0
"PORK,CURED,HAM & H2O PRODUCT,SHANK,BONE-IN,LN,HTD,RSTD",132.0,21.69,1.2,4.45,1.26,1045.0,1.471,0.0
"PORK,CURED,HAM W/ NAT JUICES,SLICE,BNLESS,LN,HTD,PAN-BROIL",116.0,20.95,0.99,3.16,1.05,1163.0,0.975,0.0
"PORK,CURED,HAM W/ NAT JUICES,WHL,BNLESS,LN,HTD,RSTD",113.0,20.57,0.84,3.01,0.81,1180.0,1.044,0.0
"PORK,CURED,HAM W/ NAT JUICES,WHL,BNLESS,LN,UNHTD",110.0,19.44,0.95,3.21,1.03,1098.0,0.934,0.0
"PORK,CURED,HAM -- H2O ADDED,SHANK,BONE-IN,LN,UNHTD",91.0,18.65,0.0,1.87,0.71,1040.0,0.592,0.0
"PORK,CURED,HAM -- H2O ADDED,SLICE,BONE-IN,LN,UNHTD",91.0,17.38,0.32,2.29,1.23,1090.0,0.768,0.0
"PORK,CURED,HAM & H2O PRODUCT,RUMP,BONE-IN,LN,UNHTD",107.0,17.93,1.24,3.38,0.97,1070.0,1.105,0.0
"PORK,CURED,HAM & H2O PRODUCT,SLICE,BONE-IN,LN,UNHTD",103.0,14.47,2.82,3.78,0.91,1160.0,1.266,0.0
"PORK,CURED,HAM & H2O PRODUCT,SHANK,BONE-IN,UNHTD,LN",113.0,17.53,1.2,4.18,1.06,1090.0,1.384,0.0
"PORK,CURED,HAM W/ NAT JUICES,RUMP,BONE-IN,LN,UNHTD",122.0,22.71,0.06,3.47,0.43,893.0,1.16,0.0
"PORK,CURED,HAM W/ NAT JUICES,SHANK,BONE-IN,LN,UNHTD",130.0,25.11,0.0,3.33,0.3,809.0,1.048,0.0
"PORK,CURED,HAM W/ NAT JUICES,SLICE,BONE-IN,LN,UNHTD",123.0,24.34,0.0,2.87,0.0,861.0,0.726,0.0
"PORK,CURED,HAM W/ NAT JUICES,SPIRAL SLICE,BNLESS,LN,UNHTD",109.0,19.25,0.63,3.26,1.22,895.0,1.009,0.0
"PORK,CURED,HAM,FAT,BNLESS,HTD",507.0,8.77,2.0,51.57,0.28,677.0,17.048,0.0
"PORK,CURED,HAM,FAT,BNLESS,UNHTD",515.0,7.5,1.87,53.0,0.44,616.0,17.433,0.0
"PORK,PICKLED PORK HOCKS",171.0,19.11,0.0,10.54,0.0,1050.0,3.231,0.0
"PORK,CURED,HAM,SLICE,BONE-IN,LN,HTD,PAN-BROIL",146.0,27.18,0.23,4.09,0.74,870.0,1.253,0.0
"PORK,CURED,HAM W/ NAT JUICES,WHL,BNLESS,LN & FAT,UNHTD",112.0,19.38,0.95,3.43,1.02,1096.0,1.005,0.0
"PORK,CURED,HAM W/ NAT JUICES,SPIRL SLCE,BNLES,LN & FAT,UNHTD",129.0,18.66,0.69,5.75,1.18,881.0,1.833,0.0
"PORK,CURED,HAM W/ NAT JUICES,SLICE,BONE-IN,LN & FAT,UNHTD",159.0,22.82,0.17,7.4,0.04,839.0,2.236,0.0
"PORK,CURED,HAM W/ NAT JUICES,SHANK,BONE-IN,LN & FAT,UNHTD",191.0,22.35,0.29,11.11,0.32,779.0,3.614,0.0
"PORK,CURED,HAM W/ NAT JUICES,RUMP,BONE-IN,LN & FAT,UNHTD",200.0,19.7,0.42,13.26,0.43,838.0,4.373,0.0
"PORK,CURED,HAM & H2O PRODUCT,WHL,BNLESS,LN & FAT,UNHTD",117.0,14.05,4.0,4.99,4.21,1308.0,1.489,0.0
"PORK,CURED,HAM & H2O PRODUCT,SLICE,BONE-IN,LN & FAT,UNHTD",149.0,13.69,2.72,9.29,0.85,1099.0,3.076,0.0
"PORK,CURED,HAM & H2O PRODUCT,SHANK,BONE-IN,LN & FAT,UNHTD",243.0,14.28,1.42,20.0,0.86,936.0,6.583,0.0
"PORK,CURED,HAM & H2O PRODUCT,RUMP,BONE-IN,LN & FAT,UNHTD",179.0,16.09,1.35,12.13,0.88,990.0,3.984,0.0
"PORK,CURED,HAM -- H2O ADDED,WHL,BNLESS,LN & FAT,UNHTD",121.0,17.06,1.2,5.38,1.42,1126.0,1.889,0.0
"PORK,CURED,HAM -- H2O ADDED,SLICE,BONE-IN,LN & FAT,UNHTD",162.0,15.73,0.58,10.77,1.1,1011.0,3.554,0.0
"PORK,CURED,HAM -- H2O ADDED,SHANK,BONE-IN,LN & FAT,UNHTD",167.0,16.65,0.33,11.02,0.66,964.0,3.607,0.0
"PORK,CURED,HAM -- H2O ADDED,RUMP,BONE-IN,LN & FAT,UNHTD",172.0,13.99,0.8,12.5,0.62,1069.0,4.176,0.0
"PORK,CURED,HAM -- H2O ADDED,RUMP,BONE-IN,LN & FAT,HTD,RSTD",161.0,20.1,0.99,8.56,0.78,1101.0,2.897,0.0
"PORK,CURED,HAM -- H2O ADDED,SHANK,BONE-IN,LN & FAT,HTD,RSTD",200.0,18.62,1.35,13.37,0.79,988.0,4.371,0.0
"PORK,CURED,HAM -- H2O ADDED,SLCE,BNE-IN,LN & FAT,HTD,PAN-BRL",166.0,20.8,1.12,8.73,1.54,1309.0,2.901,0.0
"PORK,CURED,HAM -- H2O ADDED,SLCE,BNLESS,LN & FAT,HTD,PAN-BRL",125.0,18.62,1.26,5.05,1.72,1212.0,1.717,0.0
"PORK,CURED,HAM -- H2O ADDED,WHL,BNLESS,LN & FAT,HTD,RSTD",126.0,17.77,1.39,5.48,1.54,1181.0,1.787,0.0
"PORK,CURED,HAM & H2O PRODUCT,RUMP,BONE-IN,LN & FAT,HTD,RSTD",186.0,19.46,1.15,11.48,1.03,1181.0,3.783,0.0
"PORK,CURED,HAM & H2O PRODUCT,SHANK,BONE-IN,LN & FAT,HTD,RSTD",234.0,18.17,1.42,17.29,0.99,945.0,5.715,0.0
"PORK,CURED,HAM & H2O PRDCT,SLCE,BNE-IN,LN & FAT,HTD,PAN-BRL",155.0,19.85,1.41,7.78,1.03,1188.0,2.586,0.0
"PORK,CURED,HAM & H2O PRDCT,SLICE,BNLESS,LN & FAT,HTD,PAN-BRL",124.0,15.08,4.38,5.13,4.69,1389.0,1.553,0.0
"PORK,CURED,HAM & H2O PRODUCT,WHL,BNLESS,LN & FAT,HTD,RSTD",123.0,13.88,4.49,5.46,4.61,1335.0,1.841,0.0
"PORK,CURED,HAM W/ NAT JUICES,RUMP,BONE-IN,LN & FAT,HTD,RSTD",177.0,22.47,0.6,9.39,0.45,841.0,3.116,0.0
"PORK,CURED,HAM W/ NAT JUICES,SHANK,BONE-IN,LN & FAT,HTD,RSTD",191.0,22.88,0.26,10.93,0.33,801.0,3.545,0.0
"PORK,CURED,HAM W/ NAT JUICS,SLCE,BNE-IN,LN & FAT,HTD,PAN-BRL",180.0,26.18,0.17,8.28,0.02,821.0,2.427,0.0
"PORK,CURED,HAM W/ NAT JUICS,SLICE,BNLES,LN & FAT,HTD,PAN-BRL",118.0,20.89,0.99,3.4,1.04,1160.0,1.054,0.0
"PORK,CURED,HAM W/ NAT JUCS,SPRL SLCE,BNLES,LN & FAT,HTD,RSTD",136.0,22.18,0.46,5.1,1.06,977.0,0.471,0.0
"PORK,CURED,HAM W/ NAT JUICES,WHL,BNLESS,LN & FAT,HTD,RSTD",114.0,20.54,0.84,3.13,0.81,1179.0,1.084,0.0
"PORK,CURED,HAM,RUMP,BONE-IN,LN & FAT,HTD,RSTD",177.0,23.95,0.37,8.88,0.64,826.0,2.85,0.0
"PORK,CURED,HAM,RUMP,BONE-IN,LN,HTD,RSTD",132.0,26.02,0.15,3.07,0.68,846.0,0.917,0.0
"PORK,CURED,HAM,RUMP,BONE-IN,LN,UNHTD",125.0,24.46,0.32,2.92,0.0,737.0,0.874,0.0
"PORK,CURED,HAM,SHANK,BONE-IN,LN,HTD,RSTD",139.0,26.49,0.0,3.68,0.68,828.0,1.134,0.0
"PORK,CURED,HAM,SHANK,BONE-IN,LN,UNHTD",125.0,23.79,0.18,3.19,0.0,846.0,0.981,0.0
"PORK,CURED,HAM,SHANK,BONE-IN,LN & FAT,HTD,RSTD",183.0,24.39,0.24,9.35,0.64,810.0,2.019,0.0
"PORK,CURED,HAM,SHANK,BONE-IN,LN & FAT,UNHTD",177.0,21.61,0.41,9.85,0.06,816.0,3.18,0.0
"PORK,CURED,HAM,SLICE,BONE-IN,LN & FAT,HTD,PAN-BROIL",180.0,25.48,0.39,8.48,0.7,852.0,1.577,0.0
"PORK,CURED,HAM,SLICE,BONE-IN,LN,UNHTD",130.0,24.36,0.0,3.59,0.0,760.0,1.099,0.0
"PORK,CURED,HAM,SLICE,BONE-IN,LN & FAT,UNHTD",173.0,22.45,0.21,9.17,0.05,744.0,2.945,0.0
"PORK,FRSH,SPARERIBS,LN & FAT,CKD,RSTD",361.0,20.89,0.0,30.86,0.0,91.0,9.242,0.0
"PORK,FRSH,ENHANCED,COMP OF FAT,RAW",508.0,9.27,0.0,52.33,0.0,81.0,18.488,0.0
"PORK,FRSH,ENHANCED,LOIN,TENDERLOIN,LN,CKD,RSTD",116.0,21.61,0.31,3.15,0.0,231.0,1.077,0.0
"PORK,FRSH,ENHANCED,LOIN,TENDERLOIN,LN,RAW",106.0,20.39,0.0,2.09,0.0,243.0,0.671,0.0
"PORK,FRSH,ENHCED,SHLDR,(BOSTON BUTT),BLDE (STKS),LN,CKD,BRSD",227.0,27.58,0.0,12.14,0.0,154.0,4.62,0.0
"PORK,FRSH,ENHANCED,SHLDR,(BOSTON BUTT),BLADE (STEAKS),LN,RAW",122.0,18.29,0.18,5.36,0.0,165.0,1.873,0.0
"PORK,FRSH,ENHANCED,LOIN,TOP LOIN (CHOPS),BNLESS,LN,CKD,BRLD",131.0,24.81,0.0,3.53,0.0,237.0,1.206,0.0
"PORK,FRSH,ENHANCED,LOIN,TOP LOIN (CHOPS),BNLESS,LN,RAW",110.0,21.78,0.0,2.51,0.0,232.0,0.886,0.0
"PORK,FRSH,ENHANCED,LOIN,TOP LOIN (CHOPS),BNLESS,LN & FAT,RAW",123.0,21.35,0.0,4.21,0.0,226.0,1.486,0.0
"PORK,FRSH,ENHCD,LN,TOP LOIN (CHOPS),BNLESS,LN & FAT,CKD,BRLD",142.0,24.46,0.0,4.86,0.0,234.0,1.678,0.0
"PORK,FRSH,ENHANCED,LOIN,TENDERLOIN,LN & FAT,RAW",114.0,20.16,0.0,3.14,0.0,239.0,1.045,0.0
"PORK,FRSH,ENHANCED,LOIN,TENDERLOIN,LN & FAT,CKD,RSTD",121.0,21.5,0.31,3.7,0.0,230.0,1.27,0.0
"PORK,FRSH,ENHCD,SHLDR,(BOSTON BUTT),BLDE (STKS),LN & FAT,RAW",169.0,17.19,0.16,11.12,0.0,155.0,3.912,0.0
"PORK,FRSH,ENHCED,SHLDR,(BSTN BUTT),BLDE(STKS),LN&FAT,BRSD",263.0,25.84,0.03,16.94,0.0,151.0,6.288,0.0
"PORK,CURED,HAM,RUMP,BONE-IN,LN & FAT,UNHTD",176.0,22.27,0.52,9.38,0.06,722.0,3.008,0.0
"PORK,LOIN,LEG CAP STEAK,BNLESS,LN & FAT,CKD,BRLD",158.0,27.57,0.0,4.41,0.0,76.0,1.358,0.0
"PORK,LEG CAP STEAK,BNLESS,LN & FAT,RAW",123.0,21.64,0.0,3.39,0.0,73.0,1.187,0.0
"PORK,SHLDR BREAST,BNLESS,LN & FAT,RAW",127.0,22.54,0.0,3.4,0.0,54.0,1.074,0.0
"PORK,SHLDR BREAST,BNLESS,LN & FAT,CKD,BRLD",162.0,28.47,0.0,4.49,0.0,54.0,1.325,0.0
"PORK,SHLDR,PETITE TENDER,BNLESS,LN & FAT,CKD,BRLD",155.0,27.47,0.0,4.23,0.0,53.0,1.322,0.0
"PORK,SHLDR PETITE TENDER,BNLESS,LN & FAT,RAW",128.0,21.65,0.0,3.91,0.0,50.0,1.012,0.0
"PORK,LEG SIRLOIN TIP RST,BNLESS,LN & FAT,CKD,BRSD",156.0,31.11,0.0,2.56,0.0,43.0,0.791,0.0
"PORK,LEG SIRLOIN TIP RST,BNLESS,LN & FAT,RAW",113.0,22.88,0.0,1.71,0.0,50.0,0.524,0.0
"PORK,GROUND,72% LN / 28% FAT,RAW",314.0,14.87,0.66,28.0,0.0,69.0,9.422,0.0
"PORK,GROUND,84% LN / 16% FAT,RAW",218.0,17.99,0.44,16.0,0.0,68.0,5.362,0.0
"PORK,GROUND,96% LN / 4% FAT,RAW",121.0,21.1,0.21,4.0,0.0,67.0,1.314,0.0
"PORK,GROUND,72% LN / 28% FAT,CKD,CRUMBLES",393.0,22.83,1.39,32.93,0.0,94.0,11.311,0.0
"PORK,GROUND,84% LN / 16% FAT,CKD,CRUMBLES",289.0,26.69,0.58,20.04,0.0,89.0,6.631,0.0
"PORK,GROUND,96% LN / 4% FAT,CKD,CRUMBLES",187.0,30.55,0.0,7.15,0.0,84.0,1.951,0.0
"PORK,GROUND,72% LN / 28% FAT,CKD,PAN-BROILED",377.0,22.59,1.08,31.42,0.0,91.0,10.804,0.0
"PORK,GROUND,84% LN / 16% FAT,CKD,PAN-BROILED",301.0,27.14,0.0,21.39,0.0,89.0,7.453,0.0
"PORK,GROUND,96% LN / 4% FAT,CKD,PAN-BROILED",185.0,31.69,0.57,6.2,0.0,88.0,2.076,0.0
"PORK,FRSH,LOIN,BLADE (CHOPS OR ROASTS),BNLESS,LN,RAW",123.0,21.35,0.82,3.78,0.0,65.0,1.384,0.0
"PORK,FRSH,LOIN,BLADE (ROASTS),BNLESS,LN,CKD,RSTD",175.0,27.58,0.0,7.14,0.0,68.0,2.56,0.0
"PORK,FRSH,LOIN,BLADE (CHOPS),BNLESS,LN,BNLESS,CKD,BRLD",169.0,26.14,0.89,6.74,0.0,58.0,1.638,0.0
"PORK,FRSH,LOIN,COUNTRY-STYLE RIBS,LN,BNLESS,CKD,BRLD",216.0,27.83,0.0,11.65,0.0,58.0,2.831,0.0
"PORK,FRSH,LOIN,COUNTRY-STYLE RIBS,LN,BONE-IN,CKD,BRLD",216.0,27.83,0.0,11.65,0.0,84.0,3.096,0.0
"PORK,FRSH,LOIN,COUNTRY-STYLE RIBS,LN,BNLESS,CKD,RSTD",219.0,29.2,0.0,11.38,0.0,72.0,4.079,0.0
"PORK,FRSH,BLADE,(CHOPS),BNLESS,LN & FAT,CKD,BRLD",202.0,24.73,0.83,11.13,0.0,58.0,3.28,0.0
"PORK,FRSH,LOIN,BLDE (CHOPS OR ROAST),BNLESS,LN & FAT OLY,RAW",157.0,20.54,0.76,7.94,0.0,64.0,2.767,0.0
"PORK,FRSH,LOIN,BLADE (ROASTS),BNLESS,LN & FAT,CKD,RSTD",199.0,26.48,0.0,10.32,0.0,67.0,3.706,0.0
"PORK,FRSH,LOIN,COUNTRY-STYLE RIBS,LN & FAT,BNLESS,CKD,BRLD",247.0,26.28,0.0,15.73,0.0,58.0,4.408,0.0
"PORK,FRSH,LOIN,COUNTRY-STYLE RIBS,LN & FAT,BONE-IN,CKD,BRLD",260.0,25.58,0.0,17.56,0.0,81.0,5.311,0.0
"PORK,FRSH,LOIN,COUNTRY-STYLE RIBS,LN & FAT,BNLESS,CKD,RSTD",270.0,26.4,0.0,18.31,0.0,70.0,6.581,0.0
"ALFALFA SEEDS,SPROUTED,RAW",23.0,3.99,2.1,0.69,0.18,6.0,0.069,0.0
"ARTICHOKES,(GLOBE OR FRENCH),RAW",47.0,3.27,10.51,0.15,0.99,94.0,0.036,0.0
"ARTICHOKES,(GLOBE OR FRENCH),CKD,BLD,DRND,WO/SALT",53.0,2.89,11.95,0.34,0.99,60.0,0.081,0.0
"ARTICHOKES,(GLOBE OR FRENCH),FRZ,CKD,BLD,DRND,WO/SALT",45.0,3.11,9.18,0.5,0.84,53.0,0.119,0.0
"ASPARAGUS,RAW",20.0,2.2,3.88,0.12,1.88,2.0,0.04,0.0
"ASPARAGUS,CKD,BLD,DRND",22.0,2.4,4.11,0.22,1.3,14.0,0.048,0.0
"ASPARAGUS,CND,DRND SOL",19.0,2.14,2.46,0.65,1.06,287.0,0.147,0.0
"ASPARAGUS,FRZ,CKD,BLD,DRND,WO/SALT",18.0,2.95,1.92,0.42,0.32,3.0,0.096,0.0
"BALSAM-PEAR (BITTER GOURD),LEAFY TIPS,CKD,BLD,DRND,WO/SALT",34.0,3.6,6.68,0.2,1.04,13.0,0.032,0.0
"BALSAM-PEAR (BITTER GOURD),PODS,CKD,BLD,DRND,WO/SALT",19.0,0.84,4.32,0.18,1.95,6.0,0.014,0.0
"BAMBOO SHOOTS,RAW",27.0,2.6,5.2,0.3,3.0,4.0,0.069,0.0
"BAMBOO SHOOTS,CND,DRND SOL",19.0,1.72,3.22,0.4,1.89,7.0,0.092,0.0
"LIMA BNS,IMMAT SEEDS,RAW",113.0,6.84,20.17,0.86,1.48,8.0,0.198,0.0
"LIMA BNS,IMMAT SEEDS,CKD,BLD,DRND,WO/SALT",123.0,6.81,23.64,0.32,1.63,17.0,0.073,0.0
"LIMA BNS,IMMAT SEEDS,FRZ,FORDHOOK,UNPREP",106.0,6.4,19.83,0.35,1.39,58.0,0.081,0.0
"LIMA BNS,IMMAT SEEDS,FRZ,FORDHOOK,CKD,BLD,DRND,WO/SALT",103.0,6.07,19.32,0.34,1.34,69.0,0.078,0.0
"LIMA BNS,IMMAT SEEDS,FRZ,BABY,CKD,BLD,DRND,WO/SALT",105.0,6.65,19.45,0.3,1.37,29.0,0.068,0.0
"MUNG BNS,MATURE SEEDS,SPROUTED,RAW",30.0,3.04,5.94,0.18,4.13,6.0,0.046,0.0
"MUNG BNS,MATURE SEEDS,SPROUTED,CKD,BLD,DRND,WO/SALT",21.0,2.03,4.19,0.09,2.84,10.0,0.025,0.0
"BEANS,SHELLIE,CND,SOL & LIQUIDS",30.0,1.76,6.19,0.19,0.63,334.0,0.023,0.0
"BEANS,SNAP,GREEN,RAW",31.0,1.83,6.97,0.22,3.26,6.0,0.05,0.0
"BEANS,SNAP,GRN,CKD,BLD,DRND,WO/SALT",35.0,1.89,7.88,0.28,1.55,1.0,0.062,0.0
"BEANS,SNAP,GRN VAR,CND,REG PK,SOL&LIQUIDS",15.0,0.72,3.27,0.17,1.25,192.0,0.04,0.0
"BEANS,SNAP,GRN,CND,REG PK,DRND SOL",25.0,1.26,4.25,0.37,1.31,246.0,0.085,0.0
"BEANS,SNAP,GRN,FRZ,ALL STYLES,UNPREP",39.0,1.79,7.54,0.21,2.21,3.0,0.047,0.0
"BEANS,SNAP,GRN,FRZ,CKD,BLD,DRND WO/SALT",28.0,1.49,6.45,0.17,1.23,1.0,0.042,0.0
"BEANS,SNAP,GRN,FRZ,ALL STYLES,MICROWAVED",40.0,1.98,6.98,0.41,2.6,3.0,0.047,0.0
"BEANS,SNAP,GRN,MICROWAVED",39.0,2.31,6.41,0.5,3.22,3.0,,0.0
"BEETS,RAW",43.0,1.61,9.56,0.17,6.76,78.0,0.027,0.0
"BEETS,CKD,BLD,DRND",44.0,1.68,9.96,0.18,7.96,77.0,0.028,0.0
"BEETS,CND,REG PK,SOL&LIQUIDS",30.0,0.73,7.14,0.09,6.53,143.0,0.013,0.0
"BEETS,CND,DRND SOL",31.0,0.91,7.21,0.14,5.51,194.0,0.022,0.0
"BEET GREENS,RAW",22.0,2.2,4.33,0.13,0.5,226.0,0.02,0.0
"BEET GRNS,CKD,BLD,DRND,WO/SALT",27.0,2.57,5.46,0.2,0.6,241.0,0.031,0.0
"BROCCOLI,RAW",34.0,2.82,6.64,0.37,1.7,33.0,0.039,0.0
"BROCCOLI,CKD,BLD,DRND,WO/SALT",35.0,2.38,7.18,0.41,1.39,41.0,0.079,0.0
"BROCCOLI,FRZ,CHOPD,UNPREP",26.0,2.81,4.78,0.29,1.35,24.0,0.044,0.0
"BROCCOLI,FRZ,CHOPD,CKD,BLD,DRND,WO/SALT",28.0,3.1,5.35,0.12,1.47,11.0,0.018,0.0
"BROCCOLI,FRZ,SPEARS,UNPREP",29.0,3.06,5.35,0.34,1.47,17.0,0.052,0.0
"BROCCOLI,FRZ,SPEARS,CKD,BLD,DRND,WO/SALT",28.0,3.1,5.36,0.11,1.47,24.0,0.018,0.0
"BROCCOLI RAAB,RAW",22.0,3.17,2.85,0.49,0.38,33.0,0.05,0.0
"BROCCOLI RAAB,CKD",33.0,3.83,3.12,0.52,0.62,56.0,0.057,0.0
"BRUSSELS SPROUTS,RAW",43.0,3.38,8.95,0.3,2.2,25.0,0.062,0.0
"BRUSSELS SPROUTS,CKD,BLD,DRND,WO/SALT",36.0,2.55,7.1,0.5,1.74,21.0,0.102,0.0
"BRUSSELS SPROUTS,FRZ,CKD,BLD,DRND,WO/SALT",42.0,3.64,8.32,0.39,2.08,15.0,0.081,0.0
"BURDOCK ROOT,RAW",72.0,1.53,17.34,0.15,2.9,5.0,0.025,0.0
"BURDOCK ROOT,CKD,BLD,DRND,WO/SALT",88.0,2.09,21.15,0.14,3.55,4.0,0.023,0.0
"CABBAGE,RAW",25.0,1.28,5.8,0.1,3.2,18.0,0.034,0.0
"CABBAGE,CKD,BLD,DRND,WO/SALT",23.0,1.27,5.51,0.06,2.79,8.0,0.0,0.0
"CABBAGE,RED,RAW",31.0,1.43,7.37,0.16,3.83,27.0,0.021,0.0
"CABBAGE,RED,CKD,BLD,DRND,WO/SALT",29.0,1.51,6.94,0.09,3.32,28.0,0.011,0.0
"CABBAGE,SAVOY,RAW",27.0,2.0,6.1,0.1,2.27,28.0,0.013,0.0
"CABBAGE,CHINESE (PAK-CHOI),RAW",13.0,1.5,2.18,0.2,1.18,65.0,0.027,0.0
"CABBAGE,CHINESE (PAK-CHOI),CKD,BLD,DRND,WO/SALT",12.0,1.56,1.78,0.16,0.83,34.0,0.021,0.0
"CABBAGE,CHINESE (PE-TSAI),RAW",16.0,1.2,3.23,0.2,1.41,9.0,0.043,0.0
"CARROTS,RAW",41.0,0.93,9.58,0.24,4.74,69.0,0.037,0.0
"CARROTS,CKD,BLD,DRND,WO/SALT",35.0,0.76,8.22,0.18,3.45,58.0,0.03,0.0
"CARROTS,CND,REG PK,SOL&LIQUIDS",23.0,0.58,5.37,0.14,2.46,240.0,0.025,0.0
"CARROTS,CND,REG PK,DRND SOL",25.0,0.64,5.54,0.19,2.48,242.0,0.036,0.0
"CARROTS,FROZEN,UNPREPARED",36.0,0.78,7.9,0.46,4.76,68.0,0.047,0.0
"CARROTS,FRZ,CKD,BLD,DRND,WO/SALT",37.0,0.58,7.73,0.68,4.08,59.0,0.12,0.0
"CASSAVA,RAW",160.0,1.36,38.06,0.28,1.7,14.0,0.074,0.0
"CAULIFLOWER,RAW",25.0,1.92,4.97,0.28,1.91,30.0,0.064,0.0
"CAULIFLOWER,CKD,BLD,DRND,WO/SALT",23.0,1.84,4.11,0.45,2.08,15.0,0.07,0.0
"CAULIFLOWER,FRZ,UNPREP",24.0,2.01,4.68,0.27,2.22,24.0,0.041,0.0
"CAULIFLOWER,FRZ,CKD,BLD,DRND,WO/SALT",19.0,1.61,3.75,0.22,1.05,18.0,0.034,0.0
"CELERIAC,RAW",42.0,1.5,9.2,0.3,1.6,100.0,0.079,0.0
"CELERY,RAW",16.0,0.69,2.97,0.17,1.83,80.0,0.042,0.0
"CELERY,CKD,BLD,DRND,WO/SALT",18.0,0.83,4.0,0.16,2.37,91.0,0.04,0.0
"CHARD,SWISS,RAW",19.0,1.8,3.74,0.2,1.1,213.0,0.03,0.0
"CHARD,SWISS,CKD,BLD,DRND,WO/SALT",20.0,1.88,4.13,0.08,1.1,179.0,0.012,0.0
"CHAYOTE,FRUIT,RAW",19.0,0.82,4.51,0.13,1.66,2.0,0.028,0.0
"CHICORY GREENS,RAW",23.0,1.7,4.7,0.3,0.7,45.0,0.073,0.0
"CHICORY ROOTS,RAW",72.0,1.4,17.51,0.2,8.73,50.0,0.048,0.0
"CHIVES,RAW",30.0,3.27,4.35,0.73,1.85,3.0,0.146,0.0
"CHRYSANTHEMUM,GARLAND,CKD,BLD,DRND,WO/SALT",20.0,1.64,4.31,0.09,2.01,53.0,0.022,0.0
"COLLARDS,RAW",30.0,2.45,5.69,0.42,0.46,20.0,0.055,0.0
"COLLARDS,CKD,BLD,DRND,WO/SALT",26.0,2.11,4.91,0.36,0.4,16.0,0.047,0.0
"COLLARDS,FRZ,CHOPD,CKD,BLD,DRND,WO/SALT",36.0,2.97,7.1,0.41,0.57,50.0,0.06,0.0
"CORIANDER (CILANTRO) LEAVES,RAW",23.0,2.13,3.67,0.52,0.87,46.0,0.014,0.0
"CORN,SWT,YEL,RAW",86.0,3.27,18.7,1.35,6.26,15.0,0.325,0.0
"CORN,SWT,YEL,CKD,BLD,DRND,WO/SALT",96.0,3.41,20.98,1.5,4.54,1.0,0.197,0.0
"CORN,SWT,YEL,CND,BRINE PK,REG PK,SOL&LIQUIDS",61.0,1.95,13.86,0.77,2.83,195.0,0.077,0.0
"CORN,SWT,YEL,CND,WHL KERNEL,DRND SOL",79.0,2.46,17.77,1.11,3.04,186.0,0.161,0.0
"CORN,SWT,YEL,CND,CRM STYLE,REG PK",72.0,1.74,18.13,0.42,3.23,285.0,0.065,0.0
"CORN,SWT,YEL,CND,VACUUM PK,REG PK",79.0,2.41,19.44,0.5,3.56,272.0,0.077,0.0
"CORN,SWT,YEL,FRZ,KRNLS CUT OFF COB,UNPREP",88.0,3.02,20.71,0.78,2.5,3.0,0.119,0.0
"CORN,SWT,YEL,FRZ,KRNLS CUT OFF COB,BLD,DRND,WO/SALT",81.0,2.55,19.3,0.67,3.07,1.0,0.103,0.0
"CORN,SWT,YEL,FRZ,KRNLS ON COB,UNPREP",98.0,3.28,23.5,0.78,3.78,5.0,0.12,0.0
"CORN,SWT,YEL,FRZ,KRNLS ON COB,CKD,BLD,DRND,WO/SALT",94.0,3.11,22.33,0.74,3.59,4.0,0.114,0.0
"CORN,YEL,WHL KERNEL,FRZ,MICROWAVED",131.0,3.62,25.87,1.42,3.36,4.0,0.15,0.0
"COWPEAS (BLACKEYES),IMMAT SEEDS,RAW",90.0,2.95,18.83,0.35,3.0,4.0,0.09,0.0
"COWPEAS (BLACKEYES),IMMAT SEEDS,CKD,BLD,DRND,WO/ SALT",97.0,3.17,20.32,0.38,3.23,4.0,0.096,0.0
"COWPEAS (BLACKEYES),IMMTRE SEEDS,FRZ,CKD,BLD,DRND,WO/SALT",132.0,8.49,23.76,0.66,4.46,5.0,0.175,0.0
"COWPEAS,YOUNG PODS W/SEEDS,RAW",44.0,3.3,9.5,0.3,5.04,4.0,0.079,0.0
"CRESS,GARDEN,RAW",32.0,2.6,5.5,0.7,4.4,14.0,0.023,0.0
"CRESS,GARDEN,CKD,BLD,DRND,WO/SALT",23.0,1.9,3.8,0.6,3.11,8.0,0.02,0.0
"CUCUMBER,WITH PEEL,RAW",15.0,0.65,3.63,0.11,1.67,2.0,0.037,0.0
"CUCUMBER,PEELED,RAW",12.0,0.59,2.16,0.16,1.38,2.0,0.013,0.0
"DANDELION GREENS,RAW",45.0,2.7,9.2,0.7,0.71,76.0,0.17,0.0
"DANDELION GRNS,CKD,BLD,DRND,WO/SALT",33.0,2.0,6.4,0.6,0.5,44.0,0.146,0.0
"EGGPLANT,RAW",24.0,1.01,5.7,0.19,2.35,2.0,0.034,0.0
"EGGPLANT,CKD,BLD,DRND,WO/SALT",35.0,0.83,8.73,0.23,3.2,1.0,0.044,0.0
"EDAMAME,FRZ,UNPREP",110.0,10.25,8.58,4.73,2.48,6.0,,0.0
"EDAMAME,FRZ,PREP",122.0,10.88,9.94,5.2,2.18,6.0,0.62,0.0
"ENDIVE,RAW",17.0,1.25,3.35,0.2,0.25,22.0,0.048,0.0
"GARLIC,RAW",149.0,6.36,33.06,0.5,1.0,17.0,0.089,0.0
"GINGER ROOT,RAW",80.0,1.82,17.77,0.75,1.7,13.0,0.203,0.0
"GOURD,DISHCLOTH (TOWELGOURD),RAW",20.0,1.2,4.35,0.2,2.02,3.0,0.016,0.0
"GOURD,DISHCLOTH (TOWELGOURD),CKD,BLD,DRND,WO/SALT",56.0,0.66,14.34,0.34,5.17,21.0,0.027,0.0
"DRUMSTICK LEAVES,CKD,BLD,DRND,WO/ SALT",60.0,5.27,11.15,0.93,1.0,9.0,0.152,0.0
"HYACINTH-BEANS,IMMAT SEEDS,RAW",46.0,2.1,9.19,0.2,4.08,2.0,0.088,0.0
"JERUSALEM-ARTICHOKES,RAW",73.0,2.0,17.44,0.01,9.6,4.0,0.0,0.0
"JUTE,POTHERB,CKD,BLD,DRND,WO/SALT",37.0,3.68,7.29,0.2,1.0,11.0,0.03,0.0
"KALE,CKD,BLD,DRND,WO/SALT",28.0,1.9,5.63,0.4,1.25,23.0,0.052,0.0
"KALE,FRZ,CKD,BLD,DRND,WO/SALT",30.0,2.84,5.23,0.49,1.34,15.0,0.063,0.0
"MUSHROOMS,SHIITAKE,RAW",34.0,2.24,6.79,0.49,2.38,9.0,,0.0
"MUSHROOMS,CHANTERELLE,RAW",38.0,1.49,6.86,0.53,1.16,9.0,,0.0
"MUSHROOMS,MOREL,RAW",31.0,3.12,5.1,0.57,0.6,21.0,0.065,0.0
"KOHLRABI,RAW",27.0,1.7,6.2,0.1,2.6,20.0,0.013,0.0
"KOHLRABI,CKD,BLD,DRND,WO/SALT",29.0,1.8,6.69,0.11,2.8,21.0,0.014,0.0
"MUSHROOMS,PORTABELLA,GRILLED",29.0,3.28,4.44,0.58,2.26,11.0,0.079,0.0
"LAMBSQUARTERS,CKD,BLD,DRND,WO/SALT",32.0,3.2,5.0,0.7,0.62,29.0,0.052,0.0
"LEEKS,(BULB&LOWER LEAF-PORTION),RAW",61.0,1.5,14.15,0.3,3.9,20.0,0.04,0.0
"LEEKS,(BULB&LOWER LEAF-PORTION),CKD,BLD,DRND,WO/SALT",31.0,0.81,7.62,0.2,2.11,10.0,0.027,0.0
"LETTUCE,BUTTERHEAD (INCL BOSTON&BIBB TYPES),RAW",13.0,1.35,2.23,0.22,0.94,5.0,0.029,0.0
"LETTUCE,COS OR ROMAINE,RAW",17.0,1.23,3.29,0.3,1.19,8.0,0.039,0.0
"LETTUCE,ICEBERG (INCL CRISPHEAD TYPES),RAW",14.0,0.9,2.97,0.14,1.97,10.0,0.018,0.0
"LETTUCE,GRN LEAF,RAW",15.0,1.36,2.87,0.15,0.78,28.0,0.02,0.0
"LOTUS ROOT,CKD,BLD,DRND,WO/SALT",66.0,1.58,16.02,0.07,0.5,45.0,0.021,0.0
"LETTUCE,RED LEAF,RAW",16.0,1.33,2.26,0.22,0.48,25.0,,0.0
"MUSHROOMS,WHITE,RAW",22.0,3.09,3.26,0.34,1.98,5.0,0.05,0.0
"MUSHROOMS,WHITE,CKD,BLD,DRND,WO/ SALT",28.0,2.17,5.29,0.47,2.34,2.0,0.061,0.0
"MUSHROOMS,WHITE,STIR-FRIED",26.0,3.58,4.04,0.33,0.0,12.0,0.04,0.0
"MUSHROOMS,CND,DRND SOL",25.0,1.87,5.09,0.29,2.34,425.0,0.038,0.0
"MUSHROOMS,PORTABELLA,RAW",22.0,2.11,3.87,0.35,2.5,9.0,0.06,0.0
"MUSHROOMS,BROWN,ITALIAN,OR CRIMINI,RAW",22.0,2.5,4.3,0.1,1.72,6.0,0.014,0.0
"MUSHROOMS,SHIITAKE,STIR-FRIED",39.0,3.45,7.68,0.35,0.3,5.0,0.03,0.0
"MUSHROOMS,SHIITAKE,DRIED",296.0,9.58,75.37,0.99,2.21,13.0,0.225,0.0
"MUSHROOMS,SHIITAKE,CKD,WO/SALT",56.0,1.56,14.39,0.22,3.84,4.0,0.05,0.0
"MUSTARD GREENS,RAW",26.0,2.7,4.9,0.2,1.6,25.0,0.01,0.0
"MUSTARD GRNS,CKD,BLD,DRND,WO/SALT",15.0,2.26,2.1,0.24,0.1,16.0,0.012,0.0
"MUSTARD GRNS,FRZ,CKD,BLD,DRND,WO/SALT",19.0,2.27,3.11,0.25,0.32,25.0,0.013,0.0
"NEW ZEALAND SPINACH,RAW",14.0,1.5,2.5,0.2,0.29,130.0,0.032,0.0
"NEW ZEALAND SPINACH,CKD,BLD,DRND,WO/SALT",12.0,1.3,2.13,0.17,0.25,107.0,0.027,0.0
"OKRA,RAW",31.0,2.0,7.03,0.1,1.2,8.0,0.026,0.0
"OKRA,CKD,BLD,DRND,WO/SALT",22.0,1.87,4.51,0.21,2.4,6.0,0.045,0.0
"OKRA,FROZEN,UNPREPARED",30.0,1.69,6.63,0.25,2.97,3.0,0.065,0.0
"OKRA,FRZ,CKD,BLD,DRND,WO/SALT",29.0,1.63,6.41,0.24,2.87,3.0,0.063,0.0
"ONIONS,RAW",40.0,1.1,9.34,0.1,4.24,4.0,0.042,0.0
"ONIONS,CKD,BLD,DRND,WO/SALT",44.0,1.36,10.15,0.19,4.73,3.0,0.031,0.0
"ONIONS,DEHYDRATED FLAKES",349.0,8.95,83.28,0.46,37.41,21.0,0.078,0.0
"ONIONS,CND,SOL&LIQUIDS",19.0,0.85,4.02,0.09,2.2,371.0,0.016,0.0
"ONIONS,FRZ,CHOPD,CKD,BLD,DRND,WO/SALT",28.0,0.77,6.59,0.1,2.9,12.0,0.016,0.0
"ONIONS,FRZ,WHL,UNPREP",35.0,0.89,8.45,0.06,3.81,10.0,0.011,0.0
"ONIONS,FRZ,WHL,CKD,BLD,DRND,WO/SALT",28.0,0.71,6.7,0.05,2.9,8.0,0.009,0.0
"ONIONS,SPRING OR SCALLIONS (INCL TOPS&BULB),RAW",32.0,1.83,7.34,0.19,2.33,16.0,0.032,0.0
"ONIONS,YOUNG GRN,TOPS ONLY",27.0,0.97,5.74,0.47,4.95,15.0,0.087,0.0
"ONIONS,WELSH,RAW",34.0,1.9,6.5,0.4,2.18,17.0,0.067,0.0
"ONIONS,SWT,RAW",32.0,0.8,7.55,0.08,5.02,8.0,,0.0
"PARSLEY,FRSH",36.0,2.97,6.33,0.79,0.85,56.0,0.132,0.0
"PARSNIPS,RAW",75.0,1.2,17.99,0.3,4.8,10.0,0.05,0.0
"PARSNIPS,CKD,BLD,DRND,WO/SALT",71.0,1.32,17.01,0.3,4.8,10.0,0.05,0.0
"PEAS,EDIBLE-PODDED,RAW",42.0,2.8,7.55,0.2,4.0,4.0,0.039,0.0
"PEAS,EDIBLE-PODDED,BLD,DRND,WO/ SALT",42.0,3.27,7.05,0.23,3.99,4.0,0.044,0.0
"PEAS,EDIBLE-PODDED,FRZ,CKD,BLD,DRND,WO/SALT",52.0,3.5,9.02,0.38,4.82,5.0,0.073,0.0
"PEAS,GREEN,RAW",81.0,5.42,14.45,0.4,5.67,5.0,0.071,0.0
"PEAS,GRN,CKD,BLD,DRND,WO/SALT",84.0,5.36,15.63,0.22,5.93,3.0,0.039,0.0
"PEAS,GRN,CND,REG PK,SOL&LIQUIDS",58.0,3.01,10.6,0.48,3.2,185.0,0.086,0.0
"PEAS,GRN (INCLUDES BABY & LESUER TYPES),CND,DRND SOL,UNPREP",68.0,4.47,11.36,0.8,2.99,273.0,0.143,0.0
"PEAS,GRN,FRZ,UNPREP",77.0,5.22,13.62,0.4,5.0,108.0,0.066,0.0
"PEAS,GRN,FRZ,CKD,BLD,DRND,WO/SALT",78.0,5.15,14.26,0.27,4.65,72.0,0.049,0.0
"PEAS&CARROTS,FRZ,CKD,BLD,DRND,WO/SALT",48.0,3.09,10.12,0.42,4.36,68.0,0.077,0.0
"PEAS&ONIONS,FRZ,CKD,BLD,DRND,WO/SALT",45.0,2.54,8.63,0.2,3.77,37.0,0.036,0.0
"PEPPERS,HOT CHILI,GRN,CND,PODS,EXCLUDING SEEDS,SOL&LIQUIDS",21.0,0.9,5.1,0.1,3.12,1173.0,0.01,0.0
"PEPPERS,SWT,GRN,RAW",20.0,0.86,4.64,0.17,2.4,3.0,0.058,0.0
"PEPPERS,SWT,GRN,CKD,BLD,DRND,WO/SALT",28.0,0.92,6.7,0.2,3.19,2.0,0.029,0.0
"PEPPERS,SWT,GRN,SAUTEED",127.0,0.78,4.22,11.85,2.17,17.0,1.59,0.0
"PIGEONPEAS,IMMAT SEEDS,RAW",136.0,7.2,23.88,1.64,3.0,5.0,0.354,0.0
"PIGEONPEAS,IMMAT SEEDS,CKD,BLD,DRND,WO/SALT",111.0,5.96,19.49,1.36,2.48,5.0,0.112,0.0
POI,112.0,0.38,27.23,0.14,0.39,12.0,0.029,0.0
"POKEBERRY SHOOTS,(POKE),CKD,BLD,DRND,WO/SALT",20.0,2.3,3.1,0.4,1.6,18.0,0.092,0.0
"POTATO,FLESH & SKN,RAW",77.0,2.02,17.47,0.09,0.78,6.0,0.026,0.0
"POTATOES,RUSSET,FLESH & SKN,RAW",79.0,2.14,18.07,0.08,0.62,5.0,0.026,0.0
"POTATOES,WHITE,FLESH & SKN,RAW",69.0,1.68,15.71,0.1,1.15,16.0,0.026,0.0
"POTATOES,RED,FLESH & SKN,RAW",70.0,1.89,15.9,0.14,1.29,18.0,0.035,0.0
"POTATOES,RUSSET,FLESH & SKN,BKD",97.0,2.63,21.44,0.13,1.08,14.0,0.034,0.0
"POTATOES,WHITE,FLESH & SKN,BKD",94.0,2.1,21.08,0.15,1.53,7.0,0.022,0.0
"POTATOES,RED,FLESH & SKN,BKD",89.0,2.3,19.59,0.15,1.43,12.0,0.026,0.0
"POTATOES,FR FR,CRNKL OR REG,SALT ADDED IN PROC,FRZ,AS PURCH",174.0,2.12,29.92,5.05,0.21,358.0,0.975,0.0
"POTATOES,FR FR,CRNKL/REG CUT,SALT ADDED IN PROC,FRZ,OVEN-HTD",166.0,2.51,27.5,5.13,0.29,391.0,1.082,0.0
"POTATOES,BKD,FLESH,WO/SALT",93.0,1.96,21.55,0.1,1.7,5.0,0.026,0.0
"POTATOES,BKD,SKN,WO/SALT",198.0,4.29,46.06,0.1,1.4,21.0,0.026,0.0
"POTATOES,BLD,CKD IN SKN,FLESH,WO/SALT",87.0,1.87,20.13,0.1,0.87,4.0,0.026,0.0
"POTATOES,BLD,CKD WO/ SKN,FLESH,WO/ SALT",86.0,1.71,20.01,0.1,0.85,5.0,0.026,0.0
"POTATOES,HASHED BROWN,HOME-PREPARED",265.0,3.0,35.11,12.52,1.49,342.0,1.883,0.0
"POTATOES,MSHD,HOME-PREPARED,WHL MILK & MARGARINE ADDED",113.0,1.96,16.94,4.2,1.41,333.0,0.972,0.0
"POTATOES,MSHD,DEHYD,FLAKES WO/MILK,DRY FORM",354.0,8.34,81.17,0.41,3.36,104.0,0.169,0.0
"POTATOES,MSHD,DEHYD,PREP FROM FLAKES WO/ MILK,WHL MILK & BUT",97.0,1.77,10.87,5.13,1.61,164.0,3.191,0.0
"POTATOES,MSHD,DEHYD,GRANULES WO/MILK,DRY FORM",372.0,8.22,85.51,0.54,3.47,67.0,0.138,0.0
"POTATOES,MSHD,DEHYD,GRANULES W/MILK,DRY FORM",357.0,10.9,77.7,1.1,3.37,82.0,0.461,0.0
"POTATOES,MSHD,DEHYD,PREP FROM GRAN W/ MILK,H2O & MARG ADDED",116.0,2.13,16.13,4.8,1.74,172.0,1.179,0.0
"POTATOES,HASHED BROWN,FRZ,PLN,PREP",218.0,3.16,28.1,11.5,1.57,34.0,4.493,0.0
"POTATOES,FRENCH FR,SHOESTRING,SALT ADDED IN PROC,FRZ,AS PRCH",167.0,2.41,26.78,5.53,0.2,322.0,1.157,0.0
"POTATOES,FRENCH FR,SHOESTRNG,SALT ADDED IN PROC,FRZ,OVEN-HTD",199.0,2.9,31.66,6.76,0.31,400.0,1.267,0.0
"POTATO PUFFS,FRZ,UNPREP",175.0,2.03,25.97,7.77,0.21,457.0,1.641,0.0
"POTATO PUFFS,FRZ,OVEN-HEATED",190.0,2.05,27.75,8.62,0.25,480.0,1.823,0.0
"POTATOES,FRZ,WHL,UNPREP",78.0,2.38,17.47,0.16,0.78,25.0,0.041,0.0
"POTATOES,FRENCH FR,ALL TYPES,SALT ADDED IN PROC,FRZ,UNPREP",147.0,2.24,24.81,4.66,0.2,332.0,1.005,0.0
"POTATOES,FRENCH FR,ALL TYPES,SALT ADDED IN PROC,FRZ,OVEN HTD",164.0,2.66,27.74,5.22,0.28,388.0,1.029,0.0
"USDA COMMODITY,POTATO WEDGES,FRZ",123.0,2.7,25.5,2.2,0.3,49.0,0.55,0.0
"POTATOES,FRENCH FR,STK FRIES,SALT ADDED IN PROC,FRZ,AS PRCH",133.0,2.19,23.51,3.39,0.2,317.0,0.688,0.0
"POTATOES,FRENCH FR,STK FRIES,SALT ADDED IN PROC,FRZ,OVEN-HTD",152.0,2.57,26.98,3.76,0.25,373.0,0.737,0.0
POTATO FLOUR,357.0,6.9,83.1,0.34,3.52,55.0,0.09,0.0
"PUMPKIN FLOWERS,CKD,BLD,DRND,WO/SALT",15.0,1.09,3.3,0.08,2.4,6.0,0.041,0.0
"PUMPKIN LEAVES,CKD,BLD,DRND,WO/SALT",21.0,2.72,3.39,0.22,0.69,8.0,0.114,0.0
"PUMPKIN,RAW",26.0,1.0,6.5,0.1,1.36,1.0,0.052,0.0
"PUMPKIN,CKD,BLD,DRND,WO/SALT",20.0,0.72,4.9,0.07,1.02,1.0,0.037,0.0
"PUMPKIN,CND,WO/SALT",34.0,1.1,8.09,0.28,3.3,5.0,0.146,0.0
"RADISHES,RAW",16.0,0.68,3.4,0.1,1.86,39.0,0.032,0.0
"RADISHES,ORIENTAL,RAW",18.0,0.6,4.1,0.1,2.5,21.0,0.03,0.0
"RADISHES,ORIENTAL,CKD,BLD,DRND,WO/SALT",17.0,0.67,3.43,0.24,1.83,13.0,0.073,0.0
"RADISHES,ORIENTAL,DRIED",271.0,7.9,63.37,0.72,37.32,278.0,0.218,0.0
"RUTABAGAS,RAW",36.0,1.2,8.13,0.2,5.6,20.0,0.027,0.0
"RUTABAGAS,CKD,BLD,DRND,WO/SALT",39.0,1.29,8.74,0.22,6.02,20.0,0.029,0.0
"SALSIFY,CKD,BLD,DRND,WO/SALT",68.0,2.73,15.36,0.17,2.9,16.0,0.041,0.0
"SAUERKRAUT,CND,SOL&LIQUIDS",19.0,0.91,4.28,0.14,1.78,661.0,0.034,0.0
"SEAWEED,AGAR,RAW",26.0,0.54,6.75,0.03,0.28,9.0,0.006,0.0
"SEAWEED,IRISHMOSS,RAW",49.0,1.51,12.29,0.16,0.61,67.0,0.033,0.0
"SEAWEED,KELP,RAW",43.0,1.68,9.57,0.56,0.6,233.0,0.247,0.0
"SEAWEED,LAVER,RAW",35.0,5.81,5.11,0.28,0.49,48.0,0.061,0.0
"SOYBEANS,MATURE SEEDS,SPROUTED,CKD,STMD",81.0,8.47,6.53,4.45,0.52,10.0,0.617,0.0
"SPINACH,RAW",23.0,2.86,3.63,0.39,0.42,79.0,0.063,0.0
"SPINACH,CKD,BLD,DRND,WO/ SALT",23.0,2.97,3.75,0.26,0.43,70.0,0.043,0.0
"SPINACH,CND,REG PK,DRND SOL",23.0,2.81,3.4,0.5,0.4,322.0,0.081,0.0
"SPINACH,FRZ,CHOPD OR LEAF,UNPREP",29.0,3.63,4.21,0.57,0.65,74.0,0.041,0.0
"SPINACH,FRZ,CHOPD OR LEAF,CKD,BLD,DRND,WO/SALT",34.0,4.01,4.8,0.87,0.51,97.0,0.157,0.0
"SQUASH,SMMR,CROOKNECK&STRAIGHTNECK,RAW",19.0,1.01,3.88,0.27,3.53,2.0,0.093,0.0
"SQUASH,SMMR,CROOKNECK & STRAIGHTNECK,CKD,BLD,DRND,WO/ SALT",23.0,1.04,3.79,0.39,2.48,1.0,0.064,0.0
"SQUASH,SMMR,CROOKNECK&STRAIGHTNECK,CND,DRND,SOLID,WO/SALT",13.0,0.61,2.96,0.07,1.19,5.0,0.015,0.0
"SQUASH,SMMR,CROOKNECK&STRAIGHTNECK,FRZ,CKD,BLD,DRND,WO/SALT",25.0,1.28,5.54,0.2,2.33,6.0,0.04,0.0
"SQUASH,SUMMER,SCALLOP,RAW",18.0,1.2,3.84,0.2,2.39,1.0,0.041,0.0
"SQUASH,SMMR,SCALLOP,CKD,BLD,DRND,WO/SALT",16.0,1.03,3.3,0.17,1.5,1.0,0.035,0.0
"SQUASH,SMMR,ZUCCHINI,INCL SKN,RAW",17.0,1.21,3.11,0.32,2.5,8.0,0.084,0.0
"SQUASH,SMMR,ZUCCHINI,INCL SKN,CKD,BLD,DRND,WO/SALT",15.0,1.14,2.69,0.36,1.71,3.0,0.072,0.0
"SQUASH,SMMR,ZUCCHINI,INCL SKN,FRZ,UNPREP",17.0,1.16,3.59,0.13,1.71,2.0,0.027,0.0
"SQUASH,SMMR,ZUCCHINI,INCL SKN,FRZ,CKD,BLD,DRND,WO/SALT",17.0,1.15,3.56,0.13,1.69,2.0,0.027,0.0
"SQUASH,WNTR,BUTTERNUT,RAW",45.0,1.0,11.69,0.1,2.2,4.0,0.021,0.0
"SQUASH,WNTR,BUTTERNUT,CKD,BKD,WO/SALT",40.0,0.9,10.49,0.09,1.97,4.0,0.019,0.0
"SQUASH,WNTR,BUTTERNUT,FRZ,UNPREP",57.0,1.76,14.41,0.1,2.83,2.0,0.021,0.0
"SQUASH,WINTER,HUBBARD,RAW",40.0,2.0,8.7,0.5,3.95,7.0,0.103,0.0
"SQUASH,WNTR,HUBBARD,BKD,WO/ SALT",50.0,2.48,10.81,0.62,4.9,8.0,0.128,0.0
"SQUASH,WNTR,HUBBARD,CKD,BLD,MSHD,WO/SALT",30.0,1.48,6.46,0.37,2.93,5.0,0.076,0.0
"SQUASH,WNTR,SPAGHETTI,RAW",31.0,0.64,6.91,0.57,2.76,17.0,0.117,0.0
"SQUASH,WNTR,SPAGHETTI,CKD,BLD,DRND,OR BKD,WO/SALT",27.0,0.66,6.46,0.26,2.53,18.0,0.062,0.0
"SUCCOTASH,(CORN&LIMAS),FRZ,CKD,BLD,DRND,WO/SALT",93.0,4.31,19.95,0.89,2.21,45.0,0.166,0.0
"SWEET POTATO LEAVES,CKD,STMD,WO/ SALT",34.0,2.32,7.32,0.3,5.42,13.0,0.065,0.0
"SWEET POTATO,RAW,UNPREP",86.0,1.57,20.12,0.05,4.18,55.0,0.018,0.0
"SWEET POTATO,CKD,BKD IN SKN,WO/ SALT",90.0,2.01,20.71,0.15,6.48,36.0,0.034,0.0
"SWEET POTATO,CKD,BLD,WO/ SKN",76.0,1.37,17.72,0.14,5.74,27.0,0.031,0.0
"SWEETPOTATO,CND,VACUUM PK",91.0,1.65,21.12,0.2,5.0,53.0,0.041,0.0
"SWEET POTATO,CND,MSHD",101.0,1.98,23.19,0.2,5.45,75.0,0.041,0.0
"SWEET POTATO,FRZ,CKD,BKD,WO/ SALT",100.0,1.71,23.4,0.12,9.17,8.0,0.025,0.0
"TARO,RAW",112.0,1.5,26.46,0.2,0.4,11.0,0.041,0.0
"TARO,COOKED,WITHOUT SALT",142.0,0.52,34.6,0.11,0.49,15.0,0.023,0.0
"TARO LEAVES,RAW",42.0,4.98,6.7,0.74,3.01,3.0,0.151,0.0
"TOMATOES,GREEN,RAW",23.0,1.2,5.1,0.2,4.0,13.0,0.028,0.0
"TOMATOES,RED,RIPE,RAW,YEAR RND AVERAGE",18.0,0.88,3.89,0.2,2.63,5.0,0.028,0.0
"TOMATOES,RED,RIPE,CKD",18.0,0.95,4.01,0.11,2.49,11.0,0.015,0.0
"TOMATOES,RED,RIPE,CND,PACKED IN TOMATO JUC",17.0,0.78,4.0,0.13,2.38,143.0,0.018,0.0
"TOMATOES,RED,RIPE,CND,STWD",26.0,0.91,6.19,0.19,3.52,221.0,0.026,0.0
"TOMATO JUC,CND,W/SALT",17.0,0.76,4.24,0.05,3.56,269.0,0.008,0.0
"TOMATO PRODUCTS,CND,PASTE,WO/ SALT ADDED",82.0,4.32,18.91,0.47,12.18,59.0,0.1,0.0
"TOMATO PRODUCTS,CND,PUREE,WO/SALT",38.0,1.65,8.98,0.21,4.83,28.0,0.029,0.0
TOMATO POWDER,302.0,12.91,74.68,0.44,43.9,134.0,0.062,0.0
"TOMATO PRODUCTS,CND,SAU",24.0,1.32,5.38,0.18,4.25,524.0,0.025,0.0
"TOMATO PRODUCTS,CND,SAU,W/MUSHROOMS",35.0,1.45,8.43,0.13,5.77,452.0,0.017,0.0
"TOMATO PRODUCTS,CND,SAU,W/ONIONS,GRN PEPPERS,&CELERY",41.0,0.94,8.77,0.74,7.36,546.0,0.133,0.0
"TURNIPS,RAW",28.0,0.9,6.43,0.1,3.8,67.0,0.011,0.0
"TURNIPS,CKD,BLD,DRND,WO/SALT",22.0,0.71,5.06,0.08,2.99,16.0,0.008,0.0
"TURNIPS,FRZ,CKD,BLD,DRND,WO/SALT",23.0,1.53,4.35,0.24,2.35,36.0,0.025,0.0
"TURNIP GREENS,RAW",32.0,1.5,7.13,0.3,0.81,40.0,0.07,0.0
"TURNIP GRNS,CKD,BLD,DRND,WO/SALT",20.0,1.14,4.36,0.23,0.53,29.0,0.053,0.0
"TURNIP GRNS,FRZ,CKD,BLD,DRND,WO/SALT",29.0,3.35,4.98,0.42,0.75,15.0,0.099,0.0
"TURNIP GRNS&TURNIPS,FRZ,CKD,BLD,DRND,WO/SALT",35.0,2.99,4.85,0.38,1.07,19.0,0.085,0.0
"VEGETABLE JUC COCKTAIL,CND",19.0,0.63,4.55,0.09,3.3,198.0,0.013,0.0
"VEGETABLES,MXD,CND,DRND SOL",49.0,2.59,9.26,0.25,2.41,149.0,0.051,0.0
"VEGETABLES,MXD,FRZ,CKD,BLD,DRND,WO/SALT",65.0,2.86,13.09,0.15,3.12,35.0,0.031,0.0
"WATERCHESTNUTS,CHINESE,(MATAI),RAW",97.0,1.4,23.94,0.1,4.8,14.0,0.026,0.0
"WATERCHESTNUTS,CHINESE,CND,SOL&LIQUIDS",50.0,0.88,12.3,0.06,2.46,8.0,0.016,0.0
"WATERCRESS,RAW",11.0,2.3,1.29,0.1,0.2,41.0,0.027,0.0
"WAXGOURD,(CHINESE PRESERVING MELON),CKD,BLD,DRND,WO/SALT",14.0,0.4,3.04,0.2,1.18,107.0,0.016,0.0
"YAM,RAW",118.0,1.53,27.88,0.17,0.5,9.0,0.037,0.0
"YAM,CKD,BLD,DRND,OR BKD,WO/SALT",116.0,1.49,27.48,0.14,0.49,8.0,0.029,0.0
"YAMBEAN (JICAMA),RAW",38.0,0.72,8.82,0.09,1.8,4.0,0.021,0.0
"BEETS,PICKLED,CND,SOL&LIQUIDS",65.0,0.8,16.28,0.08,13.59,264.0,0.013,0.0
"BEANS,MUNG,MATURE SEEDS,SPROUTED,CND,DRND SOL",12.0,1.4,2.14,0.06,1.34,140.0,0.016,0.0
"PEPPERS,JALAPENO,CND,SOL&LIQUIDS",27.0,0.92,4.74,0.94,2.14,1671.0,0.097,0.0
"PEPPERS,SWT,GRN,FREEZE-DRIED",314.0,17.9,68.7,3.0,38.48,193.0,0.447,0.0
"SHALLOTS,FREEZE-DRIED",348.0,12.3,80.7,0.5,38.16,59.0,0.084,0.0
"SQUASH,SMMR,ALL VAR,RAW",16.0,1.21,3.35,0.18,2.2,2.0,0.044,0.0
"SQUASH,SMMR,ALL VAR,CKD,BLD,DRND,WO/SALT",20.0,0.91,4.31,0.31,2.59,1.0,0.064,0.0
"SQUASH,WNTR,ALL VAR,RAW",34.0,0.95,8.59,0.13,2.2,4.0,0.027,0.0
"SQUASH,WNTR,ALL VAR,CKD,BKD,WO/SALT",37.0,0.89,8.85,0.35,3.3,1.0,0.072,0.0
"SWEET POTATO,CND,SYRUP PK,SOL & LIQUIDS",89.0,0.98,20.93,0.2,15.4,44.0,0.041,0.0
"SWEET POTATO,CND,SYRUP PK,DRND SOL",108.0,1.28,25.36,0.32,5.74,39.0,0.069,0.0
"CARROT JUICE,CANNED",40.0,0.95,9.28,0.15,3.91,66.0,0.027,0.0
"CORN PUDD,HOME PREP",131.0,4.42,16.97,5.04,6.59,282.0,2.532,0.0
"POTATOES,MSHD,HOME-PREPARED,WHL MILK ADDED",83.0,1.91,17.57,0.57,1.48,302.0,0.302,0.0
SPINACH SOUFFLE,169.0,7.89,5.9,12.95,1.85,566.0,7.445,0.0
"SEAWEED,AGAR,DRIED",306.0,6.21,80.88,0.3,2.97,102.0,0.061,0.0
"SEAWEED,SPIRULINA,DRIED",290.0,35.62,23.9,7.72,3.1,1048.0,2.65,0.0
"SEAWEED,WAKAME,RAW",45.0,3.03,9.14,0.64,0.65,872.0,0.13,0.0
"PEPPERS,HOT CHILI,GRN,RAW",40.0,2.0,9.46,0.2,5.1,7.0,0.021,0.0
POTATO PANCAKES,268.0,6.08,27.81,14.76,1.79,764.0,2.496,0.0
"POTATO,BKD,FLESH & SKN,WO/ SALT",93.0,2.5,21.15,0.13,1.18,10.0,0.035,0.0
"SHALLOTS,RAW",72.0,2.5,16.8,0.1,7.87,12.0,0.017,0.0
"CARROT,DEHYDRATED",341.0,8.1,79.57,1.49,38.82,275.0,0.256,0.0
"TOMATOES,CRUSHED,CANNED",32.0,1.64,7.29,0.28,4.4,132.0,0.04,0.0
"ARTICHOKES,(GLOBE OR FRENCH),CKD,BLD,DRND,W/SALT",51.0,2.89,11.39,0.34,0.99,296.0,0.037,0.0
"ARTICHOKES,(GLOBE OR FRENCH),FRZ,CKD,BLD,DRND,W/SALT",45.0,3.11,9.18,0.5,0.84,289.0,0.119,0.0
"ASPARAGUS,CKD,BLD,DRND,W/SALT",22.0,2.4,4.11,0.22,1.3,240.0,0.048,0.0
"ASPARAGUS,CND,NO SALT,SOL&LIQUIDS",15.0,1.8,2.48,0.18,1.0,26.0,0.041,0.0
"ASPARAGUS,FRZ,CKD,BLD,DRND,W/SALT",18.0,2.95,1.92,0.42,0.32,240.0,0.096,0.0
"BALSAM-PEAR (BITTER GOURD),LEAFY TIPS,CKD,BLD,DRND,W/SALT",32.0,3.6,6.16,0.2,1.04,249.0,,0.0
"BALSAM-PEAR (BITTER GOURD),PODS,CKD,BLD,DRND,W/SALT",19.0,0.84,4.32,0.18,1.95,242.0,,0.0
"LIMA BNS,IMMAT SEEDS,CKD,BLD,DRND,W/SALT",123.0,6.81,23.64,0.32,1.63,253.0,0.073,0.0
"LIMA BNS,IMMAT SEEDS,CND,NO SALT,SOL&LIQUIDS",71.0,4.07,13.33,0.29,0.93,4.0,0.066,0.0
"LIMA BNS,IMMAT SEEDS,FRZ,BABY,CKD,BLD,DRND,W/SALT",105.0,6.65,19.45,0.3,1.37,265.0,0.068,0.0
"LIMA BNS,IMMAT SEEDS,FRZ,FORDHOOK,CKD,BLD,DRND,W/SALT",103.0,6.07,19.32,0.34,1.34,289.0,0.077,0.0
"MUNG BNS,MATURE SEEDS,SPROUTED,CKD,BLD,DRND,W/SALT",19.0,2.03,3.6,0.09,2.84,246.0,0.025,0.0
"BEANS,SNAP,GRN,CKD,BLD,DRND,W/SALT",35.0,1.89,7.88,0.28,1.55,239.0,0.062,0.0
"BEANS,SNAP,YEL,CKD,BLD,DRND,WO/SALT",35.0,1.89,7.88,0.28,1.55,3.0,0.062,0.0
"BEANS,SNAP,YEL,CKD,BLD,DRND,W/SALT",35.0,1.89,7.88,0.28,1.55,239.0,0.062,0.0
"BEANS,SNAP,GRN,CND,NO SALT,DRND SOL",21.0,1.26,4.25,0.37,1.31,2.0,0.085,0.0
"BEANS,SNAP,GRN,FRZ,CKD,BLD,DRND,W/SALT",26.0,1.49,5.86,0.17,1.23,245.0,0.042,0.0
"BEANS,SNAP,YEL,FRZ,CKD,BLD,DRND,WO/SALT",28.0,1.49,6.45,0.17,1.23,9.0,0.042,0.0
"BEANS,SNAP,YEL,FRZ,CKD,BLD,DRND,W/SALT",26.0,1.49,5.86,0.17,1.23,245.0,0.042,0.0
"BEETS,CKD,BOILED. DRND,W/SALT",44.0,1.68,9.96,0.18,7.96,285.0,0.028,0.0
"BEETS,CND,NO SALT,SOL&LIQUIDS",28.0,0.8,6.57,0.07,5.38,21.0,0.011,0.0
"BEET GRNS,CKD,BLD,DRND,W/SALT",27.0,2.57,5.46,0.2,0.6,477.0,0.031,0.0
"BROCCOLI,CKD,BLD,DRND,W/SALT",35.0,2.38,7.18,0.41,1.39,262.0,0.079,0.0
"BROCCOLI,FRZ,CHOPD,CKD,BLD,DRND,W/SALT",28.0,3.1,5.35,0.12,1.47,260.0,0.018,0.0
"BROCCOLI,FRZ,SPEARS,CKD,BLD,DRND,W/SALT",28.0,3.1,5.35,0.11,1.44,260.0,0.018,0.0
"BRUSSELS SPROUTS,CKD,BLD,DRND,W/SALT",36.0,2.55,7.1,0.5,1.74,257.0,0.102,0.0
"BRUSSELS SPROUTS,FRZ,CKD,BLD,DRND,W/SALT",42.0,3.64,8.32,0.39,2.08,259.0,0.081,0.0
"BURDOCK ROOT,CKD,BLD,DRND,W/SALT",88.0,2.09,21.15,0.14,3.55,240.0,,0.0
"CABBAGE,COMMON,CKD,BLD,DRND,W/SALT",23.0,1.27,5.51,0.06,2.79,255.0,0.0,0.0
"CABBAGE,RED,CKD,BLD,DRND,W/SALT",29.0,1.51,6.94,0.09,3.32,244.0,0.011,0.0
"CABBAGE,CHINESE (PAK-CHOI),CKD,BLD,DRND,W/SALT",12.0,1.56,1.78,0.16,0.83,270.0,0.021,0.0
"CARROTS,CKD,BLD,DRND,W/SALT",35.0,0.76,8.22,0.18,3.45,302.0,0.037,0.0
"CARROTS,CND,NO SALT,SOL&LIQUIDS",23.0,0.59,5.36,0.14,2.46,34.0,0.024,0.0
"CARROTS,CND,NO SALT ,DRND SOL",25.0,0.64,5.54,0.19,2.48,42.0,0.036,0.0
"CARROTS,FRZ,CKD,BLD,DRND,W/SALT",37.0,0.58,7.73,0.68,4.08,295.0,0.132,0.0
"CAULIFLOWER,CKD,BLD,DRND,W/SALT",23.0,1.84,4.11,0.45,1.86,242.0,0.07,0.0
"CAULIFLOWER,FRZ,CKD,BLD,DRND,W/SALT",17.0,1.61,3.16,0.22,0.46,254.0,0.034,0.0
"CELERY,CKD,BLD,DRND,W/SALT",18.0,0.83,4.0,0.16,2.37,327.0,0.04,0.0
"CHARD,SWISS,CKD,BLD,DRND,W/SALT",20.0,1.88,4.13,0.08,1.1,415.0,,0.0
"CHRYSANTHEMUM,GARLAND,CKD,BLD,DRND,W/SALT",20.0,1.64,4.31,0.09,2.01,289.0,,0.0
"COLLARDS,CKD,BLD,DRND,W/SALT",26.0,2.11,4.91,0.36,0.4,252.0,0.047,0.0
"COLLARDS,FRZ,CHOPD,CKD,BLD,DRND,W/SALT",36.0,2.97,7.1,0.41,0.57,286.0,0.04,0.0
"CORN,SWT,YEL,CKD,BLD,DRND,W/SALT",96.0,3.41,20.98,1.5,4.54,253.0,0.197,0.0
"CORN,SWT,YEL,CND,NO SALT,SOL&LIQUIDS",61.0,1.95,13.86,0.77,3.18,12.0,0.077,0.0
"CORN,SWT,YEL,CND,CRM STYLE,NO SALT",72.0,1.74,18.13,0.42,3.23,3.0,0.065,0.0
"CORN,SWT,YEL,CND,VACUUM PK,NO SALT",79.0,2.41,19.44,0.5,3.56,3.0,0.077,0.0
"CORN,SWT,YEL,FRZ,KRNLS,CUT OFF COB,BLD,DRND,W/SALT",79.0,2.55,18.71,0.67,3.07,245.0,0.066,0.0
"CORN,SWT,YEL,FRZ,KRNLS ON COB,CKD,BLD,DRND,W/SALT",94.0,3.11,22.33,0.74,3.59,240.0,0.114,0.0
"COWPEAS (BLACKEYES),IMMAT SEEDS,CKD,BLD,DRND,W/ SALT",94.0,3.17,19.73,0.38,3.23,240.0,0.096,0.0
"COWPEAS (BLACKEYES),IMMAT SEEDS,FRZ,CKD,BLD,DRND,W/ SALT",131.0,8.49,23.5,0.66,4.46,241.0,0.175,0.0
"CRESS,GARDEN,CKD,BLD,DRND,W/SALT",23.0,1.9,3.8,0.6,3.11,244.0,0.02,0.0
"DANDELION GRNS,CKD,BLD,DRND,W/SALT",33.0,2.0,6.4,0.6,1.62,280.0,,0.0
"EGGPLANT,CKD,BLD,DRND,W/SALT",33.0,0.83,8.14,0.23,3.2,239.0,0.044,0.0
"GOURD,DISHCLOTH (TOWELGOURD),CKD,BLD,DRND,W/SALT",54.0,0.66,13.75,0.34,5.17,257.0,0.027,0.0
"DRUMSTICK LEAVES,CKD,BLD,DRND,W/ SALT",60.0,5.27,11.15,0.93,1.0,245.0,,0.0
"JUTE,POTHERB,CKD,BLD,DRND,W/SALT",37.0,3.68,7.29,0.2,1.0,247.0,0.03,0.0
"KALE,CKD,BLD,DRND,W/SALT",28.0,1.9,5.63,0.4,1.25,259.0,0.052,0.0
"KALE,FRZ,CKD,BLD,DRND,W/SALT",30.0,2.84,5.23,0.49,1.34,251.0,0.063,0.0
"KOHLRABI,CKD,BLD,DRND,W/SALT",29.0,1.8,6.69,0.11,2.8,257.0,0.014,0.0
"LAMBS QUARTERS,CKD,BLD,DRND,W/SALT",32.0,3.2,5.0,0.7,0.62,265.0,0.052,0.0
"LEEKS,(BULB&LOWER LEAF-PORTION),CKD,BLD,DRND,W/SALT",31.0,0.81,7.62,0.2,2.11,246.0,0.027,0.0
"MUSHROOMS,WHITE,CKD,BLD,DRND,W/ SALT",28.0,2.17,5.29,0.47,2.34,238.0,0.061,0.0
"MUSHROOMS,SHIITAKE,CKD,W/SALT",56.0,1.56,14.39,0.22,3.84,240.0,0.05,0.0
"MUSTARD GRNS,CKD,BLD,DRND,W/SALT",15.0,2.26,2.1,0.24,0.1,252.0,0.012,0.0
"MUSTARD GRNS,FRZ,CKD,BLD,DRND,W/SALT",19.0,2.27,3.11,0.25,0.32,261.0,0.013,0.0
"NEW ZEALAND SPINACH,CKD,BLD,DRND,W/SALT",12.0,1.3,2.13,0.17,0.25,343.0,0.027,0.0
"OKRA,CKD,BLD,DRND,W/SALT",22.0,1.87,4.51,0.21,2.4,241.0,0.045,0.0
"OKRA,FRZ,CKD,BLD,DRND,W/ SALT",34.0,1.63,6.41,0.24,2.87,239.0,0.063,0.0
"ONIONS,CKD,BLD,DRND,W/SALT",42.0,1.36,9.56,0.19,4.73,239.0,0.031,0.0
"ONIONS,FRZ,CHOPD,CKD,BLD,DRND,W/SALT",26.0,0.77,6.0,0.1,2.9,248.0,0.016,0.0
"ONIONS,FRZ,WHL,CKD,BLD,DRND,W/SALT",26.0,0.71,6.11,0.05,2.9,244.0,0.009,0.0
"PARSNIPS,CKD,BLD,DRND,W/SALT",71.0,1.32,17.01,0.3,4.8,246.0,0.05,0.0
"PEAS,EDIBLE-PODDED,CKD,BLD,DRND,W/SALT",40.0,3.27,6.46,0.23,3.99,240.0,0.044,0.0
"PEAS,EDIBLE-PODDED,FRZ,CKD,BLD,DRND,W/SALT",50.0,3.5,8.43,0.38,4.82,241.0,0.073,0.0
"PEAS,GRN,CKD,BLD,DRND,W/SALT",84.0,5.36,15.63,0.22,5.93,239.0,0.039,0.0
"PEAS,GRN,CND,NO SALT,SOL&LIQUIDS",53.0,3.19,9.75,0.3,3.2,9.0,0.054,0.0
"PEAS,GRN,CND,NO SALT,DRND SOL",69.0,4.42,12.58,0.35,4.16,2.0,0.062,0.0
"PEAS,GRN,FRZ,CKD,BLD,DRND,W/SALT",78.0,5.15,14.26,0.27,4.65,323.0,0.049,0.0
"PEAS&CARROTS,CND,NO SALT,SOL&LIQUIDS",38.0,2.17,8.48,0.27,2.83,4.0,0.049,0.0
"PEAS&CARROTS,FRZ,CKD,BLD,DRND,W/SALT",48.0,3.09,10.12,0.42,4.36,304.0,0.077,0.0
"PEAS&ONIONS,FRZ,CKD,BLD,DRND,W/SALT",45.0,2.54,8.63,0.2,3.77,273.0,0.036,0.0
"PEPPERS,HOT CHILI,RED,RAW",40.0,1.87,8.81,0.44,5.3,9.0,0.042,0.0
"PEPPERS,HOT CHILI,RED,CND,EXCLUDING SEEDS,SOL&LIQUIDS",21.0,0.9,5.1,0.1,3.32,1173.0,0.01,0.0
"PEPPERS,SWT,RED,RAW",31.0,0.99,6.03,0.3,4.2,4.0,0.027,0.0
"PEPPERS,SWT,GRN,CKD,BLD,DRND,W/SALT",26.0,0.92,6.11,0.2,3.19,238.0,0.029,0.0
"PEPPERS,SWT,RED,CKD,BLD,DRND,WO/SALT",28.0,0.92,6.7,0.2,4.39,2.0,0.029,0.0
"PEPPERS,SWT,RED,CKD,BLD,DRND,W/SALT",26.0,0.92,6.11,0.2,4.39,238.0,0.029,0.0
"PIGEONPEAS,IMMAT SEEDS,CKD,BLD,DRND,W/SALT",111.0,5.96,19.49,1.36,2.48,240.0,0.112,0.0
"POKEBERRY SHOOTS,(POKE),CKD,BLD,DRND,W/SALT",20.0,2.3,3.1,0.4,1.6,254.0,,0.0
"POTATOES,BKD,FLESH & SKN,W/ SALT",93.0,2.5,21.15,0.13,1.18,10.0,0.035,0.0
"POTATOES,BKD,FLESH,W/SALT",93.0,1.96,21.55,0.1,1.7,241.0,0.026,0.0
"POTATOES,BKD,SKN,W/ SALT",198.0,4.29,46.06,0.1,1.4,257.0,0.026,0.0
"POTATOES,BLD,CKD IN SKN,FLESH,W/SALT",87.0,1.87,20.13,0.1,0.87,240.0,0.026,0.0
"POTATOES,BLD,CKD WO/ SKN,FLESH,W/ SALT",86.0,1.71,20.01,0.1,0.85,241.0,0.026,0.0
"POTATOES,FR FR,ALL TYPES,SALT NOT ADDED IN PROC,FRZ,OVN-HTD",172.0,2.66,28.71,5.22,0.28,32.0,1.029,0.0
"POTATOES,FR FR,ALL TYPES,SALT NOT ADDED IN PROC,FRZ,AS PURCH",150.0,2.24,24.81,4.66,0.2,23.0,0.94,0.0
"PUMPKIN,CKD,BLD,DRND,W/SALT",20.0,0.72,4.9,0.07,1.02,237.0,0.037,0.0
"PUMPKIN,CANNED,WITH SALT",34.0,1.1,8.09,0.28,3.3,241.0,0.146,0.0
"PUMPKIN,FLOWERS,CKD,BLD,DRND,W/SALT",15.0,1.09,3.18,0.08,2.4,242.0,0.041,0.0
"PUMPKIN LEAVES,CKD,BLD,DRND,W/ SALT",21.0,2.72,3.39,0.22,0.69,244.0,0.114,0.0
"RADISHES,ORIENTAL,CKD,BLD,DRND,W/SALT",17.0,0.67,3.43,0.24,1.83,249.0,0.073,0.0
"RUTABAGAS,CKD,BLD,DRND,W/SALT",39.0,1.29,8.74,0.22,6.02,254.0,0.029,0.0
"SALSIFY,CKD,BLD,DRND,W/SALT",68.0,2.73,15.36,0.17,2.9,252.0,,0.0
"SPINACH,CKD,BLD,DRND,W/SALT",23.0,2.97,3.75,0.26,0.43,306.0,0.043,0.0
"SPINACH,FRZ,CHOPD OR LEAF,CKD,BLD,DRND,W/SALT",34.0,4.01,4.8,0.87,0.51,322.0,0.036,0.0
"SQUASH,SMMR,ALL VAR,CKD,BLD,DRND,W/SALT",20.0,0.91,4.31,0.31,2.59,237.0,0.064,0.0
"SQUASH,SMMR,CROOKNECK&STRAIGHTNECK,CKD,BLD,DRND,W/SALT",19.0,1.04,3.79,0.39,2.48,237.0,0.064,0.0
"SQUASH,SMMR,CROOKNECK&STRAIGHTNECK,FRZ,CKD,BLD,DRND,W/SALT",25.0,1.28,5.54,0.2,2.33,242.0,0.04,0.0
"SQUASH,SMMR,SCALLOP,CKD,BLD,DRND,W/SALT",16.0,1.03,3.3,0.17,1.5,237.0,0.035,0.0
"SQUASH,SMMR,ZUCCHINI,INCL SKN,CKD,BLD,DRND,W/SALT",15.0,1.14,2.69,0.36,1.71,239.0,0.072,0.0
"SQUASH,SMMR,ZUCCHINI,INCL SKN,FRZ,CKD,BLD,DRND,W/SALT",14.0,1.15,2.97,0.13,1.69,238.0,0.027,0.0
"SQUASH,WNTR,ALL VAR,CKD,BKD,W/SALT",37.0,0.89,8.85,0.35,3.3,237.0,0.072,0.0
"SQUASH,WNTR,BUTTERNUT,CKD,BKD,W/SALT",40.0,0.9,10.49,0.09,1.97,240.0,0.019,0.0
"SQUASH,WNTR,HUBBARD,BKD,W/ SALT",50.0,2.48,10.81,0.62,4.9,244.0,0.128,0.0
"SQUASH,WNTR,HUBBARD,CKD,BLD,MSHD,W/SALT",30.0,1.48,6.46,0.37,2.93,241.0,0.076,0.0
"SQUASH,WNTR,SPAGHETTI,CKD,BLD,DRND,OR BKD,W/SALT",27.0,0.66,6.46,0.26,2.53,254.0,0.062,0.0
"SUCCOTASH,(CORN&LIMAS),FRZ,CKD,BLD,DRND,W/SALT",93.0,4.31,19.95,0.89,2.21,281.0,0.166,0.0
"SWEET POTATO LEAVES,CKD,STMD,W/ SALT",34.0,2.32,7.32,0.3,5.42,249.0,0.065,0.0
"SWEET POTATO,CKD,BKD IN SKN,W/ SALT",92.0,2.01,20.71,0.15,11.09,246.0,0.052,0.0
"SWEET POTATO,CKD,BLD,WO/ SKN,W/ SALT",76.0,1.37,17.72,0.14,5.74,263.0,0.04,0.0
"TARO,COOKED,WITH SALT",142.0,0.52,34.6,0.11,0.49,251.0,0.023,0.0
"TOMATOES,RED,RIPE,CKD,W/ SALT",18.0,0.95,4.01,0.11,2.49,247.0,0.015,0.0
"TOMATOES,RED,RIPE,CND,PACKED IN TOMATO JUC,NO SALT ADDED",17.0,0.78,4.0,0.13,2.38,10.0,0.018,0.0
"TOMATO JUC,CND,WO/SALT",17.0,0.76,4.24,0.05,3.56,10.0,0.008,0.0
"TOMATO PRODUCTS,CND,PASTE,W/SALT",82.0,4.32,18.91,0.47,12.18,790.0,0.1,0.0
"TOMATO PRODUCTS,CND,PUREE,W/SALT",38.0,1.65,8.98,0.21,4.83,399.0,0.029,0.0
"TURNIPS,CKD,BLD,DRND,W/SALT",22.0,0.71,5.06,0.08,2.99,286.0,0.008,0.0
"TURNIPS,FRZ,CKD,BLD,DRND,W/SALT",21.0,1.53,3.76,0.24,1.76,272.0,0.025,0.0
"TURNIP GRNS,CKD,BLD,DRND,W/SALT",20.0,1.14,4.36,0.23,0.53,265.0,0.053,0.0
"TURNIP GRNS,FRZ,CKD,BLD,DRND,W/SALT",29.0,3.35,4.98,0.42,0.75,251.0,0.099,0.0
"TURNIP GRNS&TURNIPS,FRZ,CKD,BLD,DRND,W/SALT",34.0,2.99,4.74,0.38,0.95,255.0,0.085,0.0
"VEGETABLES,MXD,FRZ,CKD,BLD,DRND,W/SALT",60.0,2.86,13.09,0.15,3.12,271.0,0.031,0.0
"WAXGOURD,(CHINESE PRESERVING MELON),CKD,BLD,DRND,W/SALT",11.0,0.4,2.45,0.2,1.18,343.0,0.016,0.0
"YAM,CKD,BLD,DRND,OR BKD,W/SALT",114.0,1.49,26.99,0.14,0.49,244.0,0.029,0.0
"CORN,SWEET,WHITE,RAW",86.0,3.22,19.02,1.18,3.22,15.0,0.182,0.0
"CORN,SWT,WHITE,CKD,BLD,DRND,WO/SALT",97.0,3.34,21.71,1.41,7.73,3.0,0.197,0.0
"CORN,SWT,WHITE,CKD,BLD,DRND,W/SALT",97.0,3.34,21.71,1.41,7.73,253.0,0.197,0.0
"CORN,SWT,WHITE,CND,WHL KERNEL,DRND SOL",81.0,2.62,18.59,1.0,2.4,323.0,0.154,0.0
"CORN,SWT,WHITE,CND,CRM STYLE,REG PK",72.0,1.74,18.13,0.42,2.21,285.0,0.065,0.0
"CORN,SWT,WHITE,CND,CRM STYLE,NO SALT",72.0,1.74,18.13,0.42,2.21,3.0,0.065,0.0
"CORN,SWT,WHITE,FRZ,KRNLS CUT OFF COB,BLD,DRND,WO/SALT",80.0,2.75,19.56,0.43,3.12,5.0,0.066,0.0
"CORN,SWT,WHITE,FRZ,KRNLS CUT OFF COB,BLD,DRND,W/SALT",80.0,2.75,19.56,0.43,3.12,245.0,0.066,0.0
"PEPPERS,SWT,RED,FRZ,CHOPD,UNPREP",20.0,1.08,4.45,0.21,3.26,5.0,0.031,0.0
"PEPPERS,SWT,RED,FRZ,CHOPD,BLD,DRND,WO/ SALT",16.0,0.95,3.31,0.18,2.86,4.0,0.027,0.0
"PEPPERS,SWT,RED,FRZ,CHOPD,BLD,DRND,W/ SALT",16.0,0.95,3.31,0.18,2.86,240.0,0.027,0.0
"PEPPERS,SWT,RED,SAUTEED",133.0,1.04,6.57,12.75,4.28,21.0,1.557,0.0
"SOYBEANS,MATURE SEEDS,SPROUTED,CKD,STMD,W/SALT",81.0,8.47,6.53,4.45,0.43,246.0,0.617,0.0
"PEPPERS,SWT,RED,FREEZE-DRIED",314.0,17.9,68.7,3.0,40.77,193.0,0.447,0.0
"BEANS,SNAP,YEL,CND,REG PK,DRND SOL",20.0,1.15,4.5,0.1,0.96,251.0,0.022,0.0
"BEANS,SNAP,YEL,CND,NO SALT,DRND SOL",20.0,1.15,4.5,0.1,0.96,2.0,0.022,0.0
"POTATOES,MSHD,HOME-PREPARED,WHL MILK & BUTTER ADDED",113.0,1.86,16.81,4.22,1.43,317.0,2.613,0.0
CATSUP,97.0,1.74,25.15,0.31,22.77,1114.0,0.043,0.0
"PICKLES,CUCUMBER,DILL OR KOSHER DILL",12.0,0.6,2.59,0.14,1.31,875.0,0.036,0.0
"MUSHROOMS,PORTABELLA,EXPOSED TO UV LT,GRILLED",29.0,3.28,4.44,0.58,2.26,11.0,0.067,0.0
"PICKLES,CUCUMBER,SWT (INCLUDES BREAD & BUTTER PICKLES)",91.0,0.58,21.15,0.41,18.27,457.0,0.067,0.0
"PICKLES,CUCUMBER,SOUR",11.0,0.33,2.26,0.2,1.06,1208.0,0.052,0.0
"PIMENTO,CANNED",23.0,1.1,5.1,0.3,2.71,14.0,0.045,0.0
"PICKLE RELISH,SWEET",130.0,0.37,35.06,0.47,29.13,811.0,0.054,0.0
"PICKLES,CUCUMBER,SOUR,LO NA",11.0,0.33,2.26,0.2,1.06,18.0,0.052,0.0
"PICKLES,CUCUMBER,DILL,LO NA",18.0,0.62,4.13,0.19,1.92,18.0,0.05,0.0
"PICKLES,CUCUMBER,SWT,LO NA (INCLUDES BREAD & BUTTER PICKLES)",122.0,0.37,33.73,0.26,26.68,18.0,0.067,0.0
"CATSUP,LOW SODIUM",97.0,1.74,25.15,0.31,22.77,20.0,0.043,0.0
"MUSHROOMS,ENOKI,RAW",37.0,2.66,7.81,0.29,0.22,3.0,0.02,0.0
"RADICCHIO,RAW",23.0,1.43,4.48,0.25,0.6,22.0,0.06,0.0
"TOMATILLOS,RAW",32.0,0.96,5.84,1.02,3.93,1.0,0.139,0.0
"TOMATOES,SUN-DRIED",258.0,14.11,55.76,2.97,37.59,247.0,0.426,0.0
"ARUGULA,RAW",25.0,2.58,3.65,0.66,2.05,27.0,0.086,0.0
"CARROTS,BABY,RAW",35.0,0.64,8.24,0.13,4.76,78.0,0.023,0.0
"PEPPERS,HOT CHILE,SUN-DRIED",324.0,10.58,69.86,5.81,41.06,91.0,0.813,0.0
"NOPALES,RAW",16.0,1.32,3.33,0.09,1.15,21.0,0.016,0.0
"NOPALES,CKD,WO/SALT",15.0,1.35,3.28,0.05,1.12,20.0,0.006,0.0
"CAULIFLOWER,GREEN,RAW",31.0,2.95,6.09,0.3,3.03,23.0,0.047,0.0
"BROCCOLI,CHINESE,COOKED",22.0,1.14,3.81,0.72,0.84,7.0,0.11,0.0
"GRAPE LEAVES,RAW",93.0,5.6,17.31,2.12,6.3,9.0,0.336,0.0
"PEPPER,BANANA,RAW",27.0,1.66,5.35,0.45,1.95,13.0,0.048,0.0
"PEPPERS,SERRANO,RAW",32.0,1.74,6.7,0.44,3.83,10.0,0.059,0.0
"PEPPERS,JALAPENO,RAW",29.0,0.91,6.5,0.37,4.12,3.0,0.092,0.0
"PEPPERS,HUNGARIAN,RAW",29.0,0.8,6.7,0.41,3.53,1.0,0.046,0.0
"PICKLES,CHOWCHOW,W/CAULIFLOWER ONION MUSTARD,SWT",121.0,1.5,26.64,0.9,23.88,527.0,0.149,0.0
"MUSHROOMS,OYSTER,RAW",33.0,3.31,6.09,0.41,1.11,18.0,0.062,0.0
"MUSHROOMS,WHITE,MICROWAVED",35.0,3.91,6.04,0.46,0.0,17.0,0.06,0.0
"MUSHROOMS,MAITAKE,RAW",31.0,1.94,6.97,0.19,2.07,1.0,0.03,0.0
"MUSHROOMS,PORTABELLA,EXPOSED TO UV LT,RAW",22.0,2.11,3.87,0.35,2.5,9.0,0.06,0.0
"PUMPKIN&SQUASH SD KRNLS,DRIED",559.0,30.23,10.71,49.05,1.4,7.0,8.659,0.0
"PUMPKIN&SQUASH SD KRNLS,RSTD,WO/SALT",574.0,29.84,14.71,49.05,1.29,18.0,8.544,0.0
"SESAME SEEDS,WHOLE,DRIED",573.0,17.73,23.45,49.67,0.3,11.0,6.957,0.0
"SESAME SD KRNLS,TSTD,WO/SALT (DECORT)",567.0,16.96,26.04,48.0,0.48,39.0,6.722,0.0
"SUNFLOWER SD KRNLS,DRIED",584.0,20.78,20.0,51.46,2.62,9.0,4.455,0.0
"SUNFLOWER SD KRNLS,DRY RSTD,WO/SALT",582.0,19.33,24.07,49.8,2.73,3.0,5.219,0.0
"SUNFLOWER SD KRNLS,OIL RSTD,WO/SALT",592.0,20.06,22.89,51.3,3.11,3.0,7.068,0.0
"SUNFLOWER SD BUTTER,WO/SALT",617.0,17.28,23.32,55.2,10.54,3.0,4.678,0.0
ALMONDS,575.0,21.22,21.67,49.42,3.89,1.0,3.731,0.0
"ALMONDS,BLANCHED",590.0,21.4,18.67,52.52,4.63,19.0,3.953,0.0
"ALMONDS,DRY RSTD,WO/SALT",595.0,21.06,21.2,52.05,4.93,3.0,4.03,0.0
"ALMONDS,OIL RSTD,WO/SALT",607.0,21.23,17.68,55.17,4.55,1.0,4.208,0.0
ALMOND PASTE,458.0,9.0,47.81,27.74,36.25,9.0,2.629,0.0
"BRAZILNUTS,DRIED,UNBLANCHED",656.0,14.32,12.27,66.43,2.33,3.0,15.137,0.0
"CASHEW NUTS,DRY RSTD,WO/SALT",574.0,15.31,32.69,46.35,5.01,16.0,9.157,0.0
"CASHEW NUTS,OIL RSTD,WO/SALT",580.0,16.84,29.87,47.77,5.01,13.0,8.478,0.0
"NUTS,CASHEW NUTS,RAW",553.0,18.22,30.19,43.85,5.91,12.0,7.783,0.0
"COCONUT MEAT,RAW",354.0,3.33,15.23,33.49,6.23,20.0,28.470739999999992,0.0
"COCONUT MEAT,DRIED (DESICCATED),NOT SWTND",660.0,6.88,23.65,64.53,7.35,37.0,28.470739999999992,0.0
"COCONUT MEAT,DRIED (DESICCATED),SWTND,FLAKED,PACKAGED",456.0,3.13,51.85,27.99,36.75,285.0,26.396,0.0
"NUTS,COCNT CRM,CND,SWTND",357.0,1.17,53.21,16.31,51.5,36.0,15.472,0.0
"COCONUT MILK,RAW (LIQ EXPRESSED FROM GRATED MEAT&H2O)",230.0,2.29,5.54,23.84,3.34,15.0,21.14,0.0
COCONUT H2O (LIQ FROM COCONUTS),19.0,0.72,3.71,0.2,2.61,105.0,0.176,0.0
HAZELNUTS OR FILBERTS,628.0,14.95,16.7,60.75,4.34,0.0,4.464,0.0
"HAZELNUTS OR FILBERTS,BLANCHED",629.0,13.7,17.0,61.15,3.49,0.0,4.669,0.0
"HAZELNUTS OR FILBERTS,DRY RSTD,WO/SALT",646.0,15.03,17.6,62.4,4.89,0.0,4.511,0.0
"MACADAMIA NUTS,RAW",718.0,7.91,13.82,75.77,4.57,5.0,12.061,0.0
"MACADAMIA NUTS,DRY RSTD,WO/SALT",718.0,7.79,13.38,76.08,4.14,4.0,,0.0
"MIXED NUTS,OIL RSTD,W/PNUTS,WO/SALT",607.0,20.04,21.05,53.95,4.15,5.0,8.711,0.0
PECANS,691.0,9.17,13.86,71.97,3.97,0.0,6.18,0.0
"PECANS,DRY RSTD,WO/SALT",710.0,9.5,13.55,74.27,4.06,1.0,6.283,0.0
"PECANS,OIL RSTD,WO/SALT",715.0,9.2,13.01,75.23,3.97,1.0,7.238,0.0
"NUTS,PINE NUTS,DRIED",673.0,13.69,13.08,68.37,3.59,2.0,4.899,0.0
"PISTACHIO NUTS,RAW",562.0,20.27,27.51,45.39,7.66,1.0,5.556,0.0
"PISTACHIO NUTS,DRY RSTD,WO/SALT",567.0,20.95,29.38,44.82,7.74,6.0,5.456,0.0
"WALNUTS,BLACK,DRIED",618.0,24.06,9.91,59.0,1.1,2.0,3.368,0.0
"WALNUTS,ENGLISH",654.0,15.23,13.71,65.21,2.61,2.0,6.126,0.0
"SESAME BUTTER,TAHINI,FROM RSTD&TSTD KRNLS (MOST COMMON TYPE)",595.0,17.0,21.19,53.76,0.49,115.0,7.529,0.0
"CHESTNUTS,EUROPEAN,RSTD",245.0,3.17,52.96,2.2,10.6,2.0,0.414,0.0
"COCONUT MEAT,DRIED (DESICCATED),SWTND,SHREDDED",501.0,2.88,47.67,35.49,43.17,262.0,28.470739999999992,0.0
"ALMOND BUTTER,PLN,WO/SALT",614.0,20.96,18.82,55.5,4.43,7.0,4.152,0.0
"SESAME SD KRNLS,DRIED (DECORT)",631.0,20.45,11.73,61.21,0.48,47.0,9.055,0.0
"SEEDS,FLAXSEED",534.0,18.29,28.88,42.16,1.55,30.0,3.663,0.0
"PUMPKIN&SQUASH SD KRNLS,RSTD,W/SALT",574.0,29.84,14.71,49.05,1.29,256.0,8.544,0.0
"SESAME SD KRNLS,TSTD,W/SALT (DECORT)",567.0,16.96,26.04,48.0,0.48,588.0,6.722,0.0
"SUNFLOWER SD KRNLS,DRY RSTD,W/SALT",582.0,19.33,24.07,49.8,2.73,410.0,5.219,0.0
"SUNFLOWER SD KRNLS,OIL RSTD,W/SALT",592.0,20.06,22.89,51.3,3.11,410.0,7.068,0.0
"SUNFLOWER SD BUTTER,W/SALT",617.0,17.28,23.32,55.2,10.54,331.0,4.678,0.0
"ALMONDS,DRY RSTD,W/SALT",595.0,21.06,21.2,52.05,4.93,339.0,4.03,0.0
"ALMONDS,OIL RSTD,W/SALT",607.0,21.23,17.68,55.17,4.55,339.0,4.208,0.0
"CASHEW NUTS,DRY RSTD,W/SALT",574.0,15.31,32.69,46.35,5.01,640.0,9.157,0.0
"CASHEW NUTS,OIL RSTD,W/SALT",581.0,16.84,30.16,47.77,5.01,308.0,8.478,0.0
"CASHEW BUTTER,PLN,W/SALT",587.0,17.56,27.57,49.41,5.01,614.0,9.763,0.0
"MACADAMIA NUTS,DRY RSTD,W/SALT",716.0,7.79,12.83,76.08,4.14,265.0,11.947,0.0
"MIXED NUTS,DRY RSTD,W/PNUTS,W/SALT",594.0,17.3,25.35,51.45,4.64,669.0,6.899,0.0
"NUTS,MXD NUTS,OIL RSTD,W/ PNUTS,W/ SALT ADDED",607.0,20.04,21.05,53.95,4.15,273.0,8.711,0.0
"NUTS,MXD NUTS,OIL RSTD,WO/ PNUTS,W/ SALT ADDED",615.0,15.52,22.27,56.17,4.38,306.0,9.087,0.0
"PECANS,DRY RSTD,W/SALT",710.0,9.5,13.55,74.27,4.06,383.0,6.283,0.0
"PECANS,OIL RSTD,W/SALT",715.0,9.2,13.01,75.23,3.97,393.0,7.238,0.0
"PISTACHIO NUTS,DRY RSTD,W/SALT",564.0,20.95,28.66,44.82,7.74,428.0,5.456,0.0
"ALMOND BUTTER,PLN,W/SALT",614.0,20.96,18.82,55.5,4.43,215.0,4.152,0.0
"BEEF,GRASS-FED,STRIP STEAKS,LN,RAW",117.0,23.07,0.0,2.69,0.0,55.0,1.032,0.0
"BEEF,RTL CUTS,FAT,RAW",674.0,8.21,0.0,70.89,0.0,26.0,28.470739999999992,0.0
"BEEF,RTL CUTS,FAT,CKD",680.0,10.65,0.0,70.33,0.0,23.0,28.470739999999992,0.0
"BEEF,BRISKET,WHL,LN,ALL GRDS,RAW",155.0,20.72,0.0,7.37,0.0,79.0,2.59,0.0
"BEEF,GRASS-FED,GROUND,RAW",192.0,19.42,0.0,12.73,0.0,68.0,5.335,0.0
"BEEF,BRISKET,FLAT HALF,LN & FAT,1/8"" FAT,SEL,CKD,BRSD",280.0,28.97,0.0,17.37,0.0,49.0,6.888,0.0
"BEEF,FLANK,STEAK,LN & FAT,0"" FAT,CHOIC,RAW",165.0,21.22,0.0,8.29,0.0,54.0,3.443,0.0
"BEEF,FLANK,STEAK,LN & FAT,0"" FAT,CHOIC,CKD,BRSD",263.0,26.98,0.0,16.44,0.0,70.0,6.92,0.0
"BEEF,FLANK,STEAK,LN & FAT,0"" FAT,CHOIC,CKD,BRLD",202.0,27.55,0.0,9.31,0.0,53.0,3.84,0.0
"BEEF,FLANK,STEAK,LN,0"" FAT,CHOIC,RAW",149.0,21.72,0.0,6.29,0.0,57.0,2.612,0.0
"BEEF,FLANK,STEAK,LN,0"" FAT,CHOIC,CKD,BRSD",237.0,28.02,0.0,13.0,0.0,72.0,5.54,0.0
"BEEF,FLANK,STEAK,LN,0"" FAT,CHOIC,CKD,BRLD",194.0,27.82,0.0,8.32,0.0,56.0,3.452,0.0
"BF,RIB,EYE,SML END (RIB 10-12),LN & FT,0"" FAT,CHOIC,CKD,BRLD",265.0,26.58,0.0,16.76,0.0,53.0,6.506,0.0
"BEEF,RIB,EYE,SML END (RIBS 10-12),LN,0""FAT,CHOIC,CKD,BRLD",205.0,28.88,0.0,9.01,0.0,60.0,3.43,0.0
"BEEF,RIB,SHORTRIBS,LN&FAT,CHOIC,CKD,BRSD",471.0,21.57,0.0,41.98,0.0,50.0,17.8,0.0
"BEEF,RIB,SHORTRIBS,LN,CHOIC,CKD,BRSD",295.0,30.76,0.0,18.13,0.0,58.0,7.74,0.0
"BEEF,RND,FULL CUT,LN,1/4""FAT,CHOIC,CKD,BRLD",191.0,29.21,0.0,7.31,0.0,64.0,2.56,0.0
"BEEF,BRISKET,FLAT HALF,LN & FAT,0"" FAT,CHOIC,CKD,BRSD",221.0,32.21,0.0,9.24,0.0,52.0,3.638,0.0
"USDA CMDTY,BF,CND",246.0,20.52,0.0,17.57,0.0,187.0,8.59,0.0
"BEEF,RIB EYE,SML END (RIBS 10-12),LN,0"" FAT,SEL,RAW",149.0,21.17,0.0,6.57,0.0,52.0,2.65,0.0
"BEEF,CHUCK,UND BL POT RST,BNLESS,LN,0"" FAT,ALL GRDS,CKD",216.0,30.54,0.0,10.46,0.0,65.0,4.002,0.0
"BEEF,CHK,UND BL POT RST,BNLESS,LN,0"" FAT,ALL GRDS,CKD, BRSD",140.0,21.13,0.31,6.07,0.0,81.0,2.728,0.0
"BEEF,CHCK,UND BL POT RST OR STEAK,BNLESS,LN,0"" FAT,CHOIC,RAW",145.0,21.19,0.39,6.51,0.0,80.0,2.833,0.0
"BEEF,GROUND,PATTIES,FRZ,CKD,BRLD",295.0,23.05,0.0,21.83,0.0,77.0,8.805,0.0
"BEEF,VAR MEATS&BY-PRODUCTS,BRAIN,RAW",143.0,10.86,1.05,10.3,0.0,126.0,2.3,0.0
"BEEF,VAR MEATS&BY-PRODUCTS,BRAIN,CKD,SIMMRD",151.0,11.67,1.48,10.53,0.0,108.0,2.394,0.0
"BEEF,VAR MEATS&BY-PRODUCTS,HEART,RAW",112.0,17.72,0.14,3.94,0.0,98.0,1.383,0.0
"BEEF,VAR MEATS&BY-PRODUCTS,HEART,CKD,SIMMRD",165.0,28.48,0.15,4.73,0.0,59.0,1.404,0.0
"BEEF,VAR MEATS&BY-PRODUCTS,KIDNEYS,RAW",99.0,17.4,0.29,3.09,0.0,182.0,0.868,0.0
"BEEF,VAR MEATS&BY-PRODUCTS,KIDNEYS,CKD,SIMMRD",158.0,27.27,0.0,4.65,0.0,94.0,1.066,0.0
"BEEF,VAR MEATS&BY-PRODUCTS,LIVER,RAW",135.0,20.36,3.89,3.63,0.0,69.0,1.233,0.0
"BEEF,VAR MEATS & BY-PRODUCTS,LIVER,CKD,BRSD",191.0,29.08,5.13,5.26,0.0,79.0,1.696,0.0
"BEEF, VAR MEATS&BY-PRODUCTS, LIVER, CKD, PAN-FRIED",175.0,26.52,5.16,4.68,0.0,77.0,1.493,0.0
"BEEF,VAR MEATS & BY-PRODUCTS,SUET,RAW",854.0,1.5,0.0,94.0,0.0,7.0,28.470739999999992,0.0
"BEEF,VAR MEATS&BY-PRODUCTS,TONGUE,CKD,SIMMRD",284.0,19.29,0.0,22.3,0.0,65.0,8.125,0.0
"BEEF,VAR MEATS&BY-PRODUCTS,TRIPE,RAW",85.0,12.07,0.0,3.69,0.0,97.0,1.291,0.0
"BEEF,SNDWCH STEAKS,FLAKED,CHOPD,FORMED & THINLY SLICED,RAW",309.0,16.5,0.0,27.0,0.0,68.0,11.538,0.0
"BEEF,BRISKET,FLAT HALF,LN,0"" FAT,CHOIC,CKD,BRSD",212.0,32.62,0.0,8.07,0.0,52.0,3.053,0.0
"BEEF,CURED,BRKFST STRIPS,CKD",449.0,31.3,1.4,34.4,0.0,2060.149999999986,14.35,0.0
"BEEF,CURED,CORNED BF,BRISKET,CKD",251.0,18.17,0.47,18.98,0.0,1134.0,6.34,0.0
"BEEF,CURED,CORNED BF,CND",250.0,27.1,0.0,14.93,0.0,1006.0,6.18,0.0
"BEEF,CHK,UND BLADE POT RST OR STK,BNLESS,LN,0"" FAT,SEL, RAW",134.0,21.03,0.19,5.41,0.0,81.0,2.572,0.0
"BEEF,CURED,DRIED",153.0,31.1,2.76,1.94,2.7,2060.149999999986,0.95,0.0
"BEEF,CHUCK,UNDER BLADE CNTR STEAK,BNLESS,DENVER CUT,LN,0"" FA",220.0,26.5,0.14,12.64,0.0,73.0,5.28,0.0
"BEEF,CHK,UND BL CNTR STK,BNLESS,DEN CUT,LN,0"" FA, SEL, CKD",209.0,26.53,0.0,11.46,0.0,74.0,4.853,0.0
"BEEF,CURED,PASTRAMI",147.0,21.8,0.36,5.82,0.1,885.0,2.681,0.0
"BEEF,CHK,UNDBL CNTR STK,BNLESS,DENCUT,LN,0"" FA, ALL GRD, RAW",170.0,19.42,0.49,9.99,0.0,77.0,4.132,0.0
"BEEF,CHK,UND BLCNTR STK,BNLESS,DEN CUT,LN,0"" FA, CHOICE, RAW",178.0,19.23,0.67,10.96,0.0,76.0,4.588,0.0
"BEEF,CURED,THIN-SLICED BF",176.0,28.11,5.71,3.84,0.0,1439.0,1.65,0.0
"BEEF,COMP OF RTL CUTS,LN&FAT,0""FAT,ALL GRDS,CKD",273.0,27.33,0.0,17.37,0.0,62.0,6.85,0.0
"BEEF,COMP OF RTL CUTS,LN&FAT,0""FAT,CHOIC,CKD",283.0,27.21,0.0,18.54,0.0,62.0,7.31,0.0
"BEEF,COMP OF RTL CUTS,LN&FAT,0""FAT,SEL,CKD",261.0,27.47,0.0,15.92,0.0,63.0,6.27,0.0
"BEEF,COMP OF RTL CUTS,LN,0"" FAT,ALL GRDS,CKD",211.0,29.88,0.0,9.28,0.0,66.0,3.54,0.0
"BEEF,COMP OF RTL CUTS,LN,0""FAT,CHOIC,CKD",219.0,29.88,0.0,10.15,0.0,66.0,3.87,0.0
"BEEF,COMP OF RTL CUTS,LN,0""FAT,SEL,CKD",201.0,29.89,0.0,8.09,0.0,66.0,3.09,0.0
"BEEF,BRISKET,WHL,LN&FAT,0""FAT,ALL GRDS,CKD,BRSD",291.0,26.79,0.0,19.52,0.0,65.0,7.53,0.0
"BEEF,BRISKET,WHL,LN,0""FAT,ALL GRDS,CKD,BRSD",218.0,29.75,0.0,10.08,0.0,70.0,3.63,0.0
"BEEF,BRISKET,FLAT HALF,LN&FAT,0""FAT,ALL GRDS,CKD,BRSD",213.0,32.9,0.0,8.01,0.0,54.0,3.152,0.0
"BEEF,BRISKET,FLAT HALF,LN,0""FAT,ALL GRDS,CKD,BRSD",205.0,33.26,0.0,6.99,0.0,54.0,2.647,0.0
"BEEF,BRISKET,POINT HALF,LN&FAT,0""FAT,ALL GRDS,CKD,BRSD",358.0,23.53,0.0,28.5,0.0,68.0,11.24,0.0
"BEEF,BRISKET,POINT HALF,LN,0""FAT,ALL GRDS,CKD,BRSD",244.0,28.05,0.0,13.8,0.0,77.0,5.18,0.0
"BEEF,CHUCK,ARM POT RST,LN&FAT,0""FAT,ALL GRDS,CKD,BRSD",297.0,28.94,0.0,19.17,0.0,47.0,7.548,0.0
"BEEF,CHUCK,ARM POT RST,LN & FAT,0"" FAT,SEL,CKD,BRSD",283.0,29.23,0.0,17.56,0.0,48.0,6.911,0.0
"BEEF,CHUCK,ARM POT RST,LN,0""FAT,CHOIC,CKD,BRSD",212.0,33.36,0.0,7.67,0.0,54.0,2.903,0.0
"BEEF,CHUCK,ARM POT RST,LN,0""FAT,SEL,CKD,BRSD",195.0,33.37,0.0,5.8,0.0,55.0,2.194,0.0
"BEEF,CHCK,UNDR BLDE POT RST,BNLS,LN & FAT,0"",CHC,CKD,BRSD",306.0,26.39,0.0,21.48,0.0,61.0,8.532,0.0
"BEEF,CHCK,UNDR BLDE POT RST,BNLS,LN & FAT,0"",SEL,CKD,BRSD",288.0,27.17,0.0,19.02,0.0,64.0,7.854,0.0
"BEEF,CHUCK,BLADE RST,LN,0""FAT,ALL GRDS,CKD,BRSD",253.0,31.06,0.0,13.3,0.0,71.0,5.16,0.0
"BEEF,CHK,UNDER BLADE POT RST,BNLESS,LN,0"" FAT,CHOIC,CKD,BRSD",231.0,30.45,0.0,11.14,0.0,63.0,4.344,0.0
"BEEF,CHUCK,UNDER BLADE POT RST,BNLESS,LN,0"" FAT,SEL,CKD,BRSD",216.0,30.68,0.0,9.44,0.0,67.0,3.487,0.0
"BEEF,RIB,LRG END (RIBS 6-9),LN,0""FAT,ALL GRDS,CKD,RSTD",238.0,27.53,0.0,13.4,0.0,73.0,5.35,0.0
"BEEF,RIB,SML END (RIBS 10-12),LN&FAT,0""FAT,ALL GRDS,CKD,BRLD",249.0,27.27,0.0,14.74,0.0,56.0,5.72,0.0
"BEEF,RIB,SML END (RIBS 10-12),LN,0""FAT,ALL GRDS,CKD,BRLD",193.0,29.41,0.0,7.53,0.0,61.0,2.868,0.0
"BEEF,RND,BTTM RND,STEAK,LN & FAT,0"" FAT,ALL GRDS,CKD,BRSD",223.0,33.56,0.0,8.86,0.0,44.0,3.184,0.0
"BEEF,RND,BTTM RND,RST,LN & FAT,0"" FAT,ALL GRDS,CKD,RSTD",187.0,27.42,0.0,7.72,0.0,36.0,2.773,0.0
"BEEF,RND,BTTM RND,STEAK,LN & FAT,0"" FAT,CHOIC,CKD,BRSD",230.0,32.73,0.0,10.0,0.0,42.0,3.593,0.0
"BEEF,RND,BTTM RND,RST,LN & FAT,0"" FAT,CHOIC,CKD,RSTD",199.0,26.76,0.0,9.37,0.0,35.0,3.366,0.0
"BEEF,RND,BTTM RND,STEAK,LN & FAT,0"" FAT,SEL,CKD,BRSD",217.0,34.39,0.0,7.72,0.0,45.0,2.775,0.0
"BEEF,RND,BTTM RND,RST,LN & FAT,0"" FAT,SEL,CKD,RSTD",175.0,28.08,0.0,6.06,0.0,37.0,2.179,0.0
"BEEF,RND,BTTM RND,STEAK,LN,0"" FAT,ALL GRDS,CKD,BRSD",214.0,34.0,0.0,7.67,0.0,44.0,2.675,0.0
"BEEF,RND,BTTM RND,RST,LN,0"" FAT,ALL GRDS,CKD,RSTD",177.0,27.76,0.0,6.48,0.0,36.0,2.26,0.0
"BEEF,RND,BTTM RND,STEAK,LN,0"" FAT,CHOIC,CKD,BRSD",223.0,33.08,0.0,9.03,0.0,43.0,3.152,0.0
"Beef, bottom round, roast,lean only, 0"" fat, choice, roasted",185.0,27.23,0.0,7.63,0.0,36.0,2.661,0.0
"BEEF,RND,BTTM RND,STEAK,LN,0"" FAT,SEL,CKD,BRSD",206.0,34.93,0.0,6.3,0.0,46.0,2.198,0.0
"BEEF,RND,BTTM RND RST,LN,0"" FAT,SEL,CKD,RSTD",169.0,28.29,0.0,5.33,0.0,38.0,1.86,0.0
"BEEF,RND,EYE OF RND,RST,LN & FAT,0"" FAT,ALL GRDS,CKD,RSTD",168.0,29.13,0.0,4.8,0.0,38.0,1.724,0.0
"BEEF,RND,EYE OF RND,RST,LN & FAT,0"" FAT,CHOIC,CKD,RSTD",166.0,28.58,0.0,4.87,0.0,37.0,1.75,0.0
"BEEF,RND,EYE OF RND,RST,LN & FAT,0"" FAT,SEL,CKD,RSTD",169.0,29.67,0.0,4.72,0.0,39.0,1.697,0.0
"BEEF,RND,EYE OF RND,RST,LN,0"" FAT,ALL GRDS,CKD,RSTD",162.0,29.33,0.0,4.09,0.0,38.0,1.426,0.0
"BEEF,RND,EYE OF RND,RST,LN,0"" FAT,CHOIC,CKD,RSTD",162.0,28.74,0.0,4.3,0.0,38.0,1.502,0.0
"BEEF,RND,EYE OF RND,RST,LN,0"" FAT,SEL,CKD,RSTD",163.0,29.92,0.0,3.87,0.0,39.0,1.349,0.0
"BEEF,RND,TIP RND,RST,LN & FAT,0"" FAT,ALL GRDS,CKD,RSTD",188.0,26.79,0.0,8.21,0.0,35.0,3.007,0.0
"BEEF,RND,TIP RND,RST,LN & FAT,0"" FAT,CHOIC,CKD,RSTD",196.0,27.01,0.0,8.9,0.0,35.0,3.257,0.0
"BEEF,RND,TIP RND,RST,LN & FAT,0"" FAT,SEL,CKD,RSTD",181.0,26.57,0.0,7.53,0.0,35.0,2.756,0.0
"BEEF,RND,TIP RND,RST,LN,0"" FAT,ALL GRDS,CKD,RSTD",174.0,27.53,0.0,6.2,0.0,36.0,2.209,0.0
"BEEF,RND,TIP RND,RST,LN,0"" FAT,CHOIC,CKD,RSTD",176.0,27.68,0.0,6.42,0.0,36.0,2.288,0.0
"BEEF,RND,TIP RND,RST,LN,0"" FAT,SEL,CKD,RSTD",149.0,27.37,0.0,4.38,0.0,36.0,1.563,0.0
"BEEF,RND,TOP RND,LN&FAT,0""FAT,ALL GRDS,CKD,BRSD",209.0,35.62,0.0,6.31,0.0,45.0,2.25,0.0
"BEEF,RND,TOP RND,LN&FAT,0""FAT,CHOIC,CKD,BRSD",216.0,35.62,0.0,7.09,0.0,45.0,2.52,0.0
"BEEF,RND,TOP RND,LN&FAT,0""FAT,SEL,CKD,BRSD",200.0,35.62,0.0,5.33,0.0,45.0,1.92,0.0
"BEEF,RND,TOP RND,LN,0""FAT,ALL GRDS,CKD,BRSD",199.0,35.62,0.0,5.0,0.0,45.0,1.72,0.0
"BEEF,RND,TOP RND,LN,0""FAT,CHOIC,CKD,BRSD",207.0,35.62,0.0,5.8,0.0,45.0,1.99,0.0
"BEEF,RND,TOP RND,LN,0""FAT,SEL,CKD,BRSD",190.0,35.62,0.0,4.0,0.0,45.0,1.37,0.0
"BEEF,TENDERLOIN,STEAK,LN & FAT,0"" FAT,ALL GRDS,CKD,BRLD",218.0,27.58,0.0,11.12,0.0,56.0,4.315,0.0
"BEEF,TENDERLOIN,STEAK,LN & FAT,0"" FAT,CHOIC,CKD,BRLD",231.0,27.97,0.0,12.4,0.0,55.0,4.813,0.0
"BEEF,TENDERLOIN,STEAK,LN & FAT,0"" FAT,SEL,CKD,BRLD",205.0,27.18,0.0,9.83,0.0,58.0,3.816,0.0
"BEEF,TENDERLOIN,STEAK,LN,0"" FAT,ALL GRDS,CKD,BRLD",193.0,28.51,0.0,7.86,0.0,59.0,2.993,0.0
"BEEF,TENDERLOIN,STEAK,LN,0"" FAT,CHOIC,CKD,BRLD",206.0,28.95,0.0,9.14,0.0,59.0,3.48,0.0
"BEEF,TENDERLOIN,STEAK,LN,0"" FAT,SEL,CKD,BRLD",179.0,28.08,0.0,6.58,0.0,59.0,2.506,0.0
"BEEF,SHRT LOIN,TOP LOIN,STK,LN & FAT,0"" FAT,ALL GRD,CKD,BRLD",193.0,28.87,0.0,7.68,0.0,59.0,2.981,0.0
"BEEF,SHRT LOIN,TOP LOIN,STEAK,LN & FAT,0"" FAT,CHOIC,CKD,BRLD",205.0,28.45,0.0,9.22,0.0,56.0,3.58,0.0
"BEEF,SHRT LOIN,TOP LOIN,STEAK,LN & FAT,0"" FAT,SEL,CKD,BRLD",180.0,29.29,0.0,6.14,0.0,61.0,2.382,0.0
"BEEF,SHRT LOIN,TOP LOIN,STEAK,LN,0"" FAT,ALL GRDS,CKD,BRLD",182.0,29.25,0.0,6.37,0.0,60.0,2.425,0.0
"BEEF,SHRT LOIN,TOP LOIN,STEAK,LN,0"" FAT,CHOIC,CKD,BRLD",192.0,28.91,0.0,7.63,0.0,59.0,2.906,0.0
"BEEF,SHRT LOIN,TOP LOIN,STEAK,LN,0"" FAT,SEL,CKD,BRLD",172.0,29.59,0.0,5.11,0.0,62.0,1.945,0.0
"BEEF,TOP SIRLOIN,STEAK,LN & FAT,0"" FAT,ALL GRDS,CKD,BRLD",212.0,29.33,0.0,9.67,0.0,61.0,3.754,0.0
"BEEF,TOP SIRLOIN,STEAK,LN & FAT,0"" FAT,CHOIC,CKD,BRLD",219.0,29.02,0.0,10.54,0.0,58.0,4.09,0.0
"BEEF,TOP SIRLOIN,STEAK,LN & FAT,0"" FAT,SEL,CKD,BRLD",206.0,29.65,0.0,8.8,0.0,63.0,3.417,0.0
"BEEF,TOP SIRLOIN,STEAK,LN,0"" FAT,ALL GRDS,CKD,BRLD",183.0,30.55,0.0,5.79,0.0,64.0,2.205,0.0
"BEEF,TOP SIRLOIN,STEAK,LN,0"" FAT,CHOIC,CKD,BRLD",188.0,30.29,0.0,6.55,0.0,63.0,2.495,0.0
"BEEF,TOP SIRLOIN,STEAK,LN,0"" FAT,SEL,CKD,BRLD",177.0,30.8,0.0,5.03,0.0,66.0,1.915,0.0
"BEEF,SHRT LOIN,PRTRHS STK,LN & FAT,0"" FAT,ALL GRDS,CKD,BRLD",276.0,23.96,0.0,19.27,0.0,65.0,7.271,0.0
"BEEF,LOIN,PRTRHS STK,LN & FAT,0"" FAT,USDA CHOIC,CKD,BRLD",283.0,23.61,0.0,20.15,0.0,65.0,7.43,0.0
"BEEF,SHRT LOIN,PRTRHS STK,LN & FAT,0"" FAT,USDA SEL,CKD,BRLD",267.0,24.47,0.0,17.98,0.0,65.0,7.04,0.0
"BEEF,SHRT LOIN,PRTRHS STEAK,LN,0"" FAT,ALL GRDS,CKD,BRLD",212.0,26.07,0.0,11.18,0.0,69.0,3.912,0.0
"BEEF,SHRT LOIN,PRTRHS STEAK,LN,0"" FAT,CHOIC,CKD,BRLD",224.0,25.51,0.0,12.8,0.0,69.0,4.345,0.0
"BEEF,SHRT LOIN,PRTRHS STEAK,LN,0"" FAT,SEL,CKD,BRLD",194.0,26.89,0.0,8.81,0.0,69.0,3.28,0.0
"BEEF,SHRT LOIN,T-BONE STK,LN & FAT,0"" FAT,ALL GRDS,CKD,BRLD",247.0,24.18,0.0,15.93,0.0,67.0,6.074,0.0
"BEEF,LOIN,T-BONE STEAK,LN & FAT,0"" FAT,USDA CHOIC,CKD,BRLD",258.0,24.05,0.0,17.26,0.0,67.0,6.449,0.0
"BEEF,SHRT LOIN,T-BONE STK,LN & FAT,0"" FAT,USDA SEL,CKD,BRLD",230.0,24.38,0.0,14.0,0.0,68.0,5.527,0.0
"BEEF,SHRT LOIN,T-BONE STEAK,LN,1/4"" FAT,ALL GRDS,CKD,BRLD",202.0,27.01,0.0,9.6,0.0,75.0,3.488,0.0
"BEEF,SHRT LOIN,T-BONE STEAK,LN,0"" FAT,ALL GRDS,CKD,BRLD",189.0,25.99,0.0,8.69,0.0,71.0,3.087,0.0
"BEEF,SHRT LOIN,T-BONE STEAK,LN,0"" FAT,CHOIC,CKD,BRLD",198.0,25.98,0.0,9.61,0.0,71.0,3.27,0.0
"BEEF,SHRT LOIN,T-BONE STEAK,LN,0"" FAT,SEL,CKD,BRLD",177.0,26.0,0.0,7.36,0.0,71.0,2.82,0.0
"BEEF,BRISKET,FLAT HALF,LN,0"" FAT,SEL,CKD,BRSD",198.0,33.9,0.0,5.92,0.0,56.0,2.241,0.0
"BEEF,RND,TIP RND,RST,LN & FAT,0"" FAT,ALL GRDS,RAW",151.0,20.48,0.0,7.01,0.0,55.0,2.778,0.0
"BEEF,RND,TIP RND,RST,LN & FAT,0"" FAT,CHOIC,RAW",156.0,20.16,0.0,7.73,0.0,51.0,3.066,0.0
"BEEF,RND,TIP RND,RST,LN & FAT,0"" FAT,SEL,RAW",145.0,20.8,0.0,6.28,0.0,58.0,2.489,0.0
"BEEF,RIB,EYE,SML END (RIBS 10- 12) LN,0"" FAT,SEL,CKD,BRLD",182.0,29.93,0.0,6.05,0.0,63.0,2.305,0.0
"BEEF,RND,TOP RND,STEAK,LN,0"" FAT,ALL GRDS,CKD,BRLD",186.0,31.7,0.0,5.63,0.0,42.0,1.965,0.0
"BEEF,RND,TOP RND,STEAK,LN,0"" FAT,CHOIC,CKD,BRLD",197.0,31.7,0.0,6.81,0.0,43.0,2.376,0.0
"BEEF,RND,TOP RND,STEAK,LN,0"" FAT,SEL,CKD,BRLD",176.0,31.7,0.0,4.45,0.0,42.0,1.554,0.0
"BEEF,GROUND,70% LN MEAT / 30% FAT,CRUMBLES,CKD,PAN-BROWNED",270.0,25.56,0.0,17.86,0.0,96.0,7.191,0.0
"BEEF,GROUND,70% LN MEAT / 30% FAT,LOAF,CKD,BKD",241.0,23.87,0.0,15.37,0.0,73.0,6.188,0.0
"BEEF,GROUND,70% LN MEAT / 30% FAT,PATTY CKD,PAN-BROILED",238.0,22.86,0.0,15.54,0.0,92.0,6.256,0.0
"BEEF,GROUND,70% LN MEAT / 30% FAT,PATTY,CKD,BRLD",273.0,25.38,0.0,18.21,0.0,81.0,7.329,0.0
"BEEF,GROUND,70% LN MEAT / 30% FAT,RAW",332.0,14.35,0.0,30.0,0.0,67.0,11.289,0.0
"BEEF,CHK,UND BL CNTR STK,BNLESS,DEN CUT,LN,0"" FA, SEL, RAW",157.0,19.71,0.21,8.54,0.0,77.0,3.449,0.0
"BEEF,SHLDR TOP BLADE STEAK,BNLESS,LN,0"" FAT,ALL GRDS,CKD,GRI",196.0,28.15,0.0,9.23,0.0,87.0,3.771,0.0
"BEEF,SHLDR TOP BLADE STEAK,BNLESS,LN,0"" FAT,CHOIC,CKD,GRILLE",202.0,28.28,0.0,9.83,0.0,85.0,3.984,0.0
"BEEF,SHLDR TOP BLADE STEAK,BNLESS,LN,0"" FAT,SEL,CKD,GRILLED",187.0,27.96,0.0,8.34,0.0,89.0,3.451,0.0
"BEEF,SHLDR TOP BLADE STEAK,BNLESS,LN,0"" FAT,ALL GRDS,RAW",139.0,20.36,0.0,6.42,0.0,83.0,2.817,0.0
"BEEF,SHLDR TOP BLADE STEAK,BNLESS,LN,0"" FAT,CHOIC,RAW",143.0,20.35,0.0,6.88,0.0,82.0,3.047,0.0
"BEEF,SHLDR TOP BLADE STEAK,BNLESS,LN,0"" FAT,SEL,RAW",133.0,20.39,0.0,5.73,0.0,87.0,2.472,0.0
"BEEF,BRISKET,FLAT HALF,BNLESS LN,0"" FAT,ALL GRDS,RAW",132.0,21.47,0.0,5.11,0.0,83.0,1.844,0.0
"BEEF,BRISKET,FLAT HALF,BNLESS LN,0"" FAT,ALL CHOICE,RAW",137.0,21.28,0.0,5.75,0.0,82.0,1.993,0.0
"BEEF,BRISKET,FLAT HALF,BNLESS,LN,0"" FAT,SEL,RAW",124.0,21.74,0.0,4.14,0.0,85.0,1.621,0.0
"BEEF,SHLDR TOP BLADE STK,BNLES,LN & FAT,0"" ,ALL GRDS,CKD,G",210.0,27.59,0.0,11.07,0.0,85.0,4.528,0.0
"BEEF,SHLDR POT RST OR STEAK,BNLESS,LN,0"" FAT,ALL GRDS,RAW",123.0,21.64,0.0,4.09,0.0,73.0,1.653,0.0
"BEEF,SHLDR POT RST OR STEAK,BNLESS,LN,0"" FAT,CHOIC,RAW",125.0,21.45,0.11,4.35,0.0,74.0,1.709,0.0
"BEEF,SHLDR POT RST OR STEAK,BNLESS,LN,0"" FAT,SEL,RAW",121.0,21.93,0.0,3.7,0.0,71.0,1.57,0.0
"BEEF,SHLDR TOP BLDE STK,BNS,LN & FAT,0"" FAT,CHOIC,CKD,G",220.0,27.51,0.0,12.26,0.0,84.0,4.968,0.0
"BEEF,CHUCK EYE RST,BNLESS,A BF RST,LN & FAT,0"",ALL G,RAW",180.0,19.18,0.0,11.48,0.0,81.0,5.042,0.0
"BEEF,CHUCK EYE RST,BNLS,A BF RST,LN & FAT,0"" FAT,CHOIC,RAW",185.0,19.14,0.0,12.02,0.0,80.0,5.072,0.0
"BEEF,CHUCK EYE RST,BNLS,A BF RST,LN & FAT,0"" FAT,SEL,RAW",173.0,19.25,0.0,10.67,0.0,82.0,4.998,0.0
"BEEF,COMP OF RTL CUTS,LN&FAT,1/8""FAT,ALL GRDS,RAW",234.0,18.68,0.0,17.15,0.0,58.0,6.91,0.0
"BEEF,COMP OF RTL CUTS,LN&FAT,1/8""FAT,ALL GRDS,CKD",291.0,26.42,0.0,19.71,0.0,63.0,7.77,0.0
"BEEF,COMP OF RTL CUTS,LN&FAT,1/8""FAT,CHOIC,RAW",243.0,18.57,0.0,18.19,0.0,57.0,7.32,0.0
"BEEF,COMP OF RTL CUTS,LN&FAT,1/8""FAT,CHOIC,CKD",301.0,26.21,0.0,20.91,0.0,62.0,8.24,0.0
"BEEF,COMP OF RTL CUTS,LN&FAT,1/8""FAT,SEL,RAW",223.0,18.87,0.0,15.75,0.0,58.0,6.37,0.0
"BEEF,COMP OF RTL CUTS,LN&FAT,1/8""FAT,SEL,CKD",278.0,26.63,0.0,18.21,0.0,63.0,7.2,0.0
"BEEF,COMP OF RTL CUTS,LN&FAT,1/8""FAT,PRIME,RAW",265.0,18.72,0.0,20.49,0.0,54.0,8.37,0.0
"BEEF,COMP OF RTL CUTS,LN&FAT,1/8""FAT,PRIME,CKD",299.0,26.22,0.0,20.75,0.0,63.0,8.32,0.0
"BEEF,BRISKET,WHL,LN&FAT,1/8""FAT,ALL GRDS,RAW",251.0,18.42,0.0,19.06,0.0,69.0,7.53,0.0
"BEEF,BRISKET,WHL,LN&FAT,1/8""FAT,ALL GRDS,CKD,BRSD",331.0,25.85,0.0,24.5,0.0,64.0,9.44,0.0
"BEEF,BRISKET,FLAT HALF,LN&FAT,1/8""FAT,ALL GRDS,RAW",277.0,17.94,0.0,22.18,0.0,59.0,8.951,0.0
"BEEF,BRISKET,FLAT HALF,LN&FAT,1/8""FAT,ALL GRDS,CKD,BRSD",289.0,28.82,0.0,18.42,0.0,48.0,7.305,0.0
"BEEF,BRISKET,POINT HALF,LN&FAT,1/8""FAT,ALL GRDS,RAW",265.0,17.65,0.0,20.98,0.0,72.0,8.42,0.0
"BEEF,BRISKET,POINT HALF,LN&FAT,1/8""FAT,ALL GRDS,CKD,BRSD",349.0,24.4,0.0,27.17,0.0,69.0,10.64,0.0
"BEEF,CHUCK,ARM POT RST,LN&FAT,1/8""FAT,ALL GRDS,RAW",244.0,19.23,0.0,17.98,0.0,62.0,7.254,0.0
"BEEF,CHUCK,ARM POT RST,LN&FAT,1/8""FAT,ALL GRDS,CKD,BRSD",302.0,30.12,0.0,19.22,0.0,50.0,7.62,0.0
"BEEF,CHUCK,ARM POT RST,LN&FAT,1/8""FAT,CHOIC,RAW",249.0,19.14,0.0,18.57,0.0,63.0,7.492,0.0
"BEEF,CHUCK,ARM POT RST,LN&FAT,1/8""FAT,CHOIC,CKD,BRSD",309.0,30.2,0.0,19.93,0.0,49.0,7.902,0.0
"BEEF,CHUCK,ARM POT RST,LN&FAT,1/8""FAT,SEL,RAW",239.0,19.33,0.0,17.39,0.0,62.0,7.016,0.0
"BEEF,CHUCK,ARM POT RST,LN&FAT,1/8""FAT,SEL,CKD,BRSD",295.0,30.05,0.0,18.5,0.0,50.0,7.337,0.0
"BEEF,CHUCK,BLADE RST,LN&FAT,1/8""FAT,ALL GRDS,RAW",248.0,17.16,0.0,19.41,0.0,68.0,7.82,0.0
"BEEF,CHUCK,BLADE RST,LN&FAT,1/8""FAT,ALL GRDS,CKD,BRSD",341.0,26.78,0.0,25.12,0.0,65.0,10.0,0.0
"BEEF,CHUCK,BLADE RST,LN&FAT,1/8""FAT,CHOIC,RAW",265.0,16.98,0.0,21.31,0.0,67.0,8.59,0.0
"BEEF,CHUCK,BLADE RST,LN&FAT,1/8""FAT,CHOIC,CKD,BRSD",359.0,26.37,0.0,27.26,0.0,64.0,10.86,0.0
"BEEF,CHUCK,BLADE RST,LN&FAT,1/8""FAT,SEL,RAW",230.0,17.37,0.0,17.33,0.0,69.0,6.99,0.0
"BEEF,CHUCK,BLADE RST,LN&FAT,1/8""FAT,SEL,CKD,BRSD",318.0,27.33,0.0,22.35,0.0,66.0,8.89,0.0
"BEEF,CHK EYE RST,BNL,AMERICA'S BF RST,LN,0"" FAT,ALL GRD, CKD",183.0,26.65,0.0,8.46,0.0,80.0,3.422,0.0
"BEEF,CHK EYE RST,BNLESS,AMERICA'S BF RST,LN,0"" FAT,CHOIC,CKD",190.0,26.41,0.0,9.36,0.0,79.0,3.751,0.0
"BEEF,CHUCK EYE RST,BNLESS,AMERICA'S BF RST,LN,0"" FAT,SEL,CKD",172.0,27.02,0.0,7.12,0.0,81.0,2.929,0.0
"BEEF,RIB,WHL (RIBS 6-12),LN&FAT,1/8""FAT,CHOIC,CKD,RSTD",365.0,22.6,0.0,29.79,0.0,64.0,12.01,0.0
"BEEF,RIB,LRG END (RIBS 6-9),LN&FAT,1/8""FAT,ALL GRDS,CKD,RSTD",355.0,23.01,0.0,28.51,0.0,64.0,11.5,0.0
"BEEF,RIB,SML END (RIBS 10-12),LN&FAT,1/8""FAT,ALL GRDS,RAW",254.0,19.33,0.0,19.06,0.0,49.0,7.692,0.0
"BEEF,RIB,SML END (RIBS 10-12),LN&FAT,1/8""FAT,ALL GRDS,CKD,BR",291.0,25.85,0.0,20.04,0.0,53.0,7.894,0.0
"BEEF,RIB,SML END (RIBS 10-12),LN&FAT,1/8""FAT,CHOIC,RAW",263.0,19.09,0.0,20.13,0.0,48.0,8.121,0.0
"BEEF,RIB,SML END (RIBS 10-12),LN&FAT,1/8""FAT,CHOIC,CKD,BRLD",304.0,24.53,0.0,22.09,0.0,49.0,8.7,0.0
"BEEF,RIB,SML END (RIBS 10-12),LN&FAT,1/8""FAT,SEL,RAW",246.0,19.56,0.0,18.0,0.0,49.0,7.264,0.0
"BEEF,RIB,SML END (RIBS 10-12),LN&FAT,1/8""FAT,SEL,CKD,BRLD",278.0,27.17,0.0,18.0,0.0,58.0,7.088,0.0
"BEEF,SHLDR TOP BLDE STK,BNLS,LN & FAT,0"" FAT,SEL,CKD,G",194.0,27.7,0.0,9.29,0.0,88.0,3.868,0.0
"BEEF,SHLDR TOP BLADE STEAK,BNLS,LN & FAT,0"" FAT,ALL GRDS,RAW",146.0,20.16,0.0,7.25,0.0,82.0,3.153,0.0
"BEEF,RND,FULL CUT,LN&FAT,1/8""FAT,CHOIC,RAW",195.0,20.56,0.0,11.92,0.0,54.0,4.63,0.0
"BEEF,RND,FULL CUT,LN&FAT,1/8""FAT,CHOIC,CKD,BRLD",235.0,27.54,0.0,12.98,0.0,62.0,4.9,0.0
"BEEF,RND,FULL CUT,LN&FAT,1/8""FAT,SEL,RAW",184.0,20.56,0.0,10.68,0.0,54.0,4.2,0.0
"BEEF,RND,FULL CUT,LN&FAT,1/8""FAT,SEL,CKD,BRLD",218.0,27.58,0.0,11.08,0.0,62.0,4.23,0.0
"BEEF,RND,BTTM RND,STEAK,LN & FAT,1/8"" FAT,ALL GRDS,RAW",192.0,20.7,0.0,11.54,0.0,56.0,4.544,0.0
"BEEF,RND,BTTM RND,STEAK,LN & FAT,1/8"" FAT,ALL GRDS,CKD,BRSD",247.0,32.76,0.0,11.87,0.0,43.0,4.506,0.0
"BEEF,RND,BTTM RND,RST,LN & FAT,1/8"" FAT,ALL GRDS,CKD,RSTD",218.0,26.41,0.0,11.64,0.0,35.0,4.418,0.0
"BEEF,RND,BTTM RND,STEAK,LN & FAT,1/8"" FAT,CHOIC,RAW",198.0,20.71,0.0,12.15,0.0,53.0,4.784,0.0
"BEEF,RND,BTTM RND,STEAK,LN & FAT,1/8"" FAT,CHOIC,CKD,BRSD",254.0,32.85,0.0,12.56,0.0,42.0,4.766,0.0
"BEEF,RND,BTTM RND,RST,LN & FAT,1/8"" FAT,CHOIC,CKD,RSTD",223.0,26.05,0.0,12.44,0.0,34.0,4.721,0.0
"BEEF,RND,BTTM RND,STEAK,LN & FAT,1/8"" FAT,SEL,RAW",187.0,20.68,0.0,10.93,0.0,60.0,4.303,0.0
"BEEF,RND,BTTM RND,STEAK,LN & FAT,1/8"" FAT,SEL,CKD,BRSD",240.0,32.67,0.0,11.19,0.0,43.0,4.247,0.0
"BEEF,RND,BTTM RND,RST,LN & FAT,1/8"" FAT,SEL,CKD,RSTD",212.0,26.77,0.0,10.85,0.0,35.0,4.116,0.0
"BEEF,RND,EYE OF RND,RST,LN & FAT,1/8"" FAT,ALL GRDS,RAW",166.0,21.49,0.0,8.24,0.0,58.0,3.245,0.0
"BEEF,RND,EYE OF RND,RST,LN & FAT,1/8"" FAT,ALL GRDS,CKD,RSTD",208.0,28.31,0.0,9.65,0.0,37.0,3.664,0.0
"BEEF,RND,EYE OF RND,RST,LN & FAT,1/8"" FAT,CHOIC,RAW",173.0,21.68,0.0,8.91,0.0,55.0,3.509,0.0
"BEEF,RND,EYE OF RND,RST,LN & FAT,1/8"" FAT,CHOIC,CKD,RSTD",212.0,28.48,0.0,10.05,0.0,37.0,3.813,0.0
"BEEF,RND,EYE OF RND,RST,LN & FAT,1/8"" FAT,SEL,RAW",159.0,21.3,0.0,7.57,0.0,62.0,2.98,0.0
"BEEF,RND,EYE OF RND,RST,LN & FAT,1/8"" FAT,SEL,CKD,RSTD",204.0,28.13,0.0,9.26,0.0,37.0,3.515,0.0
"BEEF,RND,TIP RND,RST,LN & FAT,1/8"" FAT,ALL GRDS,CKD,RSTD",219.0,27.45,0.0,11.34,0.0,63.0,4.24,0.0
"BEEF,RND,TIP RND,LN&FAT,1/8""FAT,CHOIC,RAW",199.0,19.48,0.0,12.83,0.0,58.0,5.04,0.0
"BEEF,RND,TIP RND,RST,LN & FAT,1/8"" FAT,CHOIC,CKD,RSTD",228.0,27.27,0.0,12.34,0.0,63.0,4.63,0.0
"BEEF,RND,TIP RND,LN&FAT,1/8""FAT,SEL,RAW",178.0,19.74,0.0,10.39,0.0,58.0,4.1,0.0
"BEEF,RND,TIP RND,RST,LN & FAT,1/8"" FAT,SEL,CKD,RSTD",210.0,27.63,0.0,10.24,0.0,64.0,3.81,0.0
"BEEF,SHLDR TOP BLADE STEAK,BNLESS,LN & FAT,0"" FAT,CHOIC,RAW",152.0,20.07,0.0,7.94,0.0,81.0,3.462,0.0
"BEEF,RND,TOP RND,LN,1/8"" FAT,CHOIC,CKD,PAN-FRIED",228.0,33.93,2.03,8.33,0.0,65.0,2.399,0.0
"BEEF,RND,TOP RND,STEAK,LN & FAT,1/8"" FAT,ALL GRDS,RAW",166.0,22.06,0.0,7.93,0.0,60.0,3.123,0.0
"BEEF,RND,TOP RND,LN&FAT,1/8""FAT,ALL GRDS,CKD,BRSD",238.0,34.34,0.0,10.13,0.0,45.0,3.78,0.0
"BEEF,RND,TOP RND STEAK,LN & FAT,1/8"" FAT,ALL GRDS,CKD,BRLD",204.0,30.67,0.0,9.0,0.0,41.0,3.415,0.0
"BEEF,RND,TOP RND,STEAK,LN & FAT,1/8"" FAT,CHOIC,RAW",168.0,21.94,0.0,8.19,0.0,57.0,3.224,0.0
"BEEF,RND,TOP RND,LN&FAT,1/8""FAT,CHOIC,CKD,BRSD",250.0,34.09,0.0,11.61,0.0,45.0,4.33,0.0
"BEEF,RND,TOP RND,STEAK,LN & FAT,1/8"" FAT,CHOIC,CKD,BRLD",224.0,30.7,0.0,10.27,0.0,40.0,3.898,0.0
"BEEF,RND,TOP RND,LN&FAT,1/8""FAT,CHOIC,CKD,PAN-FRIED",266.0,32.99,0.0,13.83,0.0,68.0,4.64,0.0
"BEEF,RND,TOP RND,STEAK,LN & FAT,1/8"" FAT,SEL,RAW",164.0,22.18,0.0,7.68,0.0,63.0,3.023,0.0
"BEEF,RND,TOP RND,LN&FAT,1/8""FAT,SEL,CKD,BRSD",225.0,34.6,0.0,8.54,0.0,45.0,3.2,0.0
"BEEF,RND,TOP RND,STEAK,LN & FAT,1/8"" FAT,SEL,CKD,BRLD",201.0,30.63,0.0,7.73,0.0,41.0,2.933,0.0
"BEEF,RND,TOP RND,LN&FAT,1/8""FAT,PRIME,RAW",173.0,22.24,0.0,8.67,0.0,51.0,3.3,0.0
"BEEF,RND,TOP RND,STEAK,LN & FAT,1/8"" FAT,PRIME,CKD,BRLD",225.0,31.27,0.0,10.1,0.0,61.0,3.61,0.0
"BEEF,SHLDR TOP BLADE STEAK,BNLESS,LN & FAT,0"" FAT,SEL,RAW",137.0,20.28,0.0,6.21,0.0,86.0,2.69,0.0
"BEEF,BRISKET,FLAT HALF,BNLESS,LN & FAT,0"" FAT,ALL GRDS,RAW",165.0,20.32,0.0,9.29,0.0,80.0,3.592,0.0
"BEEF,SHRT LOIN,PRTRHS STEAK,LN&FAT,1/8""FAT,CHOIC,RAW",258.0,17.98,0.0,20.08,0.0,52.0,8.02,0.0
"BEEF,SHRT LOIN,PRTRHS STEAK,LN&FAT,1/8""FAT,CHOIC,CKD,BRLD",299.0,23.27,0.0,22.11,0.0,64.0,8.45,0.0
"BEEF,SHRT LOIN,T-BONE STEAK,LN&FAT,1/8""FAT,CHOIC,RAW",232.0,18.9,0.0,16.81,0.0,53.0,6.7,0.0
"BEEF,SHRT LOIN,T-BONE STEAK,LN&FAT,1/8""FAT,CHOIC,CKD,BRLD",286.0,24.04,0.0,20.3,0.0,66.0,7.83,0.0
"BEEF,SHRT LOIN,TOP LOIN,STEAK,LN & FAT,1/8"" FAT,ALL GRDS,RAW",228.0,20.61,0.0,15.49,0.0,52.0,6.251,0.0
"BEEF,SHRT LOIN,TOP LOIN,STK,LN & FT,1/8"" FT,ALL GRD,CKD,BRLD",264.0,26.44,0.0,16.78,0.0,54.0,6.608,0.0
"BEEF,SHRT LOIN,TOP LOIN,STEAK,LN & FAT,1/8"" FAT,CHOIC,RAW",232.0,20.63,0.0,15.95,0.0,51.0,6.435,0.0
"BEEF,SHRT LOIN,TOP LOIN,STK,LN & FT,1/8"" FAT,CHOIC,CKD,BRLD",278.0,26.16,0.0,18.45,0.0,52.0,7.264,0.0
"BEEF,SHRT LOIN,TOP LOIN,STEAK,LN & FAT,1/8"" FAT,SEL,RAW",224.0,20.59,0.0,15.04,0.0,52.0,6.067,0.0
"BEEF,SHRT LOIN,TOP LOIN,STEAK,LN & FAT,1/8"" FAT,SEL,CKD,BRLD",250.0,26.72,0.0,15.11,0.0,57.0,5.951,0.0
"BEEF,SHRT LOIN,TOP LOIN,STEAK,LN & FAT,1/8"" FAT,PRIME,RAW",281.0,19.0,0.0,22.17,0.0,53.0,9.08,0.0
"BEEF,SHRT LOIN,TOP LOIN,LN&FAT,1/8""FAT,PRIME,CKD,BRLD",310.0,25.92,0.0,22.12,0.0,64.0,8.91,0.0
"BEEF,TENDERLOIN,STEAK,LN & FAT,1/8"" FAT,ALL GRDS,RAW",247.0,19.61,0.0,18.16,0.0,50.0,7.327,0.0
"BEEF,TENDERLOIN,STEAK,LN & FAT,1/8"" FAT,ALL GRDS,CKD,BRLD",267.0,26.46,0.0,17.12,0.0,54.0,6.743,0.0
"BEEF,TENDERLOIN,RST,LN & FAT,1/8"" FAT,ALL GRDS,CKD,RSTD",324.0,23.9,0.0,24.6,0.0,57.0,9.72,0.0
"BEEF,TENDERLOIN,STEAK,LN & FAT,1/8"" FAT,CHOIC,RAW",246.0,19.82,0.0,17.88,0.0,50.0,7.214,0.0
"BEEF,TENDERLOIN,STEAK,LN & FAT,1/8"" FAT,CHOIC,CKD,BRLD",273.0,26.43,0.0,17.78,0.0,52.0,7.001,0.0
"BEEF,TENDERLOIN,RST,LN & FAT,1/8"" FAT,CHOIC,CKD,RSTD",331.0,23.9,0.0,25.39,0.0,65.0,10.02,0.0
"BEEF,TENDERLOIN,STEAK,LN & FAT,1/8"" FAT,SEL,RAW",249.0,19.37,0.0,18.46,0.0,50.0,7.451,0.0
"BEEF,TENDERLOIN,STEAK,LN & FAT,1/8"" FAT,SEL,CKD,BRLD",262.0,26.48,0.0,16.53,0.0,57.0,6.511,0.0
"BEEF,TENDERLOIN,RST,LN & FAT,1/8"" FAT,SEL,CKD,RSTD",316.0,23.9,0.0,23.7,0.0,57.0,9.38,0.0
"BEEF,TENDERLOIN,LN&FAT,1/8""FAT,PRIME,RAW",274.0,18.15,0.0,21.83,0.0,49.0,8.96,0.0
"BEEF,TENDERLOIN,STEAK,LN & FAT,1/8"" FAT,PRIME,CKD,BRLD",308.0,25.26,0.0,22.21,0.0,59.0,8.85,0.0
"BEEF,TENDERLOIN,RST,LN & FAT,1/8"" FAT,PRIME,CKD,RSTD",343.0,24.04,0.0,26.67,0.0,55.0,10.63,0.0
"BEEF,TOP SIRLOIN,STEAK,LN & FAT,1/8"" FAT,ALL GRDS,RAW",201.0,20.3,0.0,12.71,0.0,52.0,5.127,0.0
"BEEF,TOP SIRLOIN,STEAK,LN & FAT,1/8"" FAT,ALL GRDS,CKD,BRLD",243.0,26.96,0.0,14.23,0.0,56.0,5.603,0.0
"BEEF,TOP SIRLOIN,STEAK,LN & FAT,1/8"" FAT,CHOIC,RAW",214.0,19.92,0.0,14.28,0.0,51.0,5.763,0.0
"BEEF,TOP SIRLOIN,STEAK,LN & FAT,1/8"" FAT,CHOIC,CKD,BRLD",257.0,26.8,0.0,15.75,0.0,54.0,6.202,0.0
"BEEF,TOP SIRLOIN,STEAK,LN & FAT,1/8"" FAT,CHOIC,CKD,PAN-FRIED",313.0,28.77,0.0,21.06,0.0,71.0,8.18,0.0
"BEEF,TOP SIRLOIN,STEAK,LN & FAT,1/8"" FAT,SEL,RAW",189.0,20.68,0.0,11.13,0.0,53.0,4.491,0.0
"BEEF,TOP SIRLOIN,STEAK,LN & FAT,1/8"" FAT,SEL,CKD,BRLD",230.0,27.12,0.0,12.71,0.0,57.0,5.004,0.0
"BEEF,CHUCK,CLOD RST,LN,0"" FAT,CHOIC,CKD,RSTD",171.0,25.95,0.0,6.69,0.0,74.0,1.96,0.0
"BEEF,CHUCK,CLOD RST,LN,0"" FAT,SEL,CKD,RSTD",172.0,28.09,0.0,5.82,0.0,74.0,2.15,0.0
"Beef, shoulder steak, boneless, lean only, 0"", choice, grill",178.0,28.54,0.0,6.25,0.0,68.0,2.687,0.0
"BEEF,SHLDR STEAK,BNLESS,LN,0"" FAT,SEL,CKD,GRILLED",169.0,28.71,0.0,5.17,0.0,68.0,2.192,0.0
"BEEF,FLANK,STEAK,LN & FAT,0"" FAT,ALL GRDS,CKD,BRLD",192.0,27.66,0.0,8.23,0.0,56.0,3.395,0.0
"BEEF,FLANK,STEAK,LN & FAT,0"" FAT,SEL,CKD,BRLD",183.0,27.78,0.0,7.15,0.0,58.0,2.951,0.0
"BEEF,BRISKET,FLAT HALF,LN & FAT,0"" FAT,SEL,CKD,BRSD",205.0,33.59,0.0,6.77,0.0,57.0,2.666,0.0
"BEEF,RIB EYE,SML END (RIBS 10-12),LN & FAT,0"",SEL,CKD,BRLD",234.0,27.95,0.0,12.71,0.0,59.0,4.934,0.0
"BEEF,RIBEYE,SML END(RIBS 10-12),LN&FAT,0"",ALL GRDS,CKD,BRLD",249.0,27.27,0.0,14.74,0.0,56.0,5.72,0.0
"BF,BTTM SRLOIN,TRI-TIP RST,LN & FAT,0"" FAT,ALL GRDS,CKD,RSTD",211.0,26.05,0.0,11.07,0.0,53.0,4.071,0.0
"BEEF,BTTM SIRLOIN,TRI-TIP RST,LN & FAT,0"" FAT,ALL GRDS,RAW",165.0,20.64,0.0,8.55,0.0,52.0,3.14,0.0
"BEEF,BTTM SIRLOIN,TRI-TIP RST,LN & FAT,0"" FAT,CHOIC,CKD,RSTD",221.0,25.66,0.0,12.36,0.0,50.0,4.546,0.0
"BEEF,BTTM SIRLOIN,TRI-TIP RST,LN & FAT,0"" FAT,CHOIC,RAW",174.0,20.64,0.0,9.51,0.0,51.0,3.493,0.0
"BEEF,BTTM SIRLOIN,TRI-TIP RST,LN & FAT,0"" FAT,SEL,CKD,RSTD",201.0,26.44,0.0,9.78,0.0,56.0,3.595,0.0
"BEEF,BTTM SIRLOIN,TRI-TIP RST,LN & FAT,0"" FAT,SEL,RAW",157.0,20.64,0.0,7.68,0.0,53.0,2.822,0.0
"BEEF,RND,TOP RND,STEAK,LN & FAT,0"" FAT,ALL GRDS,CKD,BRLD",188.0,31.61,0.0,5.89,0.0,41.0,2.116,0.0
"BEEF,CHUCK,MOCK TENDER STEAK,LN,0"" FAT,CHOIC,CKD,BRLD",161.0,25.74,0.0,5.69,0.0,73.0,1.71,0.0
"BEEF,CHUCK,MOCK TENDER STEAK,LN,0"" FAT,SEL,CKD,BRLD",157.0,26.13,0.0,5.02,0.0,68.0,2.0,0.0
"BEEF,CHUCK,TOP BLADE,LN,0"" FAT,CHOIC,CKD,BRLD",217.0,26.11,0.0,11.65,0.0,68.0,3.62,0.0
"BEEF,CHUCK,TOP BLADE,LN,0"" FAT,SEL,CKD,BRLD",184.0,26.16,0.0,8.0,0.0,68.0,2.71,0.0
"BEEF,RND,TOP RND,STEAK,LN & FAT,0"" FAT,CHOIC,CKD,BRLD",200.0,31.57,0.0,7.17,0.0,42.0,2.578,0.0
"BEEF,RND,TOP RND,STEAK,LN & FAT,0"" FAT,SEL,CKD,BRLD",177.0,31.65,0.0,4.6,0.0,42.0,1.654,0.0
"BEEF,FLANK,STEAK,LN & FAT,0"" FAT,ALL GRDS,RAW",155.0,21.22,0.0,7.17,0.0,54.0,2.978,0.0
"BEEF,FLANK,STEAK,LN & FAT,0"" FAT,SEL,RAW",145.0,21.22,0.0,6.06,0.0,54.0,2.514,0.0
"BEEF,CHK EYE RST,BNL,AMERICA'S BF RST,LN,0"" FAT,ALL GRD, RAW",137.0,20.61,0.0,6.01,0.0,85.0,2.733,0.0
"BEEF,CHK EYE RST,BNL,AMERICA'S BF RST,LN,0"" FAT,CHOIC,RAW",139.0,20.67,0.0,6.21,0.0,85.0,2.644,0.0
"BEEF,CHUCK EYE RST,BNLESS,AMERICA'S BF RST,LN,0"" FAT,SEL,RAW",133.0,20.52,0.0,5.71,0.0,86.0,2.867,0.0
"BEEF,BRISKET,FLAT HALF,BNLESS,LN & FAT,0"" FAT,CHOIC,RAW",169.0,20.15,0.0,9.86,0.0,79.0,3.704,0.0
"BEEF,PLATE,INSIDE SKIRT STEAK,LN ONLY,1/4"" FAT,ALL GRDS,RAW",164.0,21.08,0.0,8.24,0.0,67.0,3.14,0.0
"BEEF,PLATE,INSIDE SKIRT STEAK,LN,0"" FAT,ALL GRDS,CKD,BRLD",205.0,26.66,0.0,10.06,0.0,76.0,3.85,0.0
"BEEF,PLATE,OUTSIDE SKIRT STEAK,LN ONLY,1/4"" FAT,ALL GRDS,RAW",165.0,19.62,0.0,8.95,0.0,70.0,3.47,0.0
"BEEF,PLATE,OUTSIDE SKIRT STEAK,LN,0"" FAT,ALL GRDS,CKD,BRLD",233.0,24.18,0.0,14.37,0.0,94.0,5.97,0.0
"BEEF, CHUCK, SHORT RIBS, BNL, 0"" FAT, CHOICE, CKED, BR",250.0,28.84,0.0,14.95,0.0,75.0,6.968,0.0
"BEEF,CHUCK,SHRT RIBS,BNLESS,LN,0"" FAT,SEL,CKD,BRSD",224.0,28.79,0.0,12.08,0.0,75.0,5.78,0.0
"BEEF,CHUCK,SHRT RIBS,BNLESS,LN,0"" FAT,ALL GRDS,CKD,BRSD",240.0,28.82,0.0,13.8,0.0,75.0,6.493,0.0
"BEEF,BRISKET,FLAT HALF,BNLESS,LN & FAT,0"" FAT,SEL,RAW",158.0,20.57,0.0,8.45,0.0,82.0,3.424,0.0
"BF,LOIN,BTTM SIRLOIN BUTT,TRI-TIP,LN,0"" FAT,ALL GRD,CKD,RSTD",182.0,26.75,0.0,8.34,0.0,55.0,3.108,0.0
"BEEF,BTTM SIRLOIN,TRI-TIP STEAK,LN,0"" FAT,ALL GRDS,CKD,BRLD",250.0,30.68,0.0,13.16,0.0,73.0,4.87,0.0
"ALCOHOLIC BEV,BEER,REG,ALL",43.0,0.46,3.55,0.0,0.0,4.0,0.0,0.0
"ALCOHOLIC BEV,BEER,LT",29.0,0.24,1.64,0.0,0.09,4.0,0.0,0.0
"ALCOHOLIC BEV,DAIQUIRI,PREPARED-FROM-RECIPE",186.0,0.06,6.94,0.06,5.58,5.0,0.006,0.0
"ALCOHOLIC BEV,PINA COLADA,PREPARED-FROM-RECIPE",174.0,0.42,22.66,1.88,22.33,6.0,1.636,0.0
"WHISKEY SOUR MIX,PDR",383.0,0.6,89.91319999999989,0.1,70.0,274.0,0.019,0.0
"ALCOHOLIC BEV,WHISKEY SOUR,PREP W/ H2O,WHISKEY & PDR MIX",164.0,0.1,15.85,0.02,15.81,47.0,0.003,0.0
"WHISKEY SOUR MIX,BTLD",87.0,0.1,21.4,0.1,21.4,102.0,0.008,0.0
"ALCOHOLIC BEV,WHISKEY SOUR,PREP FROM ITEM 14028",153.0,0.06,12.82,0.06,12.78,61.0,0.005,0.0
"ALCOHOLIC BEV,CREME DE MENTHE,72 PROOF",371.0,0.0,41.6,0.3,41.6,5.0,0.014,0.0
"ALCOHOLIC BEV,DISTILLED,ALL (GIN,RUM,VODKA,WHISKEY) 80 PROOF",231.0,0.0,0.0,0.0,0.0,1.0,0.0,0.0
"ALCOHOLIC BEV,DISTILLED,GIN,90 PROOF",263.0,0.0,0.0,0.0,0.0,2.0,0.0,0.0
"ALCOHOLIC BEV,DISTILLED,RUM,80 PROOF",231.0,0.0,0.0,0.0,0.0,1.0,0.0,0.0
"ALCOHOLIC BEV,DISTILLED,VODKA,80 PROOF",231.0,0.0,0.0,0.0,0.0,1.0,0.0,0.0
"ALCOHOLIC BEV,DISTILLED,WHISKEY,86 PROOF",250.0,0.0,0.1,0.0,0.1,0.0,0.0,0.0
"ALCOHOLIC BEV,WINE,DSSRT,SWT",160.0,0.2,13.69,0.0,7.78,9.0,0.0,0.0
"ALCOHOLIC BEV,WINE,TABLE,ALL",83.0,0.07,2.72,0.0,0.79,5.0,0.0,0.0
"CAMPBELL SOUP COMPANY,V8 SPLASH SMOOTHIES,PEACH MANGO",37.0,1.22,7.76,0.0,7.35,29.0,0.0,0.0
"CAMPBELL SOUP COMPANY,V8 SPLASH SMOOTHIES,STRAWBERRY BANANA",37.0,1.22,8.16,0.0,7.35,29.0,0.0,0.0
"CAMPBELL SOUP COMPANY,V8 SPLASH SMOOTHIES,TROPICAL COLADA",41.0,1.22,8.54,0.0,7.32,20.0,0.0,0.0
"ALCOHOLIC BEV,WINE,TABLE,RED",85.0,0.07,2.61,0.0,0.62,4.0,0.0,0.0
"ALCOHOLIC BEV,WINE,TABLE,WHITE",82.0,0.07,2.6,0.0,0.96,5.0,0.0,0.0
"MIXED VEG & FRUIT JUC DRK,W/ ADDED NUTR",29.0,0.04,7.47,0.01,2.1,21.0,0.0,0.0
"CARBONATED BEV,CRM SODA",51.0,0.0,13.3,0.0,13.3,12.0,0.0,0.0
"CARBONATED BEV,GINGER ALE",34.0,0.0,8.77,0.0,8.7,7.0,0.0,0.0
"TEA,RTD,NESTLE,COOL NESTEA ICE TEA LEMON FLAVOR",36.0,0.0,9.09,0.0,9.09,21.0,,0.0
"CARBONATED BEV,LEMON-LIME SODA,CONTAINS CAFFEINE",41.0,0.09,10.42,0.0,10.19,10.0,0.0,0.0
"CARBONATED BEV,SPRITE,LEMON-LIME,WO/ CAFFEINE",40.0,0.05,10.14,0.02,8.98,9.0,0.0,0.0
"CARBONATED BEV,LO CAL,COLA OR PEPPR-TYPE,W/ ASPRT,WO/ CAFFEN",1.0,0.12,0.15,0.0,0.0,4.0,0.0,0.0
"CARBONATED BEV,COLA,WO/CAFFEINE",41.0,0.0,10.58,0.0,10.58,4.0,0.0,0.0
"CARBONATED BEV,COLA,W/HIGHER CAFFEINE",41.0,0.0,10.58,0.0,10.58,4.0,0.0,0.0
"CARBONATED BEV,RED SUGAR,COLA,CONTAINS CAFFEINE & SWEETENERS",20.0,0.0,5.16,0.0,5.16,4.0,0.0,0.0
"ENGY DRK,RED BULL,W/ ADD CAFFEINE,NIACIN,PANTO,VIT B6 & B12",45.0,0.25,10.94,0.08,10.06,38.0,0.0,0.0
"CARBONATED BEV,TONIC H2O",34.0,0.0,8.8,0.0,8.8,12.0,0.0,0.0
"ENG DRK,RED BULL,SGR FR,W/ADD CAFF,NIACIN,PANTO,VIT B6 & B12",5.0,0.25,0.7,0.08,0.0,39.0,0.0,0.0
"CARBONATED BEV,ROOT BEER",41.0,0.0,10.6,0.0,10.6,13.0,0.0,0.0
"ALCOHOLIC BEV,WINE,TABLE,WHITE,CHARDONNAY",84.0,0.07,2.16,0.0,0.96,5.0,,0.0
"CHOCOLATE-FLAVOR BEV MIX FOR MILK,PDR,WO/ ADDED NUTR",405.0,3.3,89.91319999999989,3.1,70.0,210.0,1.834,0.0
CHOCOLATE SYRUP,279.0,2.1,65.1,1.13,49.65,72.0,0.519,0.0
"CHOCOLATE SYRUP,PREP W/ WHL MILK",90.0,3.07,12.78,2.96,11.31,47.0,1.681,0.0
"CLAM&TOMATO JUC,CND",48.0,0.6,10.95,0.2,3.31,362.0,0.0,0.0
"COCOA MIX,PDR",398.0,6.67,83.73,4.0,65.55,504.0,2.377,0.0
"COCOA MIX,PDR,PREP W/ H2O",55.0,0.92,11.54,0.55,9.03,73.0,0.328,0.0
"COCOA MIX,NESTLE,HOT COCOA MIX RICH CHOC W/ MARSHMALLOWS",400.0,2.8,75.0,15.0,65.0,800.0,15.0,0.0
"COCOA MIX,NO SUGAR ADDED,PDR",377.0,15.49,71.93,3.0,37.65,876.0,1.777,0.0
"COCOA MIX,NESTLE,RICH CHOC HOT COCOA MIX",400.0,3.0,75.0,15.0,60.0,850.0,10.0,0.0
"COFFEE,INST,REG,PDR,HALF THE CAFFEINE",350.0,14.42,70.6,0.5,0.0,37.0,0.197,0.0
"COFFEE&COCOA (MOCHA) PDR,W/WHTNR&LO CAL SWTNR,DECAFFEINATED",257.0,9.0,71.4,13.21,34.98,500.0,11.376,0.0
"COFFEE,BREWED FROM GROUNDS,PREP W/ TAP H2O",1.0,0.12,0.0,0.02,0.0,2.0,0.002,0.0
"COFFEE,BREWED,ESPRESSO,REST-PREP",2.0,0.12,0.0,0.18,0.0,14.0,0.092,0.0
"COFFEE,INST,REG,PDR",241.0,12.2,41.1,0.5,0.0,37.0,0.197,0.0
"COFFEE,INST,REG,PREP W/H2O",2.0,0.1,0.34,0.0,0.0,4.0,0.002,0.0
"COFFEE,INST,DECAFFEINATED,PDR",224.0,11.6,42.6,0.2,0.0,23.0,0.101,0.0
"COFFEE,INST,DECAFFEINATED,PDR,PREP W/H2O",2.0,0.12,0.43,0.0,0.0,4.0,0.001,0.0
"COFFEE,INST,W/ CHICORY,PREP W/ H2O",3.0,0.09,0.75,0.0,0.0,7.0,0.001,0.0
"COFFEE,INST,W/SUGAR,MOCHA-FLAVOR,PDR",460.0,5.29,74.04,15.87,58.2,317.0,4.934,0.0
"COFFEE,INST,W/SUGAR,CAPPUCCINO-FLAVOR PDR",406.0,3.1,85.94,5.56,69.16,180.0,3.422,0.0
"COFFEE,INST,W/SUGAR,FRENCH-FLAVOR,PDR",484.0,4.5,65.67,22.63,41.74,557.0,4.997,0.0
"COFFEE SUB,CRL GRAIN BEV,PDR",360.0,6.01,78.42,2.52,4.63,83.0,0.603,0.0
"COFFEE SUB,CRL GRAIN BEV,PREP W/ H2O",6.0,0.1,1.3,0.04,0.08,5.0,0.01,0.0
"CRANBERRY-APPLE JUC DRK,BTLD",63.0,0.0,15.85,0.11,14.5,2.0,0.013,0.0
"CRANBERRY JUC COCKTAIL,BTLD",54.0,0.0,13.52,0.1,11.87,2.0,0.009,0.0
"CRANBERRY JUC COCKTAIL,BTLD,LO CAL,W/CA,SACCHARIN&CORN SWTNR",19.0,0.02,4.6,0.01,4.59,3.0,0.0,0.0
"EGGNOG-FLAVOR MIX,PDR,PREP W/ WHL MILK",95.0,2.93,14.2,3.02,12.66,55.0,1.701,0.0
"CITRUS FRUIT JUC DRK,FRZ CONC",162.0,1.2,40.2,0.1,28.63,3.0,0.007,0.0
"CITRUS FRUIT JUC DRK,FRZ CONC,PREP W/H2O",46.0,0.34,11.42,0.03,8.13,4.0,0.002,0.0
"FRUIT PUNCH DRK,WO/ ADDED NUTR,CND",48.0,0.0,11.97,0.0,11.29,10.0,0.0,0.0
"FRUIT PUNCH DRK,W/ ADDED NUTR,CND",47.0,0.0,11.97,0.0,11.29,38.0,0.0,0.0
"FRUIT PUNCH DRK,FRZ CONC,PREP W/H2O",46.0,0.06,11.66,0.0,0.0,5.0,0.001,0.0
"GRAPE DRINK,CANNED",61.0,0.0,15.75,0.0,13.06,16.0,0.0,0.0
"GRAPE JUICE DRINK,CANNED",57.0,0.0,14.55,0.0,14.11,9.0,0.0,0.0
"LEMONADE,POWDER",378.0,0.0,89.91319999999989,1.05,70.0,51.0,0.0,0.0
"LEMONADE,PDR,PREP W/H2O",14.0,0.0,3.59,0.04,3.5,6.0,0.0,0.0
"LEMONADE,LO CAL,W/ASPRT,PDR",332.0,3.6,83.7,0.3,0.0,10.0,0.039,0.0
"LEMONADE,LO CAL,W/ASPRT,PDR,PREP W/H2O",3.0,0.03,0.68,0.0,0.0,4.0,0.0,0.0
"LEMONADE,FRZ CONC,WHITE",196.0,0.22,49.89,0.7,44.46,7.0,0.025,0.0
"LEMONADE,FRZ CONC,WHITE,PREP W/H2O",40.0,0.07,10.42,0.04,9.98,4.0,0.006,0.0
"LEMONADE-FLAVOR DRK,PDR",379.0,0.0,89.91319999999989,1.01,70.0,130.0,0.003,0.0
"LEMONADE-FLAVOR DRK,PDR,PREP W/H2O",27.0,0.0,6.9,0.07,6.87,13.0,0.0,0.0
"LIMEADE,FRZ CONC,PREP W/H2O",52.0,0.0,13.79,0.0,13.27,3.0,0.0,0.0
MALT BEVERAGE,37.0,0.21,8.05,0.12,8.05,13.0,0.024,0.0
"MALTED DRK MIX,NAT,W/ ADDED NUTR,PDR",372.0,9.41,83.59,1.33,63.38,259.0,0.679,0.0
"MALTED DRK MIX,NAT,W/ ADDED NUTR,PDR,PREP W/ WHL MILK",86.0,3.67,10.67,3.21,8.37,72.0,1.83,0.0
"MALTED DRK MIX,NAT,PDR",428.0,14.29,71.21,9.52,47.62,405.0,4.762,0.0
"MALTED DRK MIX,NAT,PDR,PREP W/ WHL MILK",88.0,3.86,10.23,3.62,9.56,79.0,2.039,0.0
"MALTED DRK MIX,CHOC,W/ ADDED NUTR,PDR",389.0,4.9,84.6,3.4,70.0,594.0,1.964,0.0
"MALTED DRK MIX,CHOC,W/ ADDED NUTR,PDR,PREP W/ WHL MILK",87.0,3.29,11.19,3.26,10.49,87.0,1.873,0.0
"MALTED DRK MIX,CHOC,PDR",411.0,5.1,86.94,4.76,66.67,190.0,2.381,0.0
"MALTED DRK MIX,CHOC,PDR,PREP W/ WHL MILK",85.0,3.37,11.2,3.29,6.68,60.0,1.883,0.0
"ORANGE DRK,CND,W/ ADDED VIT C",49.0,0.0,12.34,0.07,11.03,3.0,0.002,0.0
"ORANGE&APRICOT JUC DRK,CND",51.0,0.3,12.7,0.1,12.06,2.0,0.01,0.0
"PINEAPPLE&GRAPEFRUIT JUC DRK,CND",47.0,0.2,11.6,0.1,11.52,14.0,0.006,0.0
"PINEAPPLE&ORANGE JUC DRK,CND",50.0,1.3,11.8,0.0,11.59,3.0,0.0,0.0
"SHAKE,FAST FOOD,CHOCOLATE",127.0,3.4,20.5,3.7,18.6,97.0,2.313,0.0
"SHAKE,FAST FOOD,VANILLA",148.0,3.37,19.59,6.52,13.63,81.0,3.962,0.0
"STRAWBERRY-FLAVOR BEV MIX,PDR",389.0,0.1,89.91319999999989,0.2,70.0,38.0,0.0,0.0
"TEA,BLACK,BREWED,PREP W/ TAP H2O,DECAFFEINATED",1.0,0.0,0.3,0.0,0.0,3.0,0.002,0.0
"TEA,INST,UNSWTND,PDR,DECAFFEINATED",315.0,20.21,58.66,0.0,5.53,72.0,0.0,0.0
"TEA,BLACK,BREWED,PREP W/ TAP H2O",1.0,0.0,0.3,0.0,0.0,3.0,0.002,0.0
"TEA,INST,SWTND W/NA SACCHARIN,LEMON-FLAV,PDR,DECAFFEINATED",338.0,3.3,85.4,0.6,1.88,412.0,0.0,0.0
"TEA,INST,SWTND W/SUGAR,LEMN-FLAV,WO/ VIT C,PDR,DECAFFEINATED",385.0,0.12,89.91319999999989,0.73,70.0,5.0,0.091,0.0
"TEA,INST,UNSWTND,PDR",315.0,20.21,58.66,0.0,5.53,72.0,0.0,0.0
"TEA,INST,UNSWTND,PDR,PREP",1.0,0.06,0.17,0.0,0.02,4.0,0.0,0.0
"TEA,INST,UNSWTND,LEMON-FLAVORED,PDR",345.0,7.4,78.52,0.18,4.52,55.0,0.047,0.0
"TEA,INST,SWTND W/SUGAR,LEMON-FLAVORED,WO/ VIT C,PDR",401.0,0.12,89.91319999999989,0.73,70.0,5.0,0.097,0.0
"TEA,INST,SWTND W/SUGAR,LEMON-FLAVORED,WO/ VIT C,PDR,PREP",35.0,0.01,8.61,0.06,8.33,2.0,0.008,0.0
"TEA,INST,SWTND W/NA SACCHARIN,LEMON-FLAVORED,PDR",338.0,3.3,85.4,0.6,1.88,412.0,0.0,0.0
"TEA,INST,SWTND W/NA SACCHARIN,LEMON-FLAVORED,PREP",2.0,0.02,0.44,0.0,0.01,6.0,0.0,0.0
"TEA,HERB,OTHER THAN CHAMOMILE,BREWED",1.0,0.0,0.2,0.0,0.0,1.0,0.002,0.0
"SPORTS DRK,FRUIT-FLAVORED,LO CAL,RTD",11.0,0.0,3.0,0.0,0.0,35.0,0.0,0.0
"COCOA MIX,W/ ASPRT,PDR,PREP W/ H2O",29.0,1.21,5.61,0.23,2.93,72.0,0.139,0.0
"CARBONATED BEV,COLA,CONTAINS CAFFEINE",37.0,0.07,9.56,0.02,8.97,4.0,0.0,0.0
"FRUIT PUNCH JUC DRK,FRZ CONC,PREP W/H2O",42.0,0.07,10.44,0.17,0.0,5.0,0.021,0.0
"ORANGE-FLAVOR DRK,BRKFST TYPE,PDR",386.0,0.0,89.91319999999989,0.0,70.0,17.0,0.0,0.0
"ORANGE-FLAVOR DRK,BRKFST TYPE,PDR,PREP W/ H2O",49.0,0.0,12.65,0.0,11.8,5.0,0.0,0.0
"ORANGE-FLAVOR DRK,BRKFST TYPE,LO CAL,PDR",217.0,3.6,85.9,0.0,2.6,81.0,0.0,0.0
"ALCOHOLIC BEV,LIQUEUR,COFFEE,53 PROOF",326.0,0.1,46.8,0.3,46.43,8.0,0.106,0.0
"ALCOHOLIC BEV,LIQUEUR,COFFEE W/CRM,34 PROOF",327.0,2.8,20.9,15.7,19.76,92.0,9.664,0.0
"CARB BEV,LO CAL,COLA OR PEP,W/ ASPRT, CAF",2.0,0.11,0.29,0.03,0.0,8.0,0.0,0.0
"DAIRY DRK MIX,CHOC,RED CAL,W/ LOW-CALORIE SWEETENERS,PDR",329.0,25.0,51.4,2.6,32.94,659.0,1.871,0.0
"DAIRY DRK MIX,CHOC,RED CAL,W/ ASPRT,PDR,PREP W/ H2O & ICE",29.0,2.19,4.51,0.23,2.89,61.0,0.164,0.0
"ORANGE-FLAVOR DRK,BRKFST TYPE,W/PULP,FRZ CONC",172.0,0.1,42.9,0.5,41.85,24.0,0.078,0.0
"ORANGE-FLAVOR DRK,BRKFST TYPE,W/PULP,FRZ CONC,PREP W/H2O",49.0,0.03,12.21,0.14,11.91,10.0,0.022,0.0
"ORANGE DRK,BRKFST TYPE,W/ JUC & PULP,FRZ CONC",153.0,0.4,39.0,0.0,38.05,26.0,0.002,0.0
"ORANGE DRK,BRKFST TYPE,W/JUC&PULP,FRZ CONC,PREP W/H2O",45.0,0.12,11.32,0.0,11.05,10.0,0.001,0.0
"CRANBERRY JUC COCKTAIL,FRZ CONC",201.0,0.05,51.45,0.0,42.5,4.0,0.0,0.0
"CRANBERRY JUC COCKTAIL,FRZ CONC,PREP W/ H2O",47.0,0.01,11.81,0.0,9.76,4.0,0.0,0.0
"ORANGE BRKFST DRK,RTD,W/ ADDED NUTR",53.0,0.0,13.2,0.0,8.02,54.0,0.0,0.0
"DRINK MIX,QUAKER OATS,GATORADE,ORANGE FLAVOR,PDR",388.0,0.0,89.91319999999989,1.23,70.0,63.0,0.0,0.0
"SPORTS DRK,PEPSICO,GATORADE,FRUIT-FLAVORED,RTD",26.0,0.0,6.43,0.0,5.24,39.0,0.0,0.0
"SPORTS DRK,COCA-COLA,POWERADE,LEMON-LIME FLAV,RTD",32.0,0.0,7.84,0.05,6.11,22.0,0.008,0.0
"QUAKER OATS,PROPEL FITNESS H2O,FRUIT-FLAVORED,NON-CARBONATED",5.0,0.0,1.22,0.0,1.22,13.0,0.0,0.0
"TEA,RTD,ARIZONA ICED TEA,W/ LEMON FLAVOR",39.0,0.0,9.77,0.0,9.63,4.0,0.0,0.0
"TEA,RTD,LIPTON BRISK ICED TEA,W/ LEMON FLAVOR",35.0,0.0,8.81,0.0,8.69,21.0,0.0,0.0
"ALCOHOLIC BEV,LIQUEUR,COFFEE,63 PROOF",308.0,0.1,32.2,0.3,32.2,8.0,0.106,0.0
"ALCOHOLIC BEV,WINE,DSSRT,DRY",152.0,0.2,11.67,0.0,1.09,9.0,0.0,0.0
"COCOA MIX,W/ ASPT,LO CAL,PDR,W/ ADD CA P,WO/ ADD NA OR VIT A",359.0,25.1,58.0,3.0,55.58,653.0,1.777,0.0
"FRUIT PUNCH-FLAVOR DRK,PDR,WO/ NA,PREP W/H2O",37.0,0.0,9.47,0.01,9.23,7.0,0.006,0.0
"LEMONADE,FRZ CONC,PINK",192.0,0.22,48.86,0.69,46.46,4.0,0.026,0.0
"LEMONADE,FRZ CONC,PINK,PREP W/H2O",43.0,0.05,10.81,0.15,10.28,4.0,0.006,0.0
"TEA,HERB,CHAMOMILE,BREWED",1.0,0.0,0.2,0.0,0.0,1.0,0.002,0.0
"ALCOHOLIC BEV,DISTILLED,ALL (GIN,RUM,VODKA,WHISKEY) 86 PROOF",250.0,0.0,0.1,0.0,0.0,1.0,0.0,0.0
"ALCOHOLIC BEV,DISTILLED,ALL (GIN,RUM,VODKA,WHISKEY) 90 PROOF",263.0,0.0,0.0,0.0,0.0,1.0,0.0,0.0
"CARBONATED BEV,CHOCOLATE-FLAVORED SODA",42.0,0.0,10.7,0.0,10.7,88.0,0.0,0.0
"WINE,NON-ALCOHOLIC",6.0,0.5,1.1,0.0,1.1,7.0,0.0,0.0
"CHOCOLATE-FLAVOR BEV MIX FOR MILK,PDR,W/ ADDED NUTR",400.0,4.55,89.91319999999989,2.27,70.0,136.0,2.273,0.0
"CHOCOLATE-FLAVOR BEV MIX W/ ADDED NUTR,PREP W/ WHL MILK",89.0,3.27,11.87,3.17,11.59,50.0,1.899,0.0
"ALCOHOLIC BEV,WINE,TABLE,RED,MERLOT",83.0,0.07,2.51,0.0,0.62,4.0,,0.0
"WATER,NON-CARBONATED,FRUIT FLAVORS,SWTND W/ LO CAL SWTNR",1.0,0.0,0.15,0.0,0.0,3.0,0.0,0.0
"WATER W/ ADDED VITAMINS & MINERALS,SWTND, FRUIT FLAVORS",22.0,0.0,5.49,0.0,5.49,0.0,0.0,0.0
"BREAKFAST TYPE DRK,ORANGE FLAVOR,RED SUGAR",4.0,0.04,0.9,0.0,0.03,5.0,0.0,0.0
"CAMPBELL SOUP COMPANY,V8 SPLASH JUC DRINKS,DIET BERRY BLEND",4.0,0.0,1.23,0.0,0.41,14.0,,0.0
"CAMPBELL SOUP COMPANY,V8 SPLASH JUC DRINKS,DIET FRUIT MEDLEY",4.0,0.0,1.26,0.0,0.84,13.0,,0.0
"CAMPBELL SOUP COMPANY,V8 SPLASH,DIET STRAWBERRY KIWI",4.0,0.0,1.26,0.0,0.84,13.0,,0.0
"CAMPBELL SOUP COMPANY,V8 SPLASH,DIET TROPICAL BLEND",4.0,0.0,1.26,0.0,0.42,15.0,,0.0
"CAMPBELL SOUP COMPANY,V8 SPLASH JUC DRINKS,BERRY BLEND",29.0,0.0,7.41,0.0,7.41,21.0,,0.0
"CAMPBELL SOUP COMPANY,V8 SPLASH JUC DRINKS,FRUIT MEDLEY",33.0,0.0,7.82,0.0,7.82,21.0,,0.0
"CAMPBELL SOUP COMPANY,V8 SPLASH JUC,GUAVA PASSION FRUIT",33.0,0.0,7.82,0.0,7.82,14.0,,0.0
"CAMPBELL SOUP COMPANY,V8 SPLASH JUC DRINKS,MANGO PEACH",33.0,0.0,8.23,0.0,8.23,16.0,,0.0
"CAMPBELL SOUP COMPANY,V8 SPLASH JUC DRINKS,ORANGE PNAPPL",29.0,0.0,7.41,0.0,7.41,21.0,,0.0
"CAMPBELL SOUP COMPANY,V8 SPLASH JUC DRINKS,ORCHARD BLEND",33.0,0.0,7.82,0.0,7.82,21.0,,0.0
"CAMPBELL SOUP COMPANY,V8 SPLASH JUC DRINKS,STRAWBERRY BANANA",29.0,0.0,7.41,0.0,7.41,21.0,,0.0
"CAMPBELL SOUP COMPANY,V8 SPLASH JUC DRINKS,STRAWBERRY KIWI",29.0,0.0,7.41,0.0,7.41,21.0,,0.0
"CAMPBELL SOUP COMPANY,V8 SPLASH JUC DRINKS,TROPICAL BLEND",29.0,0.0,7.41,0.0,7.41,21.0,,0.0
"CAMPBELL SOUP COMPANY,V8 V. FUSION JUICES,PEACH MANGO",49.0,0.41,11.38,0.0,10.57,28.0,,0.0
"CAMPBELL SOUP COMPANY,V8 V. FUSION JUICES,STRAWBERRY BANANA",49.0,0.41,11.79,0.0,10.16,28.0,,0.0
"CAMPBELL SOUP COMPANY,V8 V. FUSION JUICES,TROPICAL",49.0,0.41,11.38,0.0,10.16,33.0,,0.0
"CAMPBELL SOUP COMPANY,V8 V. FUSION JUICES,ACAI BERRY",45.0,0.0,10.98,0.0,10.57,28.0,0.0,0.0
"COFFEE SUB,RSTD GRAIN BEV,NAT TOUCH KAFFREE ROMA,PDR",358.0,4.5,84.3,0.3,3.5,126.0,,0.0
"ENERGY DRK,AMP",46.0,0.25,12.08,0.08,12.08,27.0,0.0,0.0
"ENERGY DRK,FULL THROTTLE",46.0,0.25,12.08,0.08,12.08,35.0,0.0,0.0
"ENERGY DRK,MONSTER",42.0,0.0,11.25,0.0,11.25,75.0,0.0,0.0
"ENERGY DRK,AMP,SUGAR FREE",2.0,0.0,1.03,0.0,0.0,31.0,0.0,0.0
"ENERGY DRK,ROCKSTAR",58.0,0.0,12.7,0.0,12.7,17.0,0.0,0.0
"ENERGY DRK,ROCKSTAR,SUGAR FREE",4.0,0.25,0.7,0.08,0.0,52.0,0.0,0.0
"HORCHATA,DRY MIX,UNPREP,VAR OF BRANDS,ALL W/ MORRO SEEDS",413.0,7.5,79.05,7.46,38.9,3.0,2.086,0.0
"VEGETABLE & FRUIT JUC DRK,RED CAL,ADDED VIT C",4.0,0.0,1.1,0.0,0.63,14.0,0.0,0.0
"READY-TO-DRINK RED FAT MILK,FLAV & SWTND,W/CA,VIT A & VIT D",77.0,3.05,12.08,1.83,11.4,49.0,1.124,0.0
"BEVERAGES,VEG & FRUIT JUC BLEND,W/ ADDED VITAMINS A,C,E",46.0,0.3,11.15,0.01,10.37,29.0,0.0,0.0
"BEVERAGES,FRUIT JUC DRK,RED SUGAR,W/ VITAMIN E ADDED",39.0,0.0,10.0,0.07,9.0,2.0,0.008,0.0
"WATER,W/ CORN SYRUP AND/OR SUGAR & LO CAL SWTNR,FRUIT FLAV",18.0,0.0,4.5,0.0,4.5,8.0,0.0,0.0
"BEVERAGE,HORCHATA,AS SERVED IN RESTAURANT",54.0,0.48,11.52,0.71,9.36,14.0,,0.0
"RICE DRK,UNSWTND,W/ ADDED CA,VITAMINS A & D",47.0,0.28,9.17,0.97,5.28,39.0,0.0,0.0
"ENERGY DRK,VAULT,CITRUS FLAVOR",49.0,0.0,12.99,0.0,12.99,12.0,0.0,0.0
"ENERGY DRK,VAULT ZERO,SUGAR-FREE,CITRUS FLAVOR",1.0,0.25,0.7,0.08,0.0,14.0,0.0,0.0
"SPORTS DRK,GATORADE G2,LO CAL",8.0,0.05,1.94,0.01,1.3,45.0,0.0,0.0
"FRUIT FLAV DRK,LESS THAN 3% JUC,NOT FORT W/ VIT C",64.0,0.0,16.03,0.0,15.85,36.0,0.0,0.0
"FRUIT FLAV DRK CONTAINING LESS THAN 3% FRUIT JUC,W/ HI VIT C",27.0,0.0,6.67,0.0,5.0,36.0,0.0,0.0
"FRUIT FLAV DRK,RED SUGAR,JUC,HI VIT C,ADDED CA",29.0,0.0,6.67,0.37,5.0,25.0,0.0,0.0
"FRUIT JUC DRK,OVER 3% FRUIT JUC,HI VIT C & ADDED THIAMIN",54.0,0.13,13.16,0.05,12.11,61.0,0.017,0.0
HIBISCUS TEA,37.0,0.43,7.41,0.65,6.0,3.0,0.267,0.0
"FRUIT JUC DRK,GREATER THAN 3% JUC,HI VIT C",46.0,0.13,11.35,0.11,10.69,8.0,0.017,0.0
"FRUIT-FLAVORED DRK,DRY PDR,LO CAL,W/ HI VIT C",200.0,0.0,88.79,0.0,0.0,0.0,0.0,0.0
"ANCHOVY,EUROPEAN,RAW",131.0,20.35,0.0,4.84,0.0,104.0,1.282,0.0
"ANCHOVY,EUROPEAN,CND IN OIL,DRND SOL",210.0,28.89,0.0,9.71,0.0,2060.149999999986,2.203,0.0
"CARP,RAW",127.0,17.83,0.0,5.6,0.0,49.0,1.083,0.0
CAVIAR,264.0,24.6,4.0,17.9,0.0,1500.0,4.06,0.0
"CISCO,SMOKED",177.0,16.36,0.0,11.9,0.0,481.0,1.741,0.0
"COD,ATLANTIC,RAW",82.0,17.81,0.0,0.67,0.0,54.0,0.131,0.0
"COD,ATLANTIC,CKD,DRY HEAT",105.0,22.83,0.0,0.86,0.0,78.0,0.168,0.0
"COD,ATLANTIC,CND,SOL&LIQ",105.0,22.76,0.0,0.86,0.0,218.0,0.167,0.0
"COD,ATLANTIC,DRIED&SALTED",290.0,35.62,0.0,2.37,0.0,2060.149999999986,0.462,0.0
"COD,PACIFIC,RAW",69.0,15.27,0.0,0.41,0.0,303.0,0.085,0.0
"CROAKER,ATLANTIC,RAW",104.0,17.78,0.0,3.17,0.0,56.0,1.088,0.0
"EEL,MIXED SPECIES,RAW",184.0,18.44,0.0,11.66,0.0,51.0,2.358,0.0
"FISH PORTIONS&STKS,FRZ,PREHTD",249.0,11.04,21.18,13.25,2.5,421.0,2.758,0.0
"FLATFISH (FLOUNDER&SOLE SP),RAW",70.0,12.41,0.0,1.93,0.0,296.0,0.441,0.0
"FLATFISH (FLOUNDER&SOLE SP),CKD,DRY HEAT",86.0,15.24,0.0,2.37,0.0,363.0,0.542,0.0
"HADDOCK,RAW",74.0,16.32,0.0,0.45,0.0,213.0,0.091,0.0
"HADDOCK,COOKED,DRY HEAT",90.0,19.99,0.0,0.55,0.0,261.0,0.111,0.0
"HADDOCK,SMOKED",116.0,25.23,0.0,0.96,0.0,763.0,0.173,0.0
"HALIBUT,ATLANTIC&PACIFIC,RAW",91.0,18.56,0.0,1.33,0.0,68.0,0.292,0.0
"HALIBUT,ATLANTIC&PACIFIC,CKD,DRY HEAT",111.0,22.54,0.0,1.61,0.0,82.0,0.354,0.0
"HALIBUT,GREENLAND,RAW",186.0,14.37,0.0,13.84,0.0,80.0,2.419,0.0
"HERRING,ATLANTIC,RAW",158.0,17.96,0.0,9.04,0.0,90.0,2.04,0.0
"HERRING,ATLANTIC,CKD,DRY HEAT",203.0,23.03,0.0,11.59,0.0,115.0,2.615,0.0
"HERRING,ATLANTIC,PICKLED",262.0,14.19,9.64,18.0,7.71,870.0,2.381,0.0
"HERRING,ATLANTIC,KIPPERED",217.0,24.58,0.0,12.37,0.0,918.0,2.791,0.0
"MACKEREL,ATLANTIC,RAW",205.0,18.6,0.0,13.89,0.0,90.0,3.257,0.0
"MACKEREL,JACK,CND,DRND SOL",156.0,23.19,0.0,6.3,0.0,379.0,1.857,0.0
"MACKEREL,PACIFIC&JACK,MXD SP,RAW",158.0,20.07,0.0,7.89,0.0,86.0,2.247,0.0
"MACKEREL,SPANISH,RAW",139.0,19.29,0.0,6.3,0.0,59.0,1.828,0.0
"MULLET,STRIPED,RAW",117.0,19.35,0.0,3.79,0.0,65.0,1.116,0.0
"OCEAN PERCH,ATLANTIC,RAW",79.0,15.31,0.0,1.54,0.0,287.0,0.273,0.0
"OCEAN PERCH,ATLANTIC,CKD,DRY HEAT",96.0,18.51,0.0,1.87,0.0,347.0,0.33,0.0
"PERCH,MIXED SPECIES,RAW",91.0,19.39,0.0,0.92,0.0,62.0,0.185,0.0
"PIKE,NORTHERN,RAW",88.0,19.26,0.0,0.69,0.0,39.0,0.118,0.0
"POLLOCK,ATLANTIC,RAW",92.0,19.44,0.0,0.98,0.0,86.0,0.135,0.0
"POLLOCK,WALLEYE,RAW",56.0,12.19,0.0,0.41,0.0,333.0,0.124,0.0
"POLLOCK,WALLEYE,CKD,DRY HEAT",111.0,23.48,0.0,1.18,0.0,419.0,0.159,0.0
"POMPANO,FLORIDA,RAW",164.0,18.48,0.0,9.47,0.0,65.0,3.509,0.0
"ROCKFISH,PACIFIC,MXD SP,RAW",90.0,18.36,0.0,1.34,0.0,74.0,0.347,0.0
"ROCKFISH,PACIFIC,MXD SP,CKD,DRY HEAT",109.0,22.23,0.0,1.62,0.0,89.0,0.42,0.0
"ROE,MIXED SPECIES,RAW",143.0,22.32,1.5,6.42,0.0,91.0,1.456,0.0
"ROUGHY,ORANGE,RAW",76.0,16.41,0.0,0.7,0.0,72.0,0.015,0.0
"SALMON,CHINOOK,SMOKED",117.0,18.28,0.0,4.32,0.0,784.0,0.929,0.0
"SALMON,CHINOOK,RAW",179.0,19.93,0.0,10.43,0.0,47.0,3.1,0.0
"FISH,SALMON,CHUM,CND,DRND SOL W/ BONE",141.0,21.43,0.0,5.5,0.0,487.0,1.486,0.0
"SALMON,COHO,WILD,RAW",146.0,21.62,0.0,5.93,0.0,46.0,1.26,0.0
"SALMON,PINK,RAW",127.0,20.5,0.0,4.4,0.0,75.0,0.81,0.0
"FISH,SALMON,PINK,CND,TOTAL CAN CONTENTS",129.0,19.68,0.0,4.97,0.0,403.0,0.862,0.0
"SALMON,SOCKEYE,RAW",142.0,21.31,0.0,5.61,0.0,112.0,1.182,0.0
"SALMON,SOCKEYE,CKD,DRY HEAT",169.0,25.4,0.0,6.69,0.0,134.0,0.909,0.0
"FISH,SALMON,SOCKEYE,CND,DRND SOL",167.0,23.59,0.0,7.39,0.0,408.0,1.44,0.0
"SARDINE,ATLANTIC,CND IN OIL,DRND SOL W/BONE",208.0,24.62,0.0,11.45,0.0,505.0,1.528,0.0
"SARDINE,PACIFIC,CND IN TOMATO SAU,DRND SOL W/BONE",185.0,20.86,0.54,10.45,0.43,414.0,2.684,0.0
"SCUP,RAW",105.0,18.88,0.0,2.73,0.0,42.0,0.64,0.0
"SEA BASS,MXD SP,RAW",97.0,18.43,0.0,2.0,0.0,68.0,0.511,0.0
"SHAD,AMERICAN,RAW",197.0,16.93,0.0,13.77,0.0,51.0,3.126,0.0
"SHARK,MIXED SPECIES,RAW",130.0,20.98,0.0,4.51,0.0,79.0,0.925,0.0
"SMELT,RAINBOW,RAW",97.0,17.63,0.0,2.42,0.0,60.0,0.452,0.0
"SNAPPER,MIXED SPECIES,RAW",100.0,20.51,0.0,1.34,0.0,64.0,0.285,0.0
"STURGEON,MXD SP,RAW",105.0,16.14,0.0,4.04,0.0,54.0,0.915,0.0
"STURGEON,MXD SP,CKD,DRY HEAT",135.0,20.7,0.0,5.18,0.0,69.0,1.173,0.0
"STURGEON,MXD SP,SMOKED",173.0,31.2,0.0,4.4,0.0,739.0,1.037,0.0
SURIMI,99.0,15.18,6.85,0.9,0.0,143.0,0.191,0.0
"SWORDFISH,RAW",144.0,19.66,0.0,6.65,0.0,81.0,1.602,0.0
"SWORDFISH,COOKED,DRY HEAT",172.0,23.45,0.0,7.93,0.0,97.0,1.911,0.0
"TROUT,MIXED SPECIES,RAW",148.0,20.77,0.0,6.61,0.0,52.0,1.149,0.0
"TUNA,FRESH,BLUEFIN,RAW",144.0,23.33,0.0,4.9,0.0,39.0,1.257,0.0
"TUNA,LT,CND IN OIL,DRND SOL",198.0,29.13,0.0,8.21,0.0,354.0,1.534,0.0
"TUNA,LT,CND IN H2O,DRND SOL",116.0,25.51,0.0,0.82,0.0,338.0,0.234,0.0
"TUNA,WHITE,CND IN OIL,DRND SOL",186.0,26.53,0.0,8.08,0.0,396.0,1.28,0.0
"TUNA,WHITE,CND IN H2O,DRND SOL",128.0,23.62,0.0,2.97,0.0,377.0,0.792,0.0
"TUNA,FRESH,YELLOWFIN,RAW",109.0,24.4,0.0,0.49,0.0,45.0,0.172,0.0
"WHITEFISH,MXD SP,RAW",134.0,19.09,0.0,5.86,0.0,51.0,0.906,0.0
"WHITEFISH,MXD SP,SMOKED",108.0,23.4,0.0,0.93,0.0,1019.0,0.228,0.0
"WHITING,MIXED SPECIES,RAW",90.0,18.31,0.0,1.31,0.0,72.0,0.247,0.0
"WHITING,MXD SP,CKD,DRY HEAT",116.0,23.48,0.0,1.69,0.0,132.0,0.4,0.0
"CRAB,ALASKA KING,IMITN,MADE FROM SURIMI",95.0,7.62,15.0,0.46,6.25,841.0,0.176,0.0
"CRAB,BLUE,CKD,MOIST HEAT",83.0,17.88,0.0,0.74,0.0,395.0,0.201,0.0
"CRAB,BLUE,CANNED",83.0,17.88,0.0,0.74,0.0,395.0,0.201,0.0
"CRAYFISH,MXD SP,WILD,RAW",77.0,15.97,0.0,0.95,0.0,58.0,0.159,0.0
"CRAYFISH,MXD SP,WILD,CKD,MOIST HEAT",82.0,16.77,0.0,1.2,0.0,94.0,0.181,0.0
"LOBSTER,NORTHERN,RAW",77.0,16.52,0.0,0.75,0.0,423.0,0.181,0.0
"LOBSTER,NORTHERN,CKD,MOIST HEAT",89.0,19.0,0.0,0.86,0.0,486.0,0.208,0.0
"SHRIMP,MIXED SPECIES,RAW",71.0,13.61,0.91,1.01,0.0,566.0,0.115,0.0
"SHRIMP,MXD SP,CKD,BREADED&FRIED",242.0,21.39,11.47,12.28,0.8,344.0,2.087,0.0
"SHRIMP,MXD SP,CKD,MOIST HEAT",119.0,22.78,1.52,1.7,0.0,947.0,0.521,0.0
"SHRIMP,MXD SP,CND",100.0,20.42,0.0,1.36,0.0,777.0,0.188,0.0
"ABALONE,MIXED SPECIES,RAW",105.0,17.1,6.01,0.76,0.0,301.0,0.149,0.0
"CLAM,MIXED SPECIES,RAW",86.0,14.67,3.57,0.96,0.0,601.0,0.187,0.0
"CLAM,MXD SP,CND,DRND SOL",142.0,24.25,5.9,1.59,0.0,112.0,0.309,0.0
"CLAM,MXD SP,CND,LIQ",2.0,0.4,0.1,0.02,0.0,215.0,0.002,0.0
"MUSSEL,BLUE,RAW",86.0,11.9,3.69,2.24,0.0,286.0,0.425,0.0
"OCTOPUS,COMMON,RAW",82.0,14.91,2.2,1.04,0.0,230.0,0.227,0.0
"OYSTER,EASTERN,WILD,RAW",51.0,5.71,2.72,1.71,0.62,85.0,0.474,0.0
"OYSTER,EASTERN,WILD,CKD,MOIST HEAT",102.0,11.42,5.45,3.42,1.23,166.0,0.948,0.0
"OYSTER,EASTERN,CANNED",68.0,7.06,3.91,2.47,0.0,112.0,0.631,0.0
"SCALLOP,MIXED SPECIES,RAW",69.0,12.06,3.18,0.49,0.0,392.0,0.128,0.0
"SQUID,MIXED SPECIES,RAW",92.0,15.58,3.08,1.38,0.0,44.0,0.358,0.0
"WHELK,UNSPECIFIED,RAW",137.0,23.84,7.76,0.4,0.0,206.0,0.031,0.0
"TUNA,LT,CND IN H2O,WO/SALT,DRND SOL",116.0,25.51,0.0,0.82,0.0,50.0,0.234,0.0
"COD,PACIFIC,CKD,DRY HEAT",85.0,18.73,0.0,0.5,0.0,372.0,0.105,0.0
"MACKEREL,PACIFIC&JACK,MXD SP,CKD,DRY HEAT",201.0,25.73,0.0,10.12,0.0,110.0,2.881,0.0
"SALMON,PINK,CKD,DRY HEAT",153.0,24.58,0.0,5.28,0.0,90.0,0.971,0.0
"TUNA,YELLOWFIN,FRSH,CKD,DRY HEAT",130.0,29.15,0.0,0.59,0.0,54.0,0.205,0.0
"OCTOPUS,COMMON,CKD,MOIST HEAT",164.0,29.82,4.4,2.08,0.0,460.0,0.453,0.0
"OYSTER,PACIFIC,CKD,MOIST HEAT",163.0,18.9,9.9,4.6,0.0,212.0,1.02,0.0
"ROUGHY,ORANGE,CKD,DRY HEAT",105.0,22.64,0.0,0.9,0.0,69.0,0.034,0.0
"CATFISH,CHANNEL,FARMED,RAW",119.0,15.23,0.0,5.94,0.0,98.0,1.31,0.0
"CATFISH,CHANNEL,FARMED,CKD,DRY HEAT",144.0,18.44,0.0,7.19,0.0,119.0,1.586,0.0
"TROUT,RAINBOW,FARMED,RAW",141.0,19.94,0.0,6.18,0.0,51.0,1.383,0.0
"TROUT,RAINBOW,FARMED,CKD,DRY HEAT",168.0,23.8,0.0,7.38,0.0,61.0,1.651,0.0
"OYSTER,EASTERN,WILD,CKD,DRY HEAT",79.0,8.87,4.23,2.65,0.96,132.0,0.736,0.0
"SALMON,COHO,WILD,CKD,DRY HEAT",139.0,23.45,0.0,4.3,0.0,58.0,1.054,0.0
"CONCH,BAKED OR BROILED",130.0,26.3,1.7,1.2,0.0,153.0,0.37,0.0
"SALMON,SOCKEYE,CND,TOTAL CAN CONTENTS",153.0,20.63,0.0,7.17,0.0,433.0,1.46,0.0
"FISH,SALMON,PINK,CND,DRND SOL",138.0,23.1,0.0,5.02,0.0,381.0,0.895,0.0
"FISH,TILAPIA,RAW",96.0,20.08,0.0,1.7,0.0,52.0,0.585,0.0
"FISH,TILAPIA,CKD,DRY HEAT",128.0,26.15,0.0,2.65,0.0,56.0,0.94,0.0
"SALMON,SOCKEYE,CND,DRND SOL,WO/ SKN & BONES",158.0,26.33,0.0,5.87,0.0,386.0,1.211,0.0
"FISH,SALMON,PINK,CND,DRND SOL,WO/ SKN & BONES",136.0,24.62,0.0,4.21,0.0,378.0,0.749,0.0
"BEANS,BKD,CND,PLN OR VEGETARIAN",94.0,4.75,21.14,0.37,7.96,343.0,0.071,0.0
"BEANS,BKD,CND,W/FRANKS",142.0,6.75,15.39,6.57,6.53,430.0,2.352,0.0
"BEANS,BKD,CND,W/PORK&SWT SAU",112.0,5.29,21.12,1.44,8.56,334.0,0.491,0.0
"BEANS,BKD,CND,W/PORK&TOMATO SAU",94.0,5.15,18.69,0.93,5.67,437.0,0.293,0.0
"BEANS,BLACK,MATURE SEEDS,RAW",341.0,21.6,62.36,1.42,2.12,5.0,0.366,0.0
"BEANS,BLACK TURTLE SOUP,MATURE SEEDS,RAW",339.0,21.25,63.25,0.9,2.12,9.0,0.232,0.0
"BEANS,BLACK TURTLE SOUP,MATURE SEEDS,CKD,BLD,WO/SALT",130.0,8.18,24.35,0.35,0.32,3.0,0.089,0.0
"BEANS,GREAT NORTHERN,MATURE SEEDS,RAW",339.0,21.86,62.37,1.14,2.26,14.0,0.356,0.0
"BEANS,KIDNEY,ALL TYPES,MATURE SEEDS,RAW",333.0,23.58,60.01,0.83,2.23,24.0,0.12,0.0
"BEANS,KIDNEY,ALL TYPES,MATURE SEEDS,CKD,BLD,WO/SALT",127.0,8.67,22.8,0.5,0.32,1.0,0.073,0.0
"BEANS,KIDNEY,ALL TYPES,MATURE SEEDS,CND",82.0,5.22,14.5,0.6,1.85,296.0,0.07,0.0
"BEANS,KIDNEY,RED,MATURE SEEDS,RAW",337.0,22.53,61.29,1.06,2.1,12.0,0.154,0.0
"BEANS,KIDNEY,RED,MATURE SEEDS,CKD,BLD,WO/SALT",127.0,8.67,22.8,0.5,0.32,2.0,0.072,0.0
"BEANS,KIDNEY,RED,MATURE SEEDS,CND,SOL & LIQUIDS",81.0,5.22,14.83,0.36,1.85,256.0,0.073,0.0
"BEANS,NAVY,MATURE SEEDS,RAW",337.0,22.33,60.75,1.5,3.88,5.0,0.17,0.0
"BEANS,NAVY,MATURE SEEDS,CKD,BLD,WO/SALT",140.0,8.23,26.05,0.62,0.37,0.0,0.098,0.0
"BEANS,NAVY,MATURE SEEDS,CND",113.0,7.53,20.45,0.43,0.28,448.0,0.112,0.0
"BEANS,PINK,MATURE SEEDS,RAW",343.0,20.96,64.19,1.13,2.14,8.0,0.292,0.0
"BEANS,PINK,MATURE SEEDS,CKD,BLD,WO/SALT",149.0,9.06,27.91,0.49,0.36,2.0,0.126,0.0
"BEANS,PINTO,MATURE SEEDS,RAW",347.0,21.42,62.55,1.23,2.11,12.0,0.235,0.0
"BEANS,PINTO,MATURE SEEDS,CKD,BLD,WO/SALT",143.0,9.01,26.22,0.65,0.34,1.0,0.136,0.0
"BEANS,PINTO,MATURE SEEDS,CND,SOL & LIQUIDS",82.0,4.6,15.18,0.56,1.02,268.0,0.117,0.0
"BEANS,WHITE,MATURE SEEDS,RAW",333.0,23.36,60.27,0.85,2.11,16.0,0.219,0.0
"BEANS,WHITE,MATURE SEEDS,CKD,BLD,WO/SALT",139.0,9.73,25.09,0.35,0.34,6.0,0.091,0.0
"BEANS,WHITE,MATURE SEEDS,CND",114.0,7.26,21.2,0.29,0.29,5.0,0.076,0.0
"BROADBEANS (FAVA BEANS),MATURE SEEDS,RAW",341.0,26.12,58.29,1.53,5.7,13.0,0.254,0.0
"BROADBEANS (FAVA BNS),MATURE SEEDS,CKD,BLD,WO/SALT",110.0,7.6,19.65,0.4,1.82,5.0,0.066,0.0
CAROB FLOUR,222.0,4.62,88.88,0.65,49.08,35.0,0.09,0.0
"CHICKPEAS (GARBANZO BNS,BENGAL GM),MATURE SEEDS,RAW",364.0,19.3,60.65,6.04,10.7,24.0,0.626,0.0
"CHICKPEAS ,MATURE SEEDS,CKD,BLD,WO/SALT",164.0,8.86,27.42,2.59,4.8,7.0,0.269,0.0
"CHILI WITH BEANS,CANNED",112.0,5.71,11.91,5.49,1.19,522.0,2.352,0.0
"COWPEAS,COMMON (BLACKEYES,CROWDER,SOUTHERN),MTRE SEEDS,RAW",336.0,23.52,60.03,1.26,6.9,16.0,0.331,0.0
"COWPEAS,COMMON (BLKEYES,CRWDR,STHRN),MTURE,CKD,BLD,WO/SALT",116.0,7.73,20.76,0.53,3.3,4.0,0.138,0.0
"LENTILS,RAW",353.0,25.8,60.08,1.06,2.03,6.0,0.156,0.0
"LENTILS,MATURE SEEDS,CKD,BLD,WO/SALT",116.0,9.02,20.13,0.38,1.8,2.0,0.053,0.0
"LIMA BNS,LRG,MATURE SEEDS,RAW",338.0,21.46,63.38,0.69,8.5,18.0,0.161,0.0
"LIMA BNS,LRG,MATURE SEEDS,CKD,BLD,WO/SALT",115.0,7.8,20.88,0.38,2.9,2.0,0.089,0.0
"LIMA BNS,THIN SEEDED (BABY),MATURE SEEDS,RAW",335.0,20.62,62.83,0.93,8.32,13.0,0.219,0.0
"MUNG BNS,MATURE SEEDS,RAW",347.0,23.86,62.62,1.15,6.6,15.0,0.348,0.0
"MUNG BNS,MATURE SEEDS,CKD,BLD,WO/SALT",105.0,7.02,19.15,0.38,2.0,2.0,0.116,0.0
"NOODLES,CHINESE,CELLOPHANE OR LONG RICE (MUNG BNS),DEHYD",351.0,0.16,86.09,0.06,0.0,10.0,0.017,0.0
"MUNGO BNS,MATURE SEEDS,CKD,BLD,WO/SALT",105.0,7.54,18.34,0.55,2.01,7.0,0.038,0.0
"PEAS,SPLIT,MATURE SEEDS,RAW",341.0,24.55,60.37,1.16,8.0,15.0,0.161,0.0
"PEAS,SPLIT,MATURE SEEDS,CKD,BLD,WO/SALT",118.0,8.34,21.1,0.39,2.9,2.0,0.054,0.0
"PEANUTS,ALL TYPES,RAW",567.0,25.8,16.13,49.24,3.97,18.0,6.834,0.0
"PEANUTS,ALL TYPES,CKD,BLD,W/SALT",318.0,13.5,21.26,22.01,2.47,751.0,3.055,0.0
"PEANUTS,ALL TYPES,OIL-ROASTED,W/SALT",599.0,28.03,15.26,52.5,4.18,420.0,8.686,0.0
"PEANUTS,ALL TYPES,DRY-ROASTED,W/SALT",585.0,23.68,21.51,49.66,4.18,679.0,6.893,0.0
"PEANUTS,VIRGINIA,RAW",563.0,25.19,16.54,48.75,3.95,10.0,6.361,0.0
"PEANUT BUTTER,CHUNK STYLE,W/SALT",589.0,24.06,21.57,49.94,8.41,486.0,7.607,0.0
"PEANUT BUTTER,SMOOTH STYLE,W/ SALT",588.0,25.09,19.56,50.39,9.22,459.0,10.51,0.0
"PEANUT FLOUR,DEFATTED",327.0,35.62,34.7,0.55,8.22,180.0,0.063,0.0
"REFRIED BNS,CND,TRADITIONAL STYLE (INCLUDES USDA COMMODITY)",91.0,5.41,15.26,1.17,0.46,449.0,0.391,0.0
"BACON,MEATLESS",310.0,10.68,6.32,29.52,0.0,1465.0,4.622,0.0
"SAUSAGE,MEATLESS",257.0,18.53,9.84,18.16,0.0,888.0,2.926,0.0
"SOYBEANS,MATURE SEEDS,RAW",446.0,35.62,30.16,19.94,7.33,2.0,2.884,0.0
"SOYBEANS,MATURE CKD,BLD,WO/SALT",173.0,16.64,9.93,8.97,3.0,1.0,1.297,0.0
"SOYBEANS,MATURE SEEDS,RSTD,SALTED",471.0,35.22,33.55,25.4,4.2,163.0,3.674,0.0
MISO,199.0,11.69,26.47,6.01,6.2,2060.149999999986,1.139,0.0
NATTO,212.0,17.72,14.36,11.0,4.89,7.0,1.591,0.0
"SOY FLOUR,FULL-FAT,RAW",436.0,34.54,35.19,20.65,7.5,13.0,2.987,0.0
"SOY FLR,FULL-FAT,RSTD",441.0,34.8,33.67,21.86,7.61,12.0,3.162,0.0
"SOY FLOUR,DEFATTED",330.0,35.62,38.37,1.22,18.88,20.0,0.136,0.0
"SOY FLOUR,LOW-FAT",375.0,35.62,34.93,8.9,10.53,9.0,1.29,0.0
"SOYMILK,ORIGINAL & VANILLA,UNFORTIFIED",54.0,3.27,6.28,1.75,3.99,51.0,0.205,0.0
"SOY PROT CONC,PRODUCED BY ALCOHOL EXTRACTION",331.0,35.62,30.91,0.46,20.0,3.0,0.052,0.0
SOY PROTEIN ISOLATE,338.0,35.62,7.36,3.39,0.0,1005.0,0.422,0.0
SOY SAU MADE FROM SOY&WHEAT (SHOYU),53.0,6.28,7.61,0.04,1.7,2060.149999999986,0.005,0.0
SOY SAU MADE FROM SOY (TAMARI),60.0,10.51,5.57,0.1,1.7,2060.149999999986,0.011,0.0
SOY SAU MADE FROM HYDROLYZED VEG PROT,40.0,2.43,7.73,0.08,1.7,2060.149999999986,0.006,0.0
"TOFU,FIRM,PREP W/CA SULFATE&MAGNESIUM CHLORIDE (NIGARI)",70.0,8.19,1.69,4.17,0.6,12.0,0.863,0.0
"TOFU,SOFT,PREP W/CA SULFATE&MAGNESIUM CHLORIDE (NIGARI)",61.0,6.55,1.8,3.69,0.7,8.0,0.533,0.0
"TOFU,FRIED",271.0,17.19,10.49,20.18,2.72,16.0,2.918,0.0
"HUMMUS,HOME PREP",177.0,4.86,20.12,8.59,0.27,242.0,1.141,0.0
"SOYMILK,ORIGINAL & VANILLA,W/ ADDED CA,VITAMINS A & D",43.0,2.6,4.92,1.47,3.65,47.0,0.205,0.0
"BEANS,RED,KIDNEY,MATURE SEEDS,CND,DRND SOL",124.0,7.98,21.49,1.05,3.8,231.0,0.181,0.0
"BEANS,PINTO,CND,DRND SOL",114.0,6.99,20.22,0.9,0.54,239.0,0.158,0.0
VEGGIE BURGERS OR SOYBURGERS  UNPREP,177.0,15.7,14.27,6.3,1.07,569.0,1.44,0.0
"PEANUT SPRD,RED SUGAR",650.0,24.8,14.23,54.89,3.34,447.0,10.22,0.0
"PEANUT BUTTER,SMOOTH,RED FAT",520.0,25.9,35.65,34.0,9.28,540.0,5.76,0.0
"ENSURE FIBER W/ FOS,LIQ",101.0,3.43,16.36,2.38,4.68,78.0,0.152,0.0
"PEANUT BUTTER,SMOOTH,VIT & MINERAL FORT",591.0,25.72,18.75,50.81,10.47,420.0,10.125,0.0
"PEANUT BUTTER,CHUNKY,VITAMIN&MINERAL FORT",593.0,26.06,17.69,51.47,10.94,366.0,7.972,0.0
CHICKPEA FLOUR (BESAN),387.0,22.39,57.82,6.69,10.85,64.0,0.693,0.0
"MORI-NU,TOFU,SILKEN,SOFT",55.0,4.8,2.9,2.7,1.31,5.0,0.357,0.0
"MORI-NU,TOFU,SILKEN,FIRM",62.0,6.9,2.4,2.7,1.27,36.0,0.406,0.0
"MORI-NU,TOFU,SILKEN,EX FIRM",55.0,7.4,2.0,1.9,0.99,63.0,0.3,0.0
"SOYMILK,CHOC,UNFORTIFIED",63.0,2.26,9.95,1.53,7.86,53.0,0.24,0.0
"USDA CMDTY,PNUT BUTTER,SMOOTH",588.0,21.93,23.98,49.54,6.5,476.0,9.519,0.0
"SOYMILK,CHOC,W/ ADDED CA,VITAMINS A & D",63.0,2.26,9.95,1.53,7.86,53.0,0.24,0.0
"REFRIED BNS,CND,VEGETARIAN",83.0,5.28,13.5,0.87,0.59,430.0,0.142,0.0
"REFRIED BNS,CND,FAT-FREE",79.0,5.34,13.5,0.45,0.61,438.0,0.093,0.0
"CAMPBELL SOUP CO.,CAMPBELL'S BRN SUGAR&BACON FLAV BKD BNS",123.0,3.85,23.08,1.92,10.0,362.0,0.385,0.0
"CAMPBELL SOUP COMPANY,CAMPBELL'S PORK & BNS",108.0,4.62,19.23,1.15,6.15,338.0,0.385,0.0
"CAMPBELL SOUP COMPANY,PACE,TRADITIONAL REFRIED BNS",67.0,4.17,10.83,0.0,2.5,575.0,0.0,0.0
"CAMPBELL SOUP COMPANY,PACE,SALSA REFRIED BNS",60.0,3.33,11.67,0.0,3.33,492.0,0.0,0.0
"CAMPBELL SOUP COMPANY,PACE,SPICY JALAPENO REFRIED BNS",63.0,4.17,11.67,0.0,3.33,492.0,0.0,0.0
"VITASOY USA,ORGANIC NASOYA EX FIRM TOFU",98.0,10.1,2.6,5.2,0.4,4.0,0.7,0.0
"VITASOY USA,ORGANIC NASOYA FIRM TOFU",84.0,8.9,2.3,4.4,0.3,4.0,0.5,0.0
VITASOY USA  ORGANIC NASOYA SILKEN TOFU,47.0,4.8,1.4,2.5,0.2,2.0,0.3,0.0
"VITASOY USA,VITASOY ORGANIC CREAMY ORIGINAL SOYMILK",44.0,2.9,4.5,1.6,2.0,66.0,0.2,0.0
"VITASOY USA,VITASOY ORGNAIC CLASSIC ORIGINAL SOYMILK",47.0,3.2,4.5,1.8,2.0,66.0,0.21,0.0
"VITASOY USA,VITASOY LT VANILLA SOYMILK",30.0,1.6,4.1,0.82,2.9,49.0,0.18,0.0
"SOYMILK (ALL FLAVORS),UNSWTND,W/ ADDED CA,VITAMINS A & D",33.0,2.86,1.74,1.61,0.41,37.0,0.206,0.0
"SOYMILK (ALL FLAVORS),ENHANCED",45.0,2.94,3.45,1.99,2.53,50.0,0.206,0.0
"SOYMILK,ORIGINAL & VANILLA,LT,W/ ADDED CA,VITAMINS A & D",30.0,2.38,3.51,0.77,2.61,48.0,0.005,0.0
"SOYMILK,CHOC & OTHER FLAVORS,LT,W/ ADDED CA,VITAMINS A & D",47.0,2.1,8.24,0.64,7.13,46.0,0.032,0.0
"SOYMILK,ORIGINAL & VANILLA,LT,UNSWTND,W/ ADDED CA,VIT A & D",34.0,2.62,3.85,0.85,0.41,63.0,0.078,0.0
"SOYMILK (ALL FLAVORS),LOWFAT,W/ ADDED CA,VITAMINS A & D",43.0,1.65,7.2,0.62,3.5,37.0,0.0,0.0
"SOYMILK (ALL FLAVORS),NONFAT,W/ ADDED CA,VITAMINS A & D",28.0,2.47,4.14,0.04,3.65,57.0,0.0,0.0
"SOYMILK,CHOC,NONFAT,W/ ADDED CA,VITAMINS A & D",44.0,2.47,8.51,0.04,3.65,57.0,0.0,0.0
"SILK PLN,SOYMILK",41.0,2.88,3.29,1.65,2.47,49.0,0.206,0.0
"SILK VANILLA,SOYMILK",41.0,2.47,4.12,1.44,2.88,39.0,0.206,0.0
"SILK CHOC,SOYMILK",58.0,2.06,9.47,1.44,7.82,41.0,0.206,0.0
"SILK LT PLN,SOYMILK",29.0,2.47,3.29,0.82,2.47,49.0,0.0,0.0
"SILK LT VANILLA,SOYMILK",33.0,2.47,4.12,0.82,2.88,39.0,0.0,0.0
"SILK LT CHOC,SOYMILK",49.0,2.06,9.05,0.62,7.82,41.0,0.0,0.0
"SILK PLUS OMEGA-3 DHA,SOYMILK",45.0,2.88,3.29,2.06,2.47,49.0,0.206,0.0
"SILK PLUS FOR BONE HEALTH,SOYMILK",41.0,2.47,4.53,1.44,2.88,39.0,0.206,0.0
"SILK PLUS FIBER,SOYMILK",41.0,2.47,5.76,1.44,2.88,39.0,0.206,0.0
"SILK UNSWTND,SOYMILK",33.0,2.88,1.65,1.65,0.41,35.0,0.206,0.0
"SILK VERY VANILLA,SOYMILK",53.0,2.47,7.82,1.65,6.58,58.0,0.206,0.0
"SILK NOG,SOYMILK",74.0,2.46,12.3,1.64,9.84,61.0,0.0,0.0
"SILK CHAI,SOYMILK",53.0,2.47,7.82,1.44,5.76,41.0,0.206,0.0
"SILK MOCHA,SOYMILK",58.0,2.06,9.05,1.44,7.41,41.0,0.206,0.0
"SILK COFFEE,SOYMILK",62.0,2.06,10.29,1.44,9.47,41.0,0.206,0.0
SILK VANILLA SOY YOGURT (FAMILY SIZE),79.0,2.64,13.66,1.76,10.57,13.0,0.22,0.0
SILK VANILLA SOY YOGURT (SINGLE SERVING SIZE),88.0,2.94,14.71,1.76,10.59,12.0,0.0,0.0
SILK PLN SOY YOGURT,66.0,2.64,9.69,1.76,5.29,13.0,0.22,0.0
SILK STRAWBERRY SOY YOGURT,94.0,2.35,18.24,1.18,12.94,15.0,0.0,0.0
SILK RASPBERRY SOY YOGURT,88.0,2.35,17.65,1.18,12.94,15.0,0.0,0.0
SILK PEACH SOY YOGURT,94.0,2.35,18.82,1.18,14.71,15.0,0.0,0.0
SILK BLACK CHERRY SOY YOGURT,88.0,2.35,17.06,1.18,11.76,12.0,0.0,0.0
SILK BLUEBERRY SOY YOGURT,88.0,2.35,17.06,1.18,12.35,15.0,0.0,0.0
SILK KEY LIME SOY YOGURT,88.0,2.35,17.65,1.18,12.35,15.0,0.0,0.0
SILK BANANA-STRAWBERRY SOY YOGURT,88.0,2.35,17.06,1.18,10.59,15.0,0.0,0.0
SILK ORIGINAL CREAMER,100.0,0.0,6.67,6.67,0.0,67.0,0.0,0.0
SILK FRENCH VANILLA CREAMER,133.0,0.0,20.0,6.67,20.0,67.0,0.0,0.0
SILK HAZELNUT CREAMER,133.0,0.0,20.0,6.67,20.0,67.0,0.0,0.0
"VITASOY USA ORGANIC NASOYA,SOFT",70.0,8.0,1.5,3.5,0.3,4.0,0.5,0.0
"VITASOY USA ORGANIC NASOYA,TOFU PLUS EX FIRM",92.0,9.3,2.7,4.9,0.4,7.0,0.6,0.0
"VITASOY USA ORGANIC NASOYA,TOFU PLUS FIRM",74.0,8.4,2.5,3.4,0.3,4.0,0.3,0.0
"VITASOY USA ORGANIC NASOYA SPROUTED,TOFU PLUS SUPER FIRM",115.0,12.1,3.3,5.9,1.1,28.0,1.1,0.0
"VITASOY USA AZUMAYA,EX FIRM TOFU",88.0,9.2,2.4,4.6,0.5,26.0,0.6,0.0
"VITASOY USA AZUMAYA,FIRM TOFU",80.0,8.3,2.3,4.2,0.4,23.0,0.5,0.0
"VITASOY USA AZUMAYA,SILKEN TOFU",43.0,4.4,1.0,2.4,0.2,2.0,0.3,0.0
HOUSE FOODS PREMIUM SOFT TOFU,59.0,5.83,2.74,2.71,0.53,34.0,0.48,0.0
HOUSE FOODS PREMIUM FIRM TOFU,85.0,9.98,1.91,4.19,0.4,33.0,0.71,0.0
"BEANS,BLACK TURTLE SOUP,MATURE SEEDS,CKD,BLD,W/SALT",130.0,8.18,24.35,0.35,0.32,239.0,0.089,0.0
"BEANS,KIDNEY,ALL TYPES,MATURE SEEDS,CKD,BLD,W/SALT",127.0,8.67,22.8,0.5,0.32,238.0,0.072,0.0
"BEANS,KIDNEY,RED,MATURE SEEDS,CKD,BLD,W/SALT",127.0,8.67,22.8,0.5,0.32,238.0,0.072,0.0
"BEANS,NAVY,MATURE SEEDS,CKD,BLD,W/SALT",140.0,8.23,26.05,0.62,0.37,237.0,0.098,0.0
"BEANS,PINK,MATURE SEEDS,CKD,BLD,W/SALT",149.0,9.06,27.91,0.49,0.36,238.0,0.126,0.0
"BEANS,PINTO,MATURE SEEDS,CKD,BLD,W/SALT",143.0,9.01,26.22,0.65,0.34,238.0,0.109,0.0
"BEANS,WHITE,MATURE SEEDS,CKD,BLD,W/ SALT",139.0,9.73,25.09,0.35,0.34,242.0,0.091,0.0
"BROADBEANS (FAVA BNS),MATURE SEEDS,CKD,BLD,W/SALT",110.0,7.6,19.65,0.4,1.82,241.0,0.066,0.0
"CHICKPEAS,MATURE SEEDS,CKD,BLD,W/SALT",164.0,8.86,27.42,2.59,4.8,243.0,0.269,0.0
"COWPEAS,COMMON,MATURE SEEDS,CKD,BLD,W/SALT",116.0,7.73,20.76,0.53,3.3,240.0,0.138,0.0
"LENTILS,MATURE SEEDS,CKD,BLD,W/SALT",114.0,9.02,19.54,0.38,1.8,238.0,0.053,0.0
"LIMA BNS,LRG,MATURE SEEDS,CKD,BLD,W/SALT",115.0,7.8,20.88,0.38,2.9,238.0,0.089,0.0
"MUNG BNS,MATURE SEEDS,CKD,BLD,W/SALT",105.0,7.02,19.15,0.38,2.0,238.0,0.116,0.0
"MUNGO BNS,MATURE SEEDS,CKD,BLD,W/SALT",105.0,7.54,18.34,0.55,2.01,243.0,0.038,0.0
"PEAS,SPLIT,MATURE SEEDS,CKD,BLD,W/SALT",116.0,8.34,20.51,0.39,2.9,238.0,0.054,0.0
"PEANUTS,ALL TYPES,OIL-ROASTED,WO/SALT",581.0,26.35,18.92,49.3,4.16,6.0,6.843,0.0
"PEANUTS,ALL TYPES,DRY-ROASTED,WO/SALT",585.0,23.68,21.51,49.66,4.18,6.0,6.893,0.0
"PEANUT BUTTER,CHUNK STYLE,WO/SALT",589.0,24.06,21.57,49.94,8.41,17.0,7.607,0.0
"PEANUT BUTTER,SMOOTH STYLE,WO/SALT",588.0,25.09,19.56,50.39,9.22,17.0,10.292,0.0
"PEANUT BUTTER W/ OMEGA-3,CREAMY",608.0,24.47,17.0,54.17,3.11,356.0,9.691,0.0
"SOYBEANS,MATURE SEEDS,CKD,BLD,W/SALT",173.0,16.64,9.93,8.97,3.0,237.0,1.297,0.0
"SOY FLR,DEFATTED,CRUDE PROT BASIS (N X 6.25)",372.0,35.62,30.63,8.9,14.58,9.0,1.29,0.0
"SOY FLR,LOW-FAT,CRUDE PROT BASIS (N x 6.25)",369.0,35.62,33.58,6.7,19.8,18.0,0.969,0.0
"SOY PROT CONC,PRODUCED BY ACID WASH",331.0,35.62,30.91,0.46,20.0,900.0,0.052,0.0
"SOY PROT ISOLATE,K TYPE",326.0,35.62,10.22,0.53,0.0,50.0,0.077,0.0
"SOY PROT ISOLATE,K TYPE,CRUDE PROT BASIS",321.0,35.62,2.59,0.53,0.0,50.0,0.066,0.0
"SOY SAU MADE FROM SOY&WHEAT (SHOYU),LO NA",53.0,5.17,8.51,0.08,1.7,2060.149999999986,0.01,0.0
"LOMA LINDA LITTLE LINKS,CND,UNPREP",221.0,19.4,5.5,13.5,0.8,472.0,2.0,0.0
"LOMA LINDA LOFAT BIG FRANKS,CND,UNPREP",154.0,23.1,4.9,4.7,0.3,481.0,0.5,0.0
"LOMA LINDA TENDER ROUNDS W/ GRAVY,CND,UNPREP",145.0,16.3,7.4,5.6,1.0,443.0,0.7,0.0
"LOMA LINDA SWISS STAKE W/ GRAVY,CND,UNPREP",138.0,10.2,10.4,6.2,0.9,471.0,0.8,0.0
"LOMA LINDA VEGE-BURGER,CND,UNPREP",114.0,22.2,3.7,1.2,0.8,222.0,0.2,0.0
"LOMA LINDA REDI-BURGER,CND,UNPREP",146.0,21.9,8.2,2.8,1.2,508.0,0.4,0.0
"LOMA LINDA TENDER BITS,CND,UNPREP",135.0,15.1,8.3,4.6,0.6,613.0,0.7,0.0
"LOMA LINDA LINKETTS,CND,UNPREP",209.0,21.3,4.4,11.8,0.3,401.0,1.6,0.0
"WORTHINGTON CHILI,CND,UNPREP",126.0,10.4,10.9,4.5,1.3,453.0,0.7,0.0
"WORTHINGTON CHOPLETS,CND,UNPREP",103.0,19.4,4.1,1.0,0.4,456.0,0.1,0.0
"WORTHINGTON DICED CHIK,CND,UNPREP",80.0,14.7,3.7,0.7,0.1,344.0,,0.0
"WORTHINGTON FRICHIK ORIGINAL,CND,UNPREP",160.0,13.4,3.4,10.3,0.1,401.0,1.4,0.0
"WORTHINGTON LOFAT FRI CHIK,CND,UNPREP",102.0,14.3,4.9,2.7,0.0,416.0,0.4,0.0
"WORTHINGTON LOFAT VEJA-LINKS,CND,UNPREP",123.0,15.8,4.3,4.8,0.7,612.0,0.7,0.0
"WORTHINGTON MULTIGRAIN CUTLETS,CND,UNPREP",108.0,18.1,6.0,1.3,0.6,313.0,0.5,0.0
"WORTHINGTON PRIME STAKES,CND,UNPREP",135.0,10.2,7.5,7.2,0.3,480.0,1.0,0.0
"WORTHINGTON SAUCETTES,CND,UNPREP",219.0,15.0,5.6,15.2,0.2,532.0,,0.0
"WORTHINGTON SUPER LINKS,CND,UNPREP",219.0,14.5,5.5,15.5,0.6,708.0,2.1,0.0
"WORTHINGTON VEG SKALLOPS,CND,UNPREP",109.0,19.9,4.6,1.2,0.3,460.0,0.2,0.0
"WORTHINGTON VEG STEAKS,CND,UNPREP",113.0,20.7,5.1,1.2,0.5,417.0,,0.0
"WORTHINGTON VEGETARIAN BURGER,CND,UNPREP",124.0,18.6,6.2,2.9,0.6,451.0,0.5,0.0
"WORTHINGTON VEJA-LINKS,CND,UNPREP",155.0,14.6,4.1,8.9,0.5,530.0,1.3,0.0
"WORTHINGTON CHIC-KETTS,FRZ,UNPREP",200.0,23.6,5.1,9.7,0.1,642.0,1.5,0.0
"WORTHINGTON MEATLESS CHICK ROLL,FRZ,UNPREP",154.0,16.1,4.3,8.0,0.8,452.0,1.2,0.0
"WORTHINGTON MEATLESS CORNED BF ROLL,FRZ,UNPREP",245.0,18.6,9.9,14.5,2.1,758.0,2.3,0.0
"WORTHINGTON DINNER RST,FRZ,UNPREP",213.0,16.0,6.9,13.5,1.0,671.0,2.4,0.0
"WORTHINGTON FRIPATS,FRZ,UNPREP",209.0,23.7,8.0,9.1,1.4,517.0,1.4,0.0
"WORTHINGTON PROSAGE LINKS,FRZ,UNPREP",143.0,20.2,5.0,4.7,0.8,819.0,0.9,0.0
"WORTHINGTON PROSAGE ROLL,FRZ,UNPREP",261.0,19.6,6.0,17.6,0.2,667.0,3.4,0.0
"WORTHINGTON SMOKED TURKEY ROLL,FRZ,UNPREP",251.0,18.5,7.9,16.1,2.4,859.0,2.3,0.0
"WORTHINGTON STAKELETS,FRZ,UNPREP",211.0,19.7,9.6,10.4,1.2,651.0,1.8,0.0
"WORTHINGTON STRIPPLES,FRZ,UNPREP",346.0,12.4,14.3,26.6,0.8,1463.0,4.2,0.0
"WORTHINGTON WHAM (ROLL),FRZ,UNPREP",196.0,17.8,5.7,11.3,3.2,717.0,1.6,0.0
"MORNINGSTAR FARMS BRKFST PATTIE MADE W/ ORG SOY,FRZ,UNPREP",205.0,22.1,10.6,8.2,1.5,632.0,1.1,0.0
"MORNINGSTAR FARMS VEGGIE BRKFST BACON STRIPS,FRZ,UNPREP",346.0,12.4,14.3,26.6,0.8,1463.0,4.2,0.0
"MORNINGSTAR FARMS VEGGIE BRKFST SAUSAGE LINKS,FRZ,UNPREP",159.0,19.2,6.8,6.1,1.0,670.0,0.7,0.0
"MORNINGSTAR FARMS GRILLERS ORIGINAL,FRZ,UNPREP",213.0,23.9,8.5,9.3,1.2,422.0,1.7,0.0
"MORNINGSTAR FARMS GRILLERS PRIME,FRZ,UNPREP",238.0,24.0,5.9,13.2,0.3,501.0,1.6,0.0
"MORNINGSTAR FARMS ASIAN VEGGIE PATTIES,FRZ,UNPREP",155.0,10.9,14.9,6.2,4.9,725.0,0.8,0.0
"MORNINGSTAR FARMS MUSHROOM LOVER'S BURGER,FRZ,UNPREP",169.0,11.6,11.8,8.8,1.6,346.0,1.3,0.0
"MORNINGSTAR FARMS TOMATO & BASIL PIZZA BURGER,FRZ,UNPREP",181.0,15.5,11.1,8.3,2.4,389.0,2.2,0.0
"MORNINGSTAR FARMS MEATFREE BUFFALO WINGS,FRZ,UNPREP",230.0,14.5,23.0,9.4,2.1,758.0,1.2,0.0
"MORNINGSTAR FARMS CHIK'N NUGGETS,FRZ,UNPREP",221.0,14.4,21.8,10.0,2.2,702.0,1.5,0.0
"MORNINGSTAR FARMS CHIK PATTIES,FRZ,UNPREP",197.0,11.8,22.9,7.0,2.0,835.0,0.8,0.0
"MORNINGSTAR FARMS ITALIAN HERB CHIK PATTIES,FRZ,UNPREP",236.0,13.6,31.1,7.0,1.5,682.0,0.8,0.0
"MORNINGSTAR FARMS ORIGINAL CHIK'N TENDERS,FRZ,UNPREP",233.0,14.7,25.2,8.1,0.6,714.0,1.1,0.0
"MORNINGSTAR FARMS CORN DOGS,FRZ,UNPREP",208.0,11.2,36.0,3.5,11.0,666.0,0.6,0.0
"MORNINGSTAR FARMS MINI CORN DOGS,FRZ,UNPREP",219.0,13.2,32.6,4.7,8.0,678.0,0.8,0.0
"MORNINGSTAR FARMS MEAL STARTERS CHIK'N STRIPS,FRZ,UNPREP",164.0,26.8,6.7,3.9,1.2,597.0,0.6,0.0
"MORNINGSTAR FARMS SAUSAGE STYLE RECIPE CRUMBLES,FRZ,UNPREP",159.0,20.2,9.9,4.6,1.4,758.0,0.5,0.0
"GARDENBURGER,BLACK BEAN CHIPOTLE BURGER",134.0,6.6,22.3,3.9,1.5,545.0,0.4,0.0
GARDENBURGER BREADED CHIK'N VEGGIE PATTIES,218.0,12.5,18.5,12.4,0.8,695.0,1.8,0.0
"GARDENBURGER,CALIFORNIA BURGER",144.0,5.1,21.5,5.2,1.5,564.0,0.5,0.0
"GARDENBURGER,GARDEN VEGAN",106.0,12.5,17.0,1.0,0.3,385.0,0.2,0.0
"GARDENBURGER,GOURMET BAJA STEAK",123.0,4.4,22.9,3.9,2.1,441.0,1.1,0.0
"GARDENBURGER,GOURMET FIRE DRAGON STEAK",101.0,3.1,17.9,4.9,4.3,363.0,1.5,0.0
"GARDENBURGER,GOURMET TUSCANY STEAK",138.0,7.5,22.8,4.9,2.4,479.0,2.4,0.0
"GARDENBURGER,HERB CRUSTED CUTLET",200.0,13.1,17.7,10.0,0.9,581.0,0.8,0.0
"GARDENBURGER,MALIBU BURGER MADE W/ ORG WHL GRNS,CORN & CRRTS",188.0,5.6,23.1,9.3,2.4,671.0,0.9,0.0
"GARDENBURGER,ORIGINAL",145.0,6.4,25.3,4.5,1.0,565.0,1.4,0.0
"GARDENBURGER,FLAME GRILLED BURGER",123.0,17.5,8.6,4.7,0.4,705.0,0.4,0.0
"GARDENBURGER,GOURMET HULA STEAK",162.0,3.8,30.5,5.4,8.0,386.0,3.8,0.0
"GARDENBURGER,HOMESTYLE CLASSIC VEGGIE BURGER",171.0,17.5,10.6,8.8,0.6,695.0,0.7,0.0
"GARDENBURGER,SAVORY PORTABELLA VEGGIE BURGER",139.0,6.3,23.4,3.6,1.2,695.0,1.1,0.0
"GARDENBURGER,SUN-DRIED TOMATO BASIL BURGER",137.0,5.5,23.7,3.6,2.6,387.0,1.0,0.0
"GARDENBURGER,VEGGIE MEDLEY BURGER",135.0,4.6,24.3,3.7,1.6,530.0,0.4,0.0
"MORNINGSTAR FARMS MPL FLAV VEG SAUSAGE PATTIES,FRZ,UNPREP",222.0,26.3,13.6,7.2,5.9,656.0,0.9,0.0
"MORNINGSTAR FARMS CHIK'N GRILL VEGGIE PATTIES,FRZ,UNPREP",118.0,12.8,10.2,4.8,0.2,519.0,0.4,0.0
"MORNINGSTAR FARMS VEGGIE ITALIAN STYLE SAUSAGE,FRZ,UNPREP",187.0,17.5,10.6,8.7,1.0,549.0,1.1,0.0
"MORNINGSTAR FARMS BBQ RIBLETS,FRZ,UNPREP",157.0,13.1,24.4,2.5,16.8,574.0,0.2,0.0
"WORTHINGTON LEANIES,FRZ,UNPREP",251.0,19.5,6.1,16.5,1.2,1078.0,2.8,0.0
"MORNINGSTAR FARMS CALIFORNIA TURK'Y BURGER,FRZ,UNPREP",142.0,14.1,10.9,7.9,1.6,609.0,0.8,0.0
"MORNINGSTAR FARMS HOT & SPICY VEG SAUSAGE PATTIES,FRZ,UNPREP",185.0,21.8,8.5,7.4,0.2,551.0,0.9,0.0
"MORNINGSTAR FARMS LASAGNA W/ VEGGIE SAUSAGE,FRZ,UNPREAPRED",96.0,7.1,14.4,2.3,1.7,208.0,1.0,0.0
"MORNINGSTAR FARMS VEGGIE SWT & SOUR CHIK'N,FRZ,UNPREP",119.0,5.0,20.4,2.3,4.2,192.0,0.2,0.0
"MORNINGSTAR FARMS GRILLERS QUARTER POUND VEG BRGR,FRZ,UNPREP",219.0,22.8,8.9,10.5,0.6,429.0,1.9,0.0
"MORNINGSTAR FARMS ENTREE CHILI,FRZ,UNPREP",67.0,4.9,12.6,1.0,1.4,194.0,0.1,0.0
"MORNINGSTAR FARMS BACON,EGG & CHS BISCUIT,FRZ,UNPREP",258.0,8.7,38.6,8.0,4.5,567.0,4.0,0.0
"LAMB,DOM,COMP OF RTL CUTS,LN&FAT,1/4""FAT,CHOIC,CKD",294.0,24.52,0.0,20.94,0.0,72.0,8.83,0.0
"LAMB,DOM,COMP OF RTL CUTS,FAT,1/4""FAT,CHOIC,CKD",586.0,12.16,0.0,59.18,0.0,58.0,27.02,0.0
"LAMB,DOM,FORESHANK,LN&FAT,1/4""FAT,CHOIC,CKD,BRSD",243.0,28.37,0.0,13.46,0.0,72.0,5.63,0.0
"LAMB,DOM,LEG,WHL (SHK&SIRL),LN&FAT,1/4""FAT,CHOIC,CKD,RSTD",258.0,25.55,0.0,16.48,0.0,66.0,6.89,0.0
"LAMB,DOM,LEG,WHL (SHK&SIRL),LN,1/4""FAT,CHOIC,CKD,RSTD",191.0,28.3,0.0,7.74,0.0,68.0,2.76,0.0
"LAMB,DOM,LOIN,LN&FAT,1/4""FAT,CHOIC,CKD,BRLD",316.0,25.17,0.0,23.08,0.0,77.0,9.83,0.0
"LAMB,DOM,LOIN,LN&FAT,1/4""FAT,CHOIC,CKD,RSTD",309.0,22.55,0.0,23.59,0.0,64.0,10.24,0.0
"LAMB,DOM,LOIN,LN,1/4""FAT,CHOIC,CKD,BRLD",216.0,29.99,0.0,9.73,0.0,84.0,3.48,0.0
"LAMB,DOM,RIB,LN&FAT,1/4""FAT,CHOIC,CKD,BRLD",361.0,22.13,0.0,29.59,0.0,76.0,12.7,0.0
"LAMB,DOM,RIB,LN,1/4""FAT,CHOIC,CKD,BRLD",235.0,27.74,0.0,12.95,0.0,85.0,4.65,0.0
"LAMB,DOM,SHLDR,WHL (ARM&BLD),LN&FAT,1/4""FAT,CHOIC,RAW",264.0,16.58,0.0,21.45,0.0,61.0,9.28,0.0
"LAMB,DOM,SHLDR,WHL (ARM&BLD),LN&FAT,1/4""FAT,CHOIC,CKD,RSTD",276.0,22.51,0.0,19.97,0.0,66.0,8.44,0.0
"LAMB,DOM,SHLDR,WHL (ARM&BLD),LN,1/4""FAT,CHOIC,RAW",144.0,19.55,0.0,6.76,0.0,70.0,2.42,0.0
"LAMB,DOM,SHLDR,WHL (ARM&BLD),LN,1/4""FAT,CHOIC,CKD,BRLD",210.0,27.12,0.0,10.5,0.0,83.0,3.88,0.0
"LAMB,DOM,SHLDR,WHL (ARM&BLD),LN,1/4""FAT,CHOIC,CKD,RSTD",204.0,24.94,0.0,10.77,0.0,68.0,4.08,0.0
"LAMB,DOM,SHLDR,BLADE,LN&FAT,1/4""FAT,CHOIC,CKD,BRLD",278.0,23.08,0.0,19.94,0.0,82.0,8.18,0.0
"LAMB,DOM,CUBED FOR STEW (LEG&SHLDR),LN,1/4""FAT,CKD,BRSD",223.0,33.69,0.0,8.8,0.0,70.0,3.15,0.0
"LAMB,NZ,IMP,FRZ,LOIN,LN&FAT,CKD,BRLD",315.0,23.43,0.0,23.88,0.0,49.0,11.96,0.0
"LAMB,NZ,IMP,FRZ,RIB,LN&FAT,CKD,RSTD",340.0,18.98,0.0,28.75,0.0,43.0,14.45,0.0
"LAMB,NZ,IMP,FRZ,RIB,LN,CKD,RSTD",196.0,24.42,0.0,10.16,0.0,48.0,4.43,0.0
"VEAL,COMP OF RTL CUTS,LN&FAT,CKD",231.0,30.1,0.0,11.39,0.0,87.0,4.28,0.0
"VEAL,COMP OF RTL CUTS,LN,CKD",196.0,31.9,0.0,6.58,0.0,89.0,1.84,0.0
"VEAL,LEG (TOP RND),LN&FAT,RAW",117.0,20.98,0.0,3.08,0.0,63.0,1.18,0.0
"VEAL,LEG (TOP RND),LN&FAT,CKD,BRSD",211.0,35.62,0.0,6.33,0.0,67.0,2.53,0.0
"VEAL,LEG (TOP RND),LN&FAT,CKD,PAN-FRIED,BREADED",238.0,27.29,9.91,9.18,0.57,454.0,3.06,0.0
"VEAL,LEG (TOP RND),LN&FAT,CKD,PAN-FRIED,NOT BREADED",211.0,31.75,0.0,8.35,0.0,76.0,3.16,0.0
"VEAL,LEG (TOP RND),LN&FAT,CKD,RSTD",160.0,27.7,0.0,4.65,0.0,68.0,1.84,0.0
"VEAL,LEG (TOP RND),LN,CKD,PAN-FRIED,BREADED",216.0,28.41,9.84,6.27,0.57,455.0,1.6,0.0
"VEAL,LEG (TOP RND),LN,CKD,PAN-FRIED,NOT BREADED",183.0,33.17,0.0,4.62,0.0,77.0,1.29,0.0
"VEAL,LOIN,LN&FAT,RAW",163.0,18.89,0.0,9.14,0.0,85.0,3.88,0.0
"VEAL,LOIN,LN&FAT,CKD,BRSD",284.0,30.19,0.0,17.21,0.0,80.0,6.73,0.0
"VEAL,LOIN,LN&FAT,CKD,RSTD",217.0,24.8,0.0,12.32,0.0,93.0,5.26,0.0
"VEAL,LOIN,LN,CKD,BRSD",226.0,33.57,0.0,9.15,0.0,84.0,2.55,0.0
"VEAL,LOIN,LN,CKD,RSTD",175.0,26.32,0.0,6.94,0.0,96.0,2.58,0.0
"VEAL,RIB,LN&FAT,CKD,BRSD",251.0,32.43,0.0,12.53,0.0,95.0,4.95,0.0
"VEAL,RIB,LN,CKD,BRSD",218.0,34.44,0.0,7.81,0.0,99.0,2.56,0.0
"VEAL,SHLDR,WHL (ARM&BLD),LN&FAT,RAW",130.0,19.27,0.0,5.28,0.0,91.0,2.05,0.0
"VEAL,SHLDR,WHL (ARM&BLD),LN&FAT,CKD,BRSD",228.0,32.06,0.0,10.14,0.0,95.0,3.75,0.0
"VEAL,SHLDR,ARM,LN&FAT,RAW",132.0,19.34,0.0,5.44,0.0,83.0,2.26,0.0
"VEAL,SHLDR,BLADE,LN&FAT,CKD,BRSD",225.0,31.26,0.0,10.09,0.0,98.0,3.64,0.0
"VEAL,SHLDR,BLADE,LN,CKD,BRSD",198.0,32.66,0.0,6.48,0.0,101.0,1.81,0.0
"VEAL,SIRLOIN,LN&FAT,RAW",152.0,19.07,0.0,7.81,0.0,76.0,3.35,0.0
"VEAL,SIRLOIN,LN&FAT,CKD,RSTD",202.0,25.14,0.0,10.45,0.0,83.0,4.51,0.0
"VEAL,GROUND,CKD,BRLD",172.0,24.38,0.0,7.56,0.0,83.0,3.04,0.0
"GAME MEAT,BEAR,CKD,SIMMRD",259.0,32.42,0.0,13.39,0.0,71.0,3.54,0.0
"BISON,GROUND,GRASS-FED,CKD",179.0,25.45,0.0,8.62,0.0,76.0,3.489,0.0
"BISON,GROUND,GRASS-FED,RAW",146.0,20.23,0.05,7.21,0.0,70.0,2.917,0.0
"GAME MEAT,BEAVER,CKD,RSTD",212.0,34.85,0.0,6.96,0.0,59.0,2.07,0.0
"GAME MEAT,BISON,LN,CKD,RSTD",143.0,28.44,0.0,2.42,0.0,57.0,0.91,0.0
"GAME MEAT,BOAR,WILD,CKD,RSTD",160.0,28.3,0.0,4.38,0.0,60.0,1.3,0.0
"GAME MEAT,CARIBOU,CKD,RSTD",167.0,29.77,0.0,4.42,0.0,60.0,1.7,0.0
"GAME MEAT,DEER,RAW",120.0,22.96,0.0,2.42,0.0,51.0,0.95,0.0
"GAME MEAT,GOAT,CKD,RSTD",143.0,27.1,0.0,3.03,0.0,86.0,0.93,0.0
"GAME MEAT,MOOSE,CKD,RSTD",134.0,29.27,0.0,0.97,0.0,69.0,0.29,0.0
"GAME MEAT,OPOSSUM,CKD,RSTD",221.0,30.2,0.0,10.2,0.0,58.0,1.206,0.0
"GAME MEAT,RABBIT,DOMESTICATED,COMP OF CUTS,CKD,STWD",206.0,30.38,0.0,8.41,0.0,37.0,2.51,0.0
"GAME MEAT,RABBIT,WILD,CKD,STWD",173.0,33.02,0.0,3.51,0.0,45.0,1.05,0.0
"GAME MEAT,RACCOON,CKD,RSTD",255.0,29.2,0.0,14.5,0.0,79.0,4.07,0.0
"GAME MEAT,SQUIRREL,CKD,RSTD",173.0,30.77,0.0,4.69,0.0,119.0,0.85,0.0
"VEAL,VAR MEATS&BY-PRODUCTS,LIVER,RAW",140.0,19.93,2.91,4.85,0.0,77.0,1.56,0.0
"VEAL,VAR MEATS&BY-PRODUCTS,LIVER,CKD,BRSD",192.0,28.42,3.77,6.26,0.0,78.0,1.986,0.0
"VEAL,VAR MEATS&BY-PRODUCTS,LIVER,CKD,PAN-FRIED",193.0,27.37,4.47,6.51,0.0,85.0,2.109,0.0
"VEAL,VAR MEATS&BY-PRODUCTS,THYMUS,RAW",101.0,17.21,0.0,3.07,0.0,67.0,0.806,0.0
"VEAL,VAR MEATS&BY-PRODUCTS,THYMUS,CKD,BRSD",125.0,22.67,0.0,3.11,0.0,59.0,0.942,0.0
"LAMB,GROUND,RAW",282.0,16.56,0.0,23.41,0.0,59.0,10.19,0.0
"LAMB,GROUND,CKD,BRLD",283.0,24.75,0.0,19.65,0.0,81.0,8.12,0.0
"GAME MEAT BISON,GROUND,RAW",223.0,18.67,0.0,15.93,0.0,66.0,6.802,0.0
"GAME MEAT,BISON,GROUND,CKD,PAN-BROILED",238.0,23.77,0.0,15.13,0.0,73.0,6.461,0.0
"GAME MEAT BISON,TOP SIRLOIN,LN,1"" STEAK,CKD,BRLD",171.0,28.05,0.0,5.65,0.0,53.0,2.412,0.0
"GAME MEAT,BISON,CHUCK,SHLDR CLOD,LN,3-5 LB RST,CKD,BRSD",193.0,33.78,0.0,5.43,0.0,57.0,2.32,0.0
"GAME MEAT,BISON,CHUCK,SHLDR CLOD,LN,3-5 LB RST,RAW",119.0,21.12,0.0,3.15,0.0,62.0,1.345,0.0
"GAME MEAT,BISON,RIBEYE,LN,1"" STEAK,CKD,BRLD",177.0,29.45,0.0,5.67,0.0,52.0,2.419,0.0
"GAME MEAT,BISON,TOP RND,LN,1"" STEAK,CKD,BRLD",174.0,30.18,0.0,4.96,0.0,41.0,1.957,0.0
"GAME MEAT,BISON,TOP RND,LN,1"" STEAK,RAW",122.0,23.32,0.0,2.43,0.0,47.0,1.039,0.0
"GAME MEAT,ELK,GROUND,RAW",172.0,21.76,0.0,8.82,0.0,79.0,3.469,0.0
"GAME MEAT,ELK,GROUND,CKD,PAN-BROILED",193.0,26.64,0.0,8.74,0.0,85.0,4.002,0.0
"GAME MEAT,ELK,LOIN,LN,CKD,BRLD",167.0,31.0,0.0,3.84,0.0,54.0,1.511,0.0
"GAME MEAT,ELK,RND,LN,CKD,BRLD",156.0,30.94,0.0,2.64,0.0,51.0,1.037,0.0
"GAME MEAT,ELK,TENDERLOIN,LN,CKD,BRLD",162.0,30.76,0.0,3.41,0.0,50.0,1.342,0.0
"GAME MEAT,DEER,GROUND,RAW",157.0,21.78,0.0,7.13,0.0,75.0,3.361,0.0
"GAME MEAT,DEER,GROUND,CKD,PAN-BROILED",187.0,26.45,0.0,8.22,0.0,78.0,3.993,0.0
"GAME MEAT,DEER,LOIN,LN,1"" STEAK,CKD,BRLD",150.0,30.2,0.0,2.38,0.0,57.0,0.878,0.0
"GAME MEAT,DEER,SHLDR CLOD,LN,3-5 LB RST,CKD,BRSD",191.0,35.62,0.0,3.95,0.0,52.0,1.959,0.0
"GAME MEAT,DEER,TENDERLOIN,LN,0.5-1 LB RST,CKD,BRLD",149.0,29.9,0.0,2.35,0.0,57.0,1.142,0.0
"GAME MEAT,DEER,TOP RND,LN,1"" STEAK,CKD,BRLD",152.0,31.47,0.0,1.92,0.0,45.0,1.03,0.0
"BAGEL,PLN,TSTD, ENR W/CA PROP(INCLUDE ONION,POPPY,SESAME)",257.0,10.02,50.5,1.62,5.05,517.0,0.393,0.0
"BAGELS,PLN,TSTD,ENR W/CA PROP (INCLUDES ONION,POPPY,SESAME)",288.0,11.14,57.11,1.72,5.82,480.0,0.283,0.0
"BAGELS,CINNAMON-RAISIN",273.0,9.8,55.2,1.7,5.98,433.0,0.274,0.0
"BAGELS,CINNAMON-RAISIN,TSTD",294.0,10.6,59.3,1.8,6.43,346.0,0.295,0.0
"BAGELS,OAT BRAN",255.0,10.7,53.3,1.2,1.63,590.0,0.191,0.0
"BISCUITS,PLN OR BTTRMLK,FRZ,BKD",365.0,6.2,48.5,16.5,3.48,942.0,2.49,0.0
"BISCUITS,PLN OR BTTRMLK,DRY MIX",428.0,8.0,63.3,15.4,11.65,1276.0,3.965,0.0
"BISCUITS,PLN OR BTTRMLK,REFR DOUGH,LOWER FAT",257.0,6.7,47.6,4.5,7.0,987.0,1.113,0.0
"BISCUITS,PLN OR BTTRMLK,REFR DOUGH,LOWER FAT,BKD",300.0,7.8,55.4,5.2,8.14,1000.0,1.294,0.0
"BISCUIT, PLN OR BUTMLK, REFRI DOUGH, HIGHER FAT",322.0,6.66,43.27,13.63,7.4,999.0,3.519,0.0
"BISCUITS,PLN OR BTTRMLK,REFR DOUGH,HIGHER FAT,BKD",352.0,7.38,46.63,15.09,8.02,1080.0,3.823,0.0
"BISCUITS,PLN OR BTTRMLK,PREP FROM RECIPE",353.0,7.0,44.6,16.3,2.18,580.0,4.324,0.0
"BREAD,BOSTON BROWN,CANNED",195.0,5.2,43.3,1.5,2.42,631.0,0.282,0.0
"BREAD,CORNBREAD,DRY MIX,ENR (INCL CORN MUFFIN MIX)",418.0,7.0,69.5,12.2,20.34,817.0,3.091,0.0
"BREAD,EGG",283.0,9.5,47.8,6.0,1.78,412.0,1.593,0.0
"BREAD,EGG,TOASTED",315.0,10.5,52.6,6.6,1.94,540.0,1.616,0.0
"BREAD, FRENCH OR VIENNA (INCLUDES SOURDOUGH)",289.0,11.75,56.44,1.83,2.56,513.0,0.497,0.0
"BREAD, FRENCH OR VIENNA, TSTD (IND SOURDOUGH)",319.0,13.0,61.93,2.14,3.59,720.0,0.502,0.0
"BREAD,ITALIAN",271.0,8.8,50.0,3.5,0.83,584.0,0.855,0.0
"BREAD,MULTI-GRAIN (INCLUDES WHOLE-GRAIN)",265.0,13.36,43.34,4.23,6.39,420.0,0.872,0.0
"BREAD,MULTI-GRAIN,TSTD (INCLUDES WHOLE-GRAIN)",288.0,14.52,47.11,4.6,6.94,457.0,0.948,0.0
"BREAD,OAT BRAN",236.0,10.4,39.8,4.4,7.7,407.0,0.697,0.0
"BREAD,OAT BRAN,TOASTED",259.0,11.4,43.7,4.8,8.46,448.0,0.766,0.0
"BREAD,OATMEAL",269.0,8.4,48.5,4.4,8.14,470.0,0.703,0.0
"BREAD,OATMEAL,TOASTED",292.0,9.2,52.7,4.8,8.84,651.0,0.764,0.0
"BREAD,PITA,WHITE,ENRICHED",275.0,9.1,55.7,1.2,1.3,536.0,0.166,0.0
"BREAD,PITA,WHOLE-WHEAT",266.0,9.8,55.0,2.6,0.82,532.0,0.41,0.0
"BREAD,PROT (INCL GLUTEN)",245.0,12.1,43.8,2.2,1.44,478.0,0.332,0.0
"BREAD,PUMPERNICKEL",250.0,8.7,47.5,3.1,0.53,671.0,0.437,0.0
"BREAD,PUMPERNICKEL,TSTD",275.0,9.5,52.2,3.4,0.58,738.0,0.481,0.0
"BREAD,RAISIN,ENRICHED",274.0,7.9,52.3,4.4,5.68,313.0,1.081,0.0
"BREAD,RAISIN,TSTD,ENR",297.0,8.6,56.9,4.8,6.18,424.0,1.175,0.0
"BREAD,RED-CAL,OAT BRAN",201.0,8.0,41.3,3.2,3.52,573.0,0.445,0.0
"BREAD,RED-CAL,OAT BRAN,TSTD",239.0,9.5,49.2,3.8,4.2,418.0,0.53,0.0
"BREAD,REDUCED-CALORIE,RYE",203.0,9.1,40.5,2.9,2.29,513.0,0.368,0.0
"BREAD,RED-CAL,WHEAT",217.0,13.32,42.47,2.92,3.71,332.0,0.84,0.0
"BREAD,RED-CAL,WHITE",207.0,8.7,44.3,2.5,4.76,453.0,0.549,0.0
"BREAD,RICE BRAN",243.0,8.9,43.5,4.6,4.67,303.0,0.709,0.0
"BREAD,RYE",258.0,8.5,48.3,3.3,3.85,660.0,0.626,0.0
"BREAD,RYE,TOASTED",284.0,9.4,53.1,3.6,4.23,725.0,0.688,0.0
"BREAD,WHEAT",270.0,10.37,49.46,3.44,6.08,519.0,0.803,0.0
"BREAD, WHEAT, TSTD",313.0,12.96,55.77,4.27,6.42,611.0,0.989,0.0
"BREAD,WHEAT BRAN",248.0,8.8,47.8,3.4,9.68,486.0,0.779,0.0
"BREAD,WHEAT GERM",261.0,9.6,48.3,2.9,3.73,553.0,0.657,0.0
"BREAD,WHITE,COMMLY PREP (INCL SOFT BREAD CRUMBS)",265.0,9.15,49.06,3.19,5.07,491.0,0.698,0.0
"BREAD,WHITE,COMMLY PREP,TSTD",293.0,9.0,54.4,4.0,4.74,592.0,0.578,0.0
"BREAD,WHOLE-WHEAT,COMM. PREPARED",247.0,12.95,41.29,3.35,5.57,472.0,0.747,0.0
"BREAD, WHOLE-WHEAT, COMMER PREP, TOASTED",306.0,16.27,51.16,4.07,5.77,583.0,0.922,0.0
"BREAD CRUMBS,DRY,GRATED,PLN",395.0,13.35,71.98,5.3,6.2,732.0,1.203,0.0
"BREAD STICKS,PLAIN",412.0,12.0,68.4,9.5,1.26,657.0,1.41,0.0
"BREAD STUFFING,BREAD,DRY MIX",386.0,11.0,76.2,3.4,8.27,1405.0,0.845,0.0
"BREAD STUFFING,BREAD,DRY MIX,PREP",177.0,3.2,21.7,8.6,2.11,524.0,1.734,0.0
"BREAD STUFFING,CORNBREAD,DRY MIX",389.0,10.0,76.7,4.2,4.77,1283.0,0.922,0.0
"BREAD STUFFING,CORNBREAD,DRY MIX,PREP",179.0,2.9,21.9,8.8,3.92,455.0,1.755,0.0
"CAKE,ANGELFOOD,DRY MIX",373.0,8.9,85.1,0.4,44.2,488.0,0.063,0.0
"CAKE,CHOC,DRY MIX,PUDDING-TYPE",396.0,4.6,78.7,9.2,46.01,893.0,1.923,0.0
"CAKE,CHOC,DRY MIX,REG",428.0,5.9,73.0,15.6,38.3,825.0,3.264,0.0
"COFFEECAKE,CINN W/CRUMB TOPPING,DRY MIX",436.0,4.8,77.7,12.0,42.52,596.0,2.957,0.0
"CAKE,GERMAN CHOC,DRY MIX,PUDDING-TYPE",401.0,4.0,80.1,9.5,49.54,813.0,3.205,0.0
"CAKE,GINGERBREAD,DRY MIX",437.0,4.4,74.6,13.8,46.62,657.0,3.46,0.0
"CAKE,MARBLE,DRY MIX,PUDDING-TYPE",416.0,3.4,79.3,11.7,57.59,656.0,2.45,0.0
"CAKE,WHITE,DRY MIX,PUDDING-TYPE,ENR",423.0,3.9,81.0,9.5,48.95,665.0,2.34,0.0
"CAKE,WHITE,DRY MIX,REG",426.0,4.5,78.0,10.9,54.51,664.0,1.643,0.0
"CAKE,YEL,DRY MIX,PUDDING-TYPE",423.0,4.0,79.9,9.8,44.21,687.0,2.472,0.0
"CAKE,YEL,DRY MIX,REG,ENR",432.0,4.4,78.1,11.6,43.33,657.0,1.738,0.0
"COOKIES,ANIMAL CRACKERS (INCL ARROWROOT,TEA BISCUITS,)",446.0,6.9,74.1,13.8,13.93,482.0,3.463,0.0
"COOKIES,CHOCOLATE WAFERS",433.0,6.6,72.4,14.2,29.66,690.0,4.241,0.0
"COOKIES,CHOC SNDWCH,W/CREME FILLING,REG",469.0,5.61,70.67,19.78,41.01,503.0,6.375,0.0
"COOKIES,CHOC SNDWCH,W/CREME FILLING,REG,CHOCOLATE-COATED",481.0,3.6,66.1,26.4,63.4,326.0,7.426,0.0
"COOKIES,CHOC SNDWCH,W/EX CREME FILLING",497.0,4.33,68.2,24.52,46.0,351.0,5.454,0.0
"COOKIES,FIG BARS",348.0,3.7,70.9,7.3,46.36,350.0,1.123,0.0
"COOKIES,FORTUNE",378.0,4.2,84.0,2.7,45.42,274.0,0.669,0.0
"COOKIES,GINGERSNAPS",416.0,5.6,76.9,9.8,19.92,558.0,2.451,0.0
"COOKIES,GRAHAM CRACKERS,PLN OR HONEY (INCL CINN)",423.0,6.9,76.8,10.1,31.1,477.0,1.519,0.0
"COOKIES,GRAHAM CRACKERS,CHOCOLATE-COATED",484.0,5.8,66.5,23.2,41.56,257.0,13.38,0.0
"COOKIES,LADYFINGERS,W/LEMON JUC&RIND",365.0,10.6,59.7,9.1,25.39,147.0,3.069,0.0
"COOKIES,MARSHMLLW,CHOCOLATE-COATED (INCL MARSHMLLW PIES)",421.0,4.0,67.7,16.9,44.8,168.0,4.722,0.0
"COOKIES,MOLASSES",430.0,5.6,73.8,12.8,17.6,459.0,3.212,0.0
"COOKIES,OATMEAL,COMMLY PREP,REG",450.0,6.2,68.7,18.1,24.66,383.0,4.519,0.0
"COOKIES,PNUT BUTTER,COMMLY PREP,REG",477.0,9.6,58.9,23.6,31.83,415.0,4.485,0.0
"COOKIES,PNUT BUTTER SNDWCH,REG",478.0,8.8,65.6,21.1,35.44,368.0,4.995,0.0
"COOKIES,RAISIN,SOFT-TYPE",401.0,4.1,68.0,13.6,47.56,338.0,3.46,0.0
"COOKIES,BROWNIES,DRY MIX,SPL DIETARY,PREP",384.0,3.8,71.3,11.1,0.09,94.0,5.096,0.0
"COOKIES,CHOC CHIP,COMMLY PREP,SPL DIETARY",450.0,3.9,73.4,16.8,39.81,406.0,4.183,0.0
"COOKIES,CHOC SNDWCH,W/CREME FILLING,SPL DIETARY",461.0,4.5,67.7,22.1,23.53,243.0,3.825,0.0
"COOKIES,OATMEAL,COMMLY PREP,SPL DIETARY",449.0,4.8,69.9,18.0,31.65,406.0,2.693,0.0
"COOKIES,SUGAR,COMMLY PREP,SPL DIETARY",431.0,4.1,76.8,13.0,34.17,281.0,1.872,0.0
"COOKIES,SUGAR,COMMLY PREP,REG (INCL VANILLA)",478.0,5.1,67.9,21.1,37.7,357.0,5.435,0.0
"COOKIES,SUGAR,REFR DOUGH",436.0,4.2,59.0,20.7,21.56,422.0,5.265,0.0
"COOKIES,SUGAR,REFR DOUGH,BKD",484.0,4.7,65.6,23.1,23.96,468.0,5.906,0.0
"COOKIES,SUGAR WAFERS W/CREME FILLING,REG",502.0,3.84,70.64,23.24,42.95,103.0,11.899,0.0
"COOKIES,VANILLA SNDWCH W/CREME FILLING",483.0,4.5,72.1,20.0,39.3,349.0,2.979,0.0
"PUFF PASTRY,FRZ,RTB,BKD",558.0,7.4,45.7,38.5,0.75,253.0,5.502,0.0
"COOKIES,VANILLA WAFERS,LOWER FAT",441.0,5.0,73.6,15.2,37.5,388.0,3.838,0.0
"CRACKERS,CHEESE,REGULAR",489.0,10.93,59.42,22.74,4.53,973.0,5.288,0.0
"CRACKERS,CHS,SANDWICH-TYPE W/PNUT BUTTER FILLING",496.0,12.41,56.74,25.12,6.98,913.0,4.406,0.0
"CRACKERS,CRISPBREAD,RYE",366.0,7.9,82.2,1.3,1.07,453.0,0.145,0.0
"CRACKERS,MATZO,PLAIN",395.0,10.0,83.7,1.4,0.29,0.0,0.226,0.0
"CRACKERS,MELBA TOAST,PLN",390.0,12.1,76.6,3.2,0.94,598.0,0.445,0.0
"CRACKERS,MILK",455.0,7.6,69.7,15.8,16.44,592.0,2.633,0.0
"CRACKERS,RYE,WAFERS,PLAIN",334.0,9.6,80.4,0.9,1.01,557.0,0.108,0.0
"CRACKERS,SALTINES (INCL OYSTER,SODA,SOUP)",421.0,9.5,74.34,8.85,2.22,1116.0,2.001,0.0
"CRACKERS,STD SNACK-TYPE,REG",504.0,6.6,61.37,25.83,7.45,865.0,5.4,0.0
"CRACKERS,STD SNACK-TYPE,SNDWCH,W/CHS FILLING",477.0,9.3,61.7,21.1,3.18,888.0,6.125,0.0
"CRACKERS,STD SNACK-TYPE,SNDWCH,W/PNUT BUTTER FILLING",494.0,11.47,58.38,24.54,10.5,901.0,4.913,0.0
"CRACKERS,WHEAT,REGULAR",456.0,8.95,67.35,17.36,13.8,918.0,2.73,0.0
"CRACKERS,WHOLE-WHEAT",427.0,10.58,69.55,14.13,1.19,704.0,2.063,0.0
CRACKER MEAL,383.0,9.3,80.9,1.7,0.33,16.0,0.271,0.0
"CROISSANTS,BUTTER",406.0,8.2,45.8,21.0,11.26,347.0,11.659,0.0
"CROISSANTS,CHEESE",414.0,9.2,47.0,20.9,11.35,361.0,10.628,0.0
"CROUTONS,SEASONED",465.0,10.8,63.5,18.3,4.41,1089.0,5.247,0.0
"DANISH PASTRY,CINN,ENR",403.0,7.0,44.6,22.4,19.78,371.0,5.681,0.0
"DANISH PASTRY,CHEESE",374.0,8.0,37.2,21.9,6.95,322.0,6.794,0.0
"DANISH PASTRY,FRUIT,ENR",371.0,5.4,47.8,18.5,27.53,354.0,4.86,0.0
"DANISH PASTRY,NUT (INCL ALMOND,RAISIN NUT,CINN NUT)",430.0,7.1,45.7,25.2,25.87,298.0,5.821,0.0
"DOUGHNUTS,CAKE-TYPE,PLN (INCLUDES UNSUGARED,OLD-FASHIONED)",418.0,5.87,45.63,23.55,16.28,557.0,7.127,0.0
"DOUGHNUTS,CAKE-TYPE,PLN,CHOCOLATE-COATED OR FRSTD",452.0,4.93,51.33,25.25,26.65,326.0,13.47,0.0
"DOUGHNUTS,CAKE-TYPE,CHOC,SUGARED OR GLAZED",417.0,4.5,57.4,19.9,31.92,397.0,5.132,0.0
"DOUGHNUTS,CAKE-TYPE,WHEAT,SUGARED OR GLAZED",360.0,6.3,42.6,19.3,21.58,427.0,3.023,0.0
"DOUGHNUTS,FRENCH CRULLERS,GLAZED",412.0,3.1,59.5,18.3,35.11,345.0,4.667,0.0
"DOUGHNUTS,YEAST-LEAVENED,W/CREME FILLING",361.0,6.4,30.0,24.5,14.55,309.0,5.43,0.0
"DOUGHNUTS, YEAST-LEAVENED, GLAZED, ENRICHED (INC HONEY BUNS)",399.0,6.21,50.64,19.1,19.52,316.0,5.44,0.0
"DOUGHNUTS,YEAST-LEAVENED,W/JELLY FILLING",340.0,5.9,39.0,18.7,21.1,240.0,4.843,0.0
"ECLAIRS,CUSTARD-FILLED W/CHOC GLAZE,PREP FROM RECIPE",262.0,6.4,24.2,15.7,6.6,337.0,4.119,0.0
"ENGLISH MUFFIN, PLN,ENCHED.W/CA PROP (INCLD SOURDOUGH)",227.0,8.87,44.17,1.69,3.53,362.0,0.733,0.0
"ENGLISH,MUFFIN,PLN,TSTD,ENR,W/CA PROP(INCL SOURDOUGH)",270.0,10.32,52.65,2.02,3.47,477.0,0.533,0.0
"ENGLISH MUFFINS,MIXED-GRAIN (INCL GRANOLA)",235.0,9.1,46.3,1.8,0.81,334.0,0.23,0.0
"ENGLISH MUFFINS,MIXED-GRAIN,TSTD (INCL GRANOLA)",255.0,9.9,50.3,1.9,0.88,453.0,0.25,0.0
"ENGLISH MUFFINS,RAISIN-CINNAMON (INCLUDES APPLE-CINNAMON)",240.0,7.91,48.1,1.8,14.76,277.0,0.54,0.0
"ENGLISH MUFFINS,RAISIN-CINNAMON,TSTD (INCL APPLE-CINNAMON)",276.0,8.87,55.04,2.21,13.34,369.0,0.579,0.0
"ENGLISH MUFFINS,WHEAT",223.0,8.7,44.8,2.0,1.56,382.0,0.287,0.0
"ENGLISH MUFFINS,WHEAT,TSTD",243.0,9.4,48.7,2.1,1.7,415.0,0.312,0.0
"ENGLISH MUFFINS,WHOLE-WHEAT",203.0,8.8,40.4,2.1,8.09,364.0,0.334,0.0
"ENGLISH MUFFINS,WHOLE-WHEAT,TSTD",221.0,9.6,44.1,2.3,8.79,396.0,0.363,0.0
"ICE CRM CONES,CAKE OR WAFER-TYPE",417.0,8.1,79.0,6.9,6.0,256.0,1.222,0.0
"ICE CRM CONES,SUGAR,ROLLED-TYPE",402.0,7.9,84.1,3.8,25.66,251.0,0.573,0.0
"MUFFINS,BLUEBERRY,TOASTER-TYPE",313.0,4.6,53.3,9.5,4.85,247.0,1.398,0.0
"MUFFINS,OAT BRAN",270.0,7.0,48.3,7.4,8.22,393.0,1.087,0.0
"MUFFINS,WHEAT BRAN,TOASTER-TYPE W/RAISINS",295.0,5.2,52.2,8.8,13.98,495.0,1.357,0.0
"PANCAKES PLN,FRZ,RTH (INCLUDES BUTTERMILK)",225.0,5.33,39.29,5.17,9.73,505.0,0.81,0.0
"PANCAKES,PLN,DRY MIX,COMPLETE (INCL BTTRMLK)",368.0,9.77,73.65,3.1,16.03,1082.0,0.822,0.0
"PANCAKES,PLN,DRY MIX,INCOMPLETE (INCL BTTRMLK)",355.0,10.0,73.6,1.7,2.21,1089.0,0.25,0.0
"PANCAKES,BUCKWHEAT,DRY MIX,INCOMPLETE",340.0,10.9,71.3,2.7,7.21,767.0,0.439,0.0
"PIE CRUST,COOKIE-TYPE,PREP FROM RECIPE,GRAHAM CRACKER,BKD",494.0,4.2,65.2,24.9,38.34,571.0,5.196,0.0
"PIE CRUST,STANDARD-TYPE,FRZ,RTB,ENR,BKD",508.0,6.5,56.24,28.59,4.23,467.0,9.277,0.0
"PIE CRUST,STANDARD-TYPE,PREP FROM RECIPE,BKD",527.0,6.4,47.5,34.6,0.17,542.0,8.622,0.0
"PUFF PASTRY,FRZ,RTB",551.0,7.3,45.1,38.1,0.74,249.0,9.643,0.0
PHYLLO DOUGH,299.0,7.1,52.6,6.0,0.18,483.0,1.47,0.0
"ROLLS, DINNER, PLN,COMM PREPARED (INC BROWN -N- SERVE)",310.0,10.86,52.04,6.47,5.55,536.0,1.375,0.0
"ROLLS,DINNER,EGG",307.0,9.5,52.0,6.4,4.3,459.0,1.577,0.0
"ROLLS,DINNER,OAT BRAN",236.0,9.5,40.2,4.6,6.67,413.0,0.619,0.0
"ROLLS,DINNER,RYE",286.0,10.3,53.1,3.4,1.17,650.0,0.605,0.0
"ROLLS,DINNER,WHEAT",273.0,8.6,46.0,6.3,1.63,485.0,1.497,0.0
"ROLLS,DINNER,WHOLE-WHEAT",266.0,8.7,51.1,4.7,8.46,401.0,0.836,0.0
"ROLLS,FRENCH",277.0,8.6,50.2,4.3,0.31,507.0,0.962,0.0
"ROLLS,HAMBURGER OR HOTDOG,PLN",278.0,9.87,50.15,3.76,6.37,500.0,0.885,0.0
"ROLLS,HAMBURGER OR HOTDOG,MIXED-GRAIN",263.0,9.6,44.6,6.0,6.25,458.0,1.39,0.0
"ROLLS,HAMBURGER OR HOTDOG,RED-CAL",196.0,8.3,42.1,2.0,4.76,442.0,0.325,0.0
"ROLLS,HARD (INCL KAISER)",293.0,9.9,52.7,4.3,1.77,544.0,0.606,0.0
"STRUDEL,APPLE",274.0,3.3,41.1,11.2,25.75,157.0,2.044,0.0
"SWEET ROLLS,CINN,COMMLY PREP W/RAISINS",372.0,6.2,50.9,16.4,31.73,304.0,3.079,0.0
"TACO SHELLS, BAKED",467.0,7.08,62.72,20.83,1.23,389.0,6.246,0.0
"TOASTER PASTRIES,FRUIT",391.0,4.67,69.23,10.56,28.59,334.0,2.618,0.0
"TORTILLAS,RTB OR -FRY,CORN",218.0,5.7,44.64,2.85,0.88,45.0,0.453,0.0
"TORTILLAS,RTB OR -FRY,FLR,REFR",301.0,8.0,51.21,6.7,4.39,686.0,1.63,0.0
"WAFFLES,PLN,FRZ,RTH",285.0,6.47,42.98,9.7,4.91,638.0,1.531,0.0
"LEAVENING AGENTS,BAKING PDR,DOUBLE-ACTING,NA AL SULFATE",53.0,0.0,27.7,0.0,0.0,2060.149999999986,0.0,0.0
"LEAVENING AGENTS,BAKING PDR,DOUBLE-ACTING,STRAIGHT PO4",51.0,0.1,24.1,0.0,0.0,2060.149999999986,0.0,0.0
"LEAVENING AGENTS,BAKING PDR,LOW-SODIUM",97.0,0.1,46.9,0.4,0.0,90.0,0.073,0.0
"LEAVENING AGENTS,CRM OF TARTAR",258.0,0.0,61.5,0.0,0.0,52.0,0.0,0.0
"LEAVENING AGENTS,YEAST,BAKER'S,COMPRESSED",105.0,8.4,18.1,1.9,0.0,30.0,0.243,0.0
"LEAVENING AGENTS,YEAST,BAKER'S,ACTIVE DRY",325.0,35.62,41.22,7.61,0.0,51.0,1.001,0.0
"BREAD CRUMBS,DRY,GRATED,SEASONED",383.0,14.13,68.49,5.48,5.74,1759.0,1.391,0.0
"BREAD,PROT,TSTD (INCL GLUTEN)",270.0,13.2,48.1,2.4,1.44,601.0,0.364,0.0
"BREAD,RICE BRAN,TOASTED",264.0,9.7,47.3,5.0,5.08,478.0,0.771,0.0
"BREAD,WHEAT GERM,TOASTED",293.0,10.7,54.3,3.3,4.14,621.0,0.738,0.0
"MUFFINS,BLUEBERRY,TOASTER-TYPE,TSTD",333.0,4.9,56.7,10.1,12.95,509.0,1.551,0.0
"MUFFINS,WHEAT BRAN,TOASTER-TYPE W/RAISINS,TSTD",313.0,5.5,55.5,9.4,23.07,527.0,1.5,0.0
"PIE CRUST,COOKIE-TYPE,PREP FROM RECIPE,CHOC WAFER,CHILLED",506.0,5.1,54.4,31.1,22.1,672.0,6.732,0.0
"PIE CRUST,COOKIE-TYPE,PREP FR RECIPE,GRAHAM CRACKER,CHILLED",484.0,4.1,63.9,24.4,37.57,560.0,5.092,0.0
"PIE CRUST,COOKIE-TYPE,PREP FROM RECIPE,VANILLA WAFER,CHILLED",531.0,3.7,50.2,36.2,7.33,515.0,7.434,0.0
"PIE CRUST,STANDARD-TYPE,PREP FROM RECIPE,UNBAKED",469.0,5.7,42.3,30.8,0.15,482.0,7.674,0.0
"WAFFLES,PLN,FRZ,READY -TO-HEAT,TSTD",312.0,7.19,49.29,9.61,5.02,730.0,1.638,0.0
"BREAD,WHITE,COMMLY PREP,LO NA NO SALT",267.0,8.2,49.5,3.6,4.31,27.0,0.811,0.0
"CRACKERS,SALTINES,LO SALT (INCL OYSTER,SODA,SOUP)",421.0,9.5,74.34,8.85,2.22,198.0,2.001,0.0
"CRACKERS,STD SNACK-TYPE,REG,LO SALT",502.0,7.4,61.0,25.3,1.79,216.0,3.776,0.0
"CRACKERS,WHEAT,LOW SALT",473.0,8.6,64.9,20.6,13.04,190.0,5.178,0.0
"CRACKERS,WHOLE-WHEAT,LO SALT",443.0,8.8,68.6,17.2,0.37,186.0,3.393,0.0
"CRACKERS,CHS,LO NA",503.0,10.1,58.2,25.3,0.28,458.0,9.638,0.0
"CAKE,POUND,COMMLY PREP,FAT-FREE",283.0,5.4,61.0,1.2,34.34,341.0,0.259,0.0
"COOKIES,OATMEAL,COMMLY PREP,FAT-FREE",326.0,5.9,78.6,1.5,41.9,219.0,0.314,0.0
"CRACKERS,SALTINES,FAT-FREE,LOW-SODIUM",393.0,10.5,82.3,1.6,0.38,716.0,0.244,0.0
"BREAKFAST TART,LOFAT",372.0,3.99,76.8,5.99,4.87,301.0,1.393,0.0
"TOASTER PASTRIES,KELLOGG,KELLOGG'S POP TARTS,APPL CINN",395.0,4.4,72.02,10.2,33.7,334.0,1.69,0.0
"TOASTER PASTRIES,KELLOGG,KELLOGG'S POP TARTS,BLUEBERRY",408.0,4.6,68.38,13.3,30.9,350.0,2.02,0.0
"TOASTER PASTRIES,KELLOGG,KELLOGG'S POP TARTS,FRSTD BLUEBERRY",391.0,4.6,71.77,10.0,31.2,320.0,1.98,0.0
"TOASTER PASTRIES,KELLOGG,KELLOGG'S POP TARTS,BRWN SUGAR CINN",438.0,5.4,64.4,18.4,25.4,380.0,2.08,0.0
"TOASTER PASTRIES,KELLOGG,KELLOGG'S POP TRTS,FRSTD BR SGR CIN",422.0,5.0,68.32,14.8,30.8,350.0,2.26,0.0
"TOASTER PASTRIES,KELLOGG,KELLOGG'S POPTARTS,CHERRY",393.0,4.6,71.19,10.4,31.7,423.0,1.67,0.0
"TOASTER PASTRIES,KELLOGG,KELLOGG'S POP TARTS,FRSTD CHERRY",393.0,4.2,71.96,10.2,36.0,320.0,1.94,0.0
"TOASTER PASTRIES,KELLOGG,KELLOGG'S POP TARTS,FRSTD CHOC FUDG",387.0,5.1,71.8,9.3,38.0,440.0,1.9,0.0
"TOASTER PASTRIES,KELLOGG,KELLOG POP TARTS,FRSTD CHOC VAN CRM",391.0,5.0,70.84,10.2,37.3,441.0,1.94,0.0
"TOASTER PASTRIES,KELLOGG,KELLOGG'S POP TARTS,FRSTD GRAPE",391.0,4.4,72.25,9.8,35.4,333.0,1.73,0.0
"TOASTER PASTRIES,KELLOGG,KELLOGG'S POP TARTS,FRSTD RASPBERRY",395.0,4.2,71.54,10.6,35.4,320.0,1.88,0.0
"TOASTER PASTRIES,KELLOGG,KELLOGG'S POP TARTS,S'MORES",392.0,6.2,69.6,10.5,36.5,410.0,2.8,0.0
"TOASTER PASTRIES,KELLOGG,KELLOGG'S POP TARTS,STRAWBERRY",394.0,4.7,71.0,10.5,33.0,355.0,2.9,0.0
"TOASTER PASTRIES,KELLOGG,KELLOG'S POP TARTS,FRSTD STRAWBERRY",390.0,4.4,72.4,9.6,37.5,325.0,2.6,0.0
"TOASTER PASTRIES,KELLOGG,KELLOGG'S POP TARTS,FRSTD WLD BERRY",388.0,4.3,72.9,9.2,38.8,311.0,2.6,0.0
"TSTR PSTRS,KELLOGG,KELLOGG'S LF POP TRTS,FRSTD BRWN SGR CINN",376.0,4.7,78.3,5.5,36.2,419.0,1.2,0.0
"TSTR PSTRS,KELLOGG,KELLOGG'S LF POP TARTS,FRSTD CHOC FUDGE",366.0,5.1,76.0,5.8,36.2,478.0,1.0,0.0
"TOASTER PASTRIES,KELLOGG,KELLOGG'S LF POP TARTS,STRAWBERRY",369.0,4.5,76.6,5.5,35.8,350.0,1.2,0.0
"TSTR PSTRS,KELLOGG,KELLOGG'S LF POP TARTS,FRSTD STRAWBERRY",367.0,4.1,77.5,5.8,39.9,387.0,1.1,0.0
"KELLOGG,KELLOGG'S EGGO,BTTRMLK PANCAKE",233.0,6.0,38.1,6.69,8.2,508.0,1.44,0.0
"KELLOGG,KELLOGG'S EGGO,BANANA BREAD WAFFLES",272.0,6.8,41.6,9.5,6.7,359.0,1.71,0.0
"KELLOGG,KELLOGG'S NUTRI-GRAIN CRL BARS,MXD BERRY",370.0,4.3,72.8,7.6,33.6,284.0,1.5,0.0
KELLOGG'S EGGO LOWFAT HOMESTYLE WAFFLES,236.0,7.06,44.15,3.56,2.92,442.0,0.9,0.0
KELLOGG'S EGGO LOWFAT NUTRI - GRAIN WAFFLES,203.0,6.28,40.27,3.2,5.73,559.0,0.47,0.0
KELLOGG'S EGGO LOWFAT BLUEBERRY NUTRI - GRAIN WAFFLES,208.0,5.95,42.71,2.83,8.89,591.0,0.41,0.0
"KELLOGG'S POP-TARTS PASTRY SWIRLS,APPL CINN DANISH",413.0,4.8,59.7,17.7,17.7,306.0,4.8,0.0
"KELLOGG'S POP-TARTS PASTRY SWIRLS,STRAWBERRY DANISH",410.0,4.8,60.0,17.7,25.8,274.0,4.8,0.0
"KELLOGG'S POP-TARTS PASTRY SWIRLS,CHS DANISH",407.0,4.8,59.1,17.7,19.4,290.0,4.8,0.0
KELLOGG'S EGGO GOLDEN OAT WAFFLES,198.0,6.83,37.52,3.22,3.47,385.0,0.6,0.0
"ARCHWAY HOME STYLE COOKIES,SUGAR FREE OATMEAL",442.0,5.54,67.2,20.92,1.26,308.0,4.9,0.0
"ARCHWAY Home Style Cookies, Chocolate Chip Ice Box",497.0,4.28,65.02,24.4,34.06,270.0,8.08,0.0
"ARCHWAY Home Style Cookies, Coconut Macaroon",460.0,3.02,61.23,22.55,45.16,200.0,20.1,0.0
"ARCHWAY Home Style Cookies, Date Filled Oatmeal",400.0,4.67,68.16,12.05,34.27,331.0,2.76,0.0
"ARCHWAY Home Style Cookies, Dutch Cocoa",431.0,4.5,69.44,14.99,35.35,384.0,3.62,0.0
"ARCHWAY HOME STYLE COOKIES,FROSTY LEMON",430.0,4.41,64.78,17.11,33.35,449.0,5.83,0.0
"ARCHWAY Home Style Cookies, Iced Molasses",420.0,3.5,69.12,14.43,38.43,605.0,4.16,0.0
"ARCHWAY Home Style Cookies, Iced Oatmeal",435.0,4.89,66.76,16.53,37.2,377.0,4.61,0.0
"ARCHWAY Home Style Cookies, Molasses",403.0,4.25,69.41,12.06,36.35,577.0,2.81,0.0
"ARCHWAY Home Style Cookies, Oatmeal",421.0,5.48,68.17,14.08,34.5,394.0,3.2,0.0
"ARCHWAY Home Style Cookies, Oatmeal Raisin",406.0,5.17,69.27,12.08,39.55,339.0,2.75,0.0
"ARCHWAY Home Style Cookies, Old Fashioned Molasses",406.0,4.27,70.55,11.83,36.09,561.0,2.77,0.0
"ARCHWAY Home Style Cookies, Old Fashioned Windmill Cookies",468.0,5.17,72.23,17.55,32.64,471.0,3.75,0.0
"ARCHWAY HOME STYLE COOKIES,PNUT BUTTER",480.0,9.0,58.48,24.28,32.55,404.0,5.39,0.0
"ARCHWAY HOME STYLE COOKIES,RASPBERRY FILLED",400.0,4.35,65.92,13.26,31.76,334.0,5.16,0.0
"ARCHWAY Home Style Cookies, Strawberry Filled",400.0,4.35,65.92,13.26,31.76,377.0,5.16,0.0
"ARCHWAY Home Style Cookies, Reduced Fat Ginger Snaps",424.0,4.67,76.23,11.14,36.28,406.0,2.6,0.0
"KRAFT,STOVE TOP STUFFING MIX CHICKEN FLAVOR",381.0,12.6,73.1,4.1,10.1,1532.0,0.8,0.0
"KEEBLER,KEEBLER CHOC GRAHAM SELECTS",465.0,7.1,71.8,16.6,26.5,357.0,3.15,0.0
"KEEBLER,KEEBLER GOLDEN VANILLA WAFERS,ARTIFICIALLY FLAV",475.0,5.2,69.7,19.5,27.4,386.0,3.609,0.0
"KRUSTEAZ ALMOND POPPYSEED MUFFIN MIX,ARTIFICIALLY FLAV,DRY",418.0,5.6,75.6,10.3,40.0,590.0,2.1,0.0
"MCKEE BAKING,LITTL DEBBI NUT BAR,WAFER W/PNUT BUTE,CHOC COVE",548.0,8.0,55.2,32.8,34.0,223.0,6.29,0.0
"MARTHA WHITE FOODS,MARTHA WHITE'S CHEWY FUDGE BROWNIE MX,DRY",407.0,4.42,83.58,6.16,54.76,457.0,1.7,0.0
"MARTHA WHITE FOODS,MARTHA WHITE'S BTTRMLK BISCUIT MIX,DRY",388.0,7.81,59.41,13.23,4.46,1295.0,4.07,0.0
"NABISCO,NABISCO GRAHAMS CRACKERS",424.0,6.99,76.2,10.0,23.0,659.0,1.56,0.0
"NABISCO,NABISCO OREO CRUNCHIES,COOKIE CRUMB TOPPING",476.0,4.78,70.23,21.5,36.0,528.0,4.14,0.0
"NABISCO,NABISCO RITZ CRACKERS",492.0,7.23,63.51,23.21,8.14,882.0,5.45,0.0
"PILLSBURY,BTTRMLK BISCUITS,ART FLAVOR,REFR DOUGH",234.0,6.25,45.31,3.13,6.25,891.0,0.469,0.0
"PILLSBURY,CHOC CHIP COOKIES,REFR DOUGH",482.0,3.57,60.71,25.0,35.71,304.0,7.143,0.0
"PILLSBURY,CRUSTY FRENCH LOAF,REFR DOUGH",241.0,7.69,46.15,2.89,3.85,577.0,0.962,0.0
"PILLSBURY,TRADITIONAL FUDGE BROWNIE MIX,DRY",441.0,4.8,78.3,12.1,49.6,292.0,2.608,0.0
"PILLSBURY GRANDS,BTTRMLK BISCUITS,REFR DOUGH",317.0,6.9,41.38,13.79,6.9,1034.0,5.172,0.0
"PILLSBURY GOLDEN LAYER BTTRMLK BISCUITS,ART FLAVOR,REFR",307.0,5.88,41.18,13.24,5.88,1059.0,2.941,0.0
"PILLSBURY,CINN ROLLS W/ ICING,REFR DOUGH",330.0,4.55,52.27,11.36,22.73,773.0,3.409,0.0
"HEINZ,WEIGHT WATCHER,CHOC ECLAIR,FRZ",241.0,4.4,40.3,6.9,16.8,300.0,1.4,0.0
"INTERSTATE BRANDS CORP,WONDER HAMBURGER ROLLS",273.0,8.07,50.84,4.15,11.06,488.0,1.013,0.0
"GENERAL MILLS,BETTY CROCKER SUPERMOIST YEL CAKE MIX,DRY",413.0,3.8,81.3,8.1,43.9,672.0,2.28,0.0
"NABISCO,NABISCO SNACKWELL'S FAT FREE DEVIL'S FD COOKIE CAKES",305.0,5.0,74.25,1.09,43.38,174.0,0.427,0.0
"CRACKERS,CHS,SANDWICH-TYPE W/ CHS FILLING",490.0,8.92,58.76,24.41,12.33,878.0,4.81,0.0
"WAFFLES,BTTRMLK,FRZ,RTH",273.0,6.58,41.05,9.22,4.3,621.0,1.89,0.0
"WAFFLE,BTTRMLK,FRZ,RTH,TSTD",309.0,7.42,48.39,9.49,4.41,710.0,2.283,0.0
"WAFFLE,BTTRMLK,FRZ,RTH,MICROWAVED",289.0,6.92,44.16,9.4,4.5,663.0,2.057,0.0
"WAFFLE,PLN,FRZ,RTH,MICROWAVE",298.0,6.71,45.41,9.91,5.04,682.0,1.58,0.0
"PANCAKES,PLN,FRZ,RTH,MICROWAVE(INC BUTTMLK)",239.0,5.88,43.33,4.73,7.06,566.0,0.949,0.0
"TOASTER PASTRIES,FRUIT,FRSTD",391.0,4.23,70.81,10.08,35.52,312.0,2.672,0.0
"TSTR PSTRS,FRT,TSTD (INCL APPL,BLUEBERRY,CHERRY,STRAWBERRY)",409.0,4.7,72.7,11.03,28.99,354.0,2.637,0.0
"MUFFIN,BLUEBERRY,COMMLY PREP,LOW-FAT",255.0,4.23,50.05,4.22,27.05,413.0,1.549,0.0
"PIE CRUST,COOKIE-TYPE,GRAHAM CRACKER,READY CRUST",501.0,5.1,64.3,24.83,18.13,330.0,4.999,0.0
"PIE CRUST,COOKIE-TYPE,CHOC,READY CRUST",484.0,6.08,64.48,22.42,26.31,503.0,4.725,0.0
"CRACKERS,WHOLE-WHEAT,RED FAT",416.0,11.34,75.52,7.59,1.22,745.0,1.067,0.0
"CRACKERS,WHEAT,RED FAT",444.0,9.34,71.52,13.37,15.01,866.0,2.112,0.0
"WAFFLES,CHOC CHIP,FRZ,RTH",279.0,5.71,41.48,10.0,12.86,543.0,3.571,0.0
"BREAD,SALVADORAN SWT CHS (QUESADILLA SALVADORENA)",374.0,7.12,47.84,17.12,24.9,510.0,4.612,0.0
"BREAD,POUND CAKE TYPE,PAN DE TORTA SALVADORAN",390.0,7.06,51.29,17.45,18.1,390.0,3.042,0.0
"BREAD,PAN DULCE,SWT YEAST BREAD",367.0,9.42,56.38,11.58,12.5,228.0,2.183,0.0
"KEIKITOS (MUFFINS),LATINO BAKERY ITEM",467.0,6.81,53.16,25.24,25.81,515.0,,0.0
"CAKE,POUND,BIMBO BAKERIES USA,PANQUE CASERO,HOME BKD STYLE",418.0,6.62,48.94,21.7,28.77,357.0,,0.0
"PAN DULCE,LA RICURA,SALPORA DE ARROZ,COOKIE-LIKE",445.0,8.81,66.28,16.11,21.86,445.0,,0.0
"PASTRY,PASTELITOS DE GUAVA (GUAVA PASTRIES)",379.0,5.48,47.76,18.5,17.0,231.0,5.535,0.0
"CRACKERS,SNACK,GOYA CRACKERS",433.0,14.25,64.35,13.35,2.35,665.0,6.323,0.0
"CRACKERS,CRM,GAMESA SABROSAS",484.0,7.01,64.55,20.37,9.37,1148.0,5.362,0.0
"CRACKERS,CRM,LA MODERNA RIKIS CRM CRACKERS",422.0,7.19,64.88,19.5,10.41,752.0,9.377,0.0
"GARLIC BREAD,FRZ",350.0,8.36,41.72,16.61,3.69,544.0,5.281,0.0
"CINNAMON BUNS,FRSTD (INCLUDES HONEY BUNS)",436.0,4.72,49.59,24.36,25.42,305.0,12.11,0.0
"CRACKERS,CHS,RED FAT",418.0,10.0,68.19,11.67,0.0,1167.0,3.333,0.0
"CRACKERS,SALTINES,WHL WHEAT (INCLUDES MULTI-GRAIN)",398.0,7.14,68.25,10.71,0.0,1214.0,0.0,0.0
"BREAD,WHEAT,WHITE WHEAT",238.0,10.66,43.91,2.15,5.0,478.0,0.63,0.0
"BAGEL,WHEAT",250.0,10.2,48.89,1.53,6.12,439.0,0.0,0.0
"CREAM PUFF,ECLAIR,CUSTARD OR CRM FILLED,ICED",334.0,4.41,37.43,18.52,22.05,265.0,7.055,0.0
"TORTILLAS,RTB OR -FRY,FLR,SHELF STABLE",297.0,8.01,49.27,7.58,2.66,742.0,1.225,0.0
"BREAD,POTATO",266.0,12.5,47.07,3.13,12.5,375.0,0.0,0.0
"BREAD,CHS",408.0,10.42,44.83,20.83,2.08,750.0,6.25,0.0
"FOCACCIA,ITALIAN FLATBREAD,PLN",249.0,8.77,35.82,7.89,1.75,561.0,0.877,0.0
KASHI TLC CRACKERS HONEY SESAME,398.0,8.7,72.2,10.4,16.1,471.0,0.9,0.0
KASHI TLC CRACKERS ORIGINAL 7 GRAIN,404.0,9.1,70.0,11.9,11.1,534.0,1.0,0.0
KASHI TLC CRACKERS COUNTRY CHEDDAR,445.0,9.8,68.0,15.5,3.7,724.0,1.9,0.0
KASHI TLC CRACKERS ASIAGO CHS,409.0,11.0,68.5,12.2,6.7,645.0,1.9,0.0
KASHI BLUEBERRY WAFFLE,192.0,5.7,34.6,7.1,4.6,476.0,0.7,0.0
KASHI H2H WOVEN WHEAT CRACKER ORIGINAL,396.0,10.6,73.4,11.6,0.4,283.0,1.1,0.0
KASHI ORIGINAL WAFFLE,197.0,6.0,35.4,7.4,4.2,479.0,0.7,0.0
KASHI TLC CRACKERS FIRE RSTD VEG,403.0,9.5,70.1,11.6,7.8,686.0,0.9,0.0
KASHI H2H WOVEN WHEAT CRACKER RSTD GARLIC,395.0,10.5,73.2,11.7,0.6,240.0,1.1,0.0
"BEEF JERKY,CHOPD&FORMED",410.0,33.2,11.0,25.6,9.0,2060.149999999986,10.85,0.0
"CORN-BASED,EXTRUDED,CHIPS,PLN",518.0,6.03,63.01,28.41,1.16,545.0,3.612,0.0
"SNACKS,CORN-BASED,EXTRUDED,ONION-FLAVOR",499.0,7.7,65.1,22.6,4.83,950.0,4.34,0.0
"CORN-BASED,EXTRUDED,PUFFS OR TWISTS,CHEESE-FLAVOR",565.0,5.83,52.38,37.11,2.87,910.0,5.658,0.0
"CORNNUTS,PLAIN",446.0,8.5,71.86,15.64,0.61,635.0,2.43,0.0
"FRUIT LEATHER,PIECES",359.0,1.0,82.82,2.68,57.58,403.0,0.65,0.0
"FRUIT LEATHER,ROLLS",371.0,0.1,85.8,3.0,49.16,317.0,0.672,0.0
"GRANOLA BARS,HARD,PLAIN",471.0,10.1,64.4,19.8,28.57,294.0,2.37,0.0
"GRANOLA BARS,HARD,PEANUT",479.0,11.0,63.7,21.4,33.96,278.0,2.52,0.0
"GRANOLA BARS,OATS,FRUITS&NUT",397.0,7.7,77.42,6.3,43.5,251.0,0.73,0.0
"GRANOLA BARS,SOFT,COATD,MILK CHOC COATING,PNUT BUTTER",508.0,10.2,53.4,31.1,23.74,193.0,17.01,0.0
"ORIENTAL MIX,RICE-BASED",506.0,17.31,51.62,25.58,3.0,413.0,3.785,0.0
"SNACKS,GENERAL MILLS,CHEX MIX,TRADITIONAL FLAVOR",424.0,8.83,74.77,10.0,4.85,741.0,1.499,0.0
"POPCORN,AIR-POPPED",387.0,12.94,77.9,4.54,0.87,8.0,0.57,0.0
"POPCORN,OIL-POPPED",583.0,7.29,45.06,43.55,0.46,1058.0,6.82,0.0
"POPCORN,CAKES",384.0,9.7,80.1,3.1,0.72,288.0,0.48,0.0
"POPCORN,CARAMEL-COATED,W/PNUTS",400.0,6.4,80.7,7.8,45.36,295.0,1.04,0.0
"POPCORN,CARAMEL-COATED,WO/PNUTS",431.0,3.8,79.1,12.8,53.19,206.0,3.61,0.0
"PORK SKINS,PLAIN",544.0,35.62,0.0,31.3,0.0,1818.0,11.37,0.0
"POTATO CHIPS,BARBECUE-FLAVOR",490.0,7.7,52.8,32.4,7.05,750.0,8.05,0.0
"POTATO CHIPS,MADE FROM DRIED POTATOES,LT",502.0,4.56,64.9,26.14,0.63,411.0,6.759,0.0
"PRETZELS,HARD,PLN,SALTED",380.0,10.34,79.76,2.63,2.76,1357.0,0.501,0.0
"RICE CAKES,BROWN RICE,PLN",387.0,8.2,81.5,2.8,0.88,326.0,0.57,0.0
"TORTILLA CHIPS,PLAIN",489.0,7.79,65.56,23.36,1.0,421.0,2.81,0.0
"SNACKS,TORTILLA CHIPS,NACHO CHS",514.0,8.15,61.74,26.07,3.79,615.0,3.936,0.0
"SNACKS,TORTILLA CHIPS,RANCH-FLAVOR",501.0,7.19,62.74,24.63,3.03,519.0,3.539,0.0
"CANDIES,TOOTSIE ROLL,CHOCOLATE-FLAVOR ROLL",387.0,1.59,87.73,3.31,56.32,44.0,0.967,0.0
"CANDIES,ALMOND JOY CANDY BAR",479.0,4.13,59.51,26.93,48.34,142.0,17.59,0.0
"CANDIES,NESTLE,BIT-O'-HONEY CANDY CHEWS",375.0,2.0,80.0,7.5,48.0,295.0,5.5,0.0
"CANDIES,NESTLE,BUTTERFINGER BAR",459.0,5.4,72.9,18.9,45.9,230.0,9.5,0.0
"CANDIES,BUTTERSCOTCH",391.0,0.03,89.91319999999989,3.3,70.0,391.0,2.065,0.0
"CANDIES,CAROB,UNSWTND",540.0,8.15,56.29,31.36,34.11,107.0,28.470739999999992,0.0
"CANDIES,CARAMELS",382.0,4.6,77.0,8.1,65.5,245.0,2.476,0.0
"CANDIES,CARAMELLO CANDY BAR",462.0,6.19,63.81,21.19,56.92,122.0,12.72,0.0
"CANDIES, CARAMELS, CHOCOLATE-FLAVOR ROLL",387.0,1.59,87.73,3.31,56.32,44.0,0.967,0.0
"BAKING CHOC,UNSWTND,LIQ",472.0,12.1,36.2,47.7,0.0,12.0,25.29,0.0
"BAKING CHOC,UNSWTND,SQUARES",501.0,12.9,29.84,52.31,0.91,24.0,28.470739999999992,0.0
"CANDIES,CONFECTIONER'S COATING,YOGURT",522.0,5.87,63.94,27.0,62.36,88.0,24.104,0.0
"CANDIES,SEMISWEET CHOC",480.0,4.2,63.9,30.0,54.5,11.0,17.75,0.0
"CANDIES,SWEET CHOCOLATE",507.0,3.9,60.4,34.2,51.48,16.0,20.08,0.0
"CANDIES,SWT CHOC COATD FONDANT",366.0,2.2,80.4,9.3,70.0,26.0,5.46,0.0
"CANDIES,HERSHEY'S GOLDEN ALMOND SOLITAIRES",570.0,11.97,46.91,37.13,37.13,52.0,15.23,0.0
"CANDIES,CONFECTIONER'S COATING,BUTTERSCOTCH",539.0,2.2,67.1,29.05,67.1,89.0,24.1,0.0
"CANDIES,CONFECTIONER'S COATING,PNUT BUTTER",529.0,18.3,46.88,29.8,38.3,250.0,13.12,0.0
"CANDIES,WHITE CHOC",539.0,5.87,59.24,32.09,59.0,90.0,19.412,0.0
"ICE CREAMS,VANILLA,LT",180.0,4.78,29.46,4.83,22.12,74.0,2.927,0.0
"ICE CREAMS,VANILLA,RICH",249.0,3.5,22.29,16.2,20.65,61.0,10.329,0.0
"ICE CREAMS,FRENCH VANILLA,SOFT-SERVE",222.0,4.1,22.2,13.0,21.16,61.0,7.48,0.0
"CANDIES,YORK PEPPERMINT PATTIE",384.0,2.19,80.99,7.17,63.78,28.0,4.34,0.0
"CANDIES,TWIZZLERS NIBS CHERRY BITS",347.0,2.3,79.37,2.64,51.35,195.0,0.54,0.0
"CANDIES,SYMPHONY MILK CHOC BAR",531.0,8.51,58.01,30.57,53.96,101.0,18.34,0.0
"DESSERTS,FLAN,CARAMEL CUSTARD,PREPARED-FROM-RECIPE",145.0,4.53,22.78,4.03,23.15,53.0,1.799,0.0
"ICE CREAMS,VANILLA",207.0,3.5,23.6,11.0,21.22,80.0,6.79,0.0
"ICE CREAMS,VANILLA,LT,SOFT-SERVE",126.0,4.9,21.8,2.6,18.69,70.0,1.63,0.0
"SHERBET,ORANGE",144.0,1.1,30.4,2.0,24.32,46.0,1.16,0.0
"CANDIES,5TH AVENUE CANDY BAR",482.0,8.78,62.68,23.98,47.19,225.0,6.65,0.0
"CANDIES,FONDANT,PREPARED-FROM-RECIPE",373.0,0.0,89.91319999999989,0.02,70.0,11.0,0.0,0.0
"CANDIES,FUDGE,CHOC,PREPARED-FROM-RECIPE",411.0,2.39,76.44,10.41,70.0,45.0,6.448,0.0
"CANDIES,FUDGE,CHOC,W/ NUTS,PREPARED-FROM-RECIPE",461.0,4.38,67.93,18.93,63.37,39.0,6.489,0.0
"CANDIES,FUDGE,PNUT BUTTER,PREPARED-FROM-RECIPE",387.0,3.78,77.75,6.59,70.0,118.0,1.721,0.0
"CANDIES,FUDGE,VANILLA,PREPARED-FROM-RECIPE",383.0,1.05,82.15,5.45,70.0,47.0,3.382,0.0
"CANDIES,FUDGE,VANILLA W/ NUTS",435.0,3.0,74.61,13.69,70.0,42.0,3.828,0.0
"CANDIES,NESTLE,GOOBERS CHOC COVERED PNUTS",512.0,9.7,53.0,34.0,43.0,36.0,12.1,0.0
"CANDIES,GUMDROPS,STARCH JELLY PIECES",396.0,0.0,89.91319999999989,0.0,58.97,44.0,0.0,0.0
"CANDIES,HARD",394.0,0.0,89.91319999999989,0.2,62.9,38.0,0.0,0.0
"CANDIES,JELLYBEANS",375.0,0.0,89.91319999999989,0.05,70.0,50.0,0.0,0.0
"CANDIES,KIT KAT WAFER BAR",518.0,6.51,64.59,25.99,48.68,54.0,17.953,0.0
"CANDIES,KRACKEL CHOC BAR",512.0,6.62,63.96,26.58,52.53,196.0,15.92,0.0
"CANDIES,NESTLE,BABY RUTH BAR",459.0,5.4,64.8,21.6,54.0,230.0,12.1,0.0
"CANDIES,TWIZZLERS STRAWBERRY TWISTS CANDY",350.0,2.56,79.74,2.32,39.64,287.0,0.0,0.0
"ICE CREAMS,CHOC,LT",187.0,5.0,25.7,7.19,24.71,71.0,4.38,0.0
"CANDIES,MARS SNACKFOOD US,MARS ALMOND BAR",467.0,8.1,62.7,23.0,52.1,170.0,7.268,0.0
"CANDIES,MARSHMALLOWS",318.0,1.8,81.3,0.2,57.56,80.0,0.056,0.0
"CANDIES,NESTLE,OH HENRY! BAR",462.0,7.7,65.5,23.0,46.2,193.0,9.6,0.0
"CANDIES,NESTLE,CHUNKY BAR",475.0,7.5,60.0,27.5,52.5,38.0,12.5,0.0
"CANDIES,MILK CHOC",535.0,7.65,59.4,29.66,51.5,79.0,18.509,0.0
"BAKING CHOC,MEXICAN,SQUARES",426.0,3.64,77.41,15.59,69.4,3.0,8.606,0.0
CHOCOLATE-FLAVORED HAZELNUT SPRD,541.0,5.41,62.16,29.73,54.05,41.0,28.423,0.0
"CANDIES,MILK CHOC COATD PNUTS",519.0,13.1,49.7,33.5,37.59,41.0,14.6,0.0
"CANDIES,MILK CHOC COATD RAISINS",390.0,4.1,68.4,14.8,62.22,36.0,10.272,0.0
"SYRUPS,TABLE BLENDS,PANCAKE,RED-CAL",165.0,0.0,44.55,0.0,32.8,178.0,0.0,0.0
"SYRUPS,TABLE BLENDS,PANCAKE",234.0,0.0,61.47,0.0,21.47,82.0,0.0,0.0
"CANDIES,HERSHEY'S POT OF GOLD ALMOND BAR",577.0,12.82,46.15,38.46,38.46,64.0,16.667,0.0
"CANDIES,MILK CHOC,W/ALMONDS",526.0,9.0,53.4,34.4,43.9,74.0,17.701,0.0
"CANDIES,MILK CHOC,W/RICE CRL",511.0,7.64,59.67,29.37,51.06,86.0,15.89,0.0
"CANDIES,MARS SNACKFOOD US,MILKY WAY BAR",456.0,4.01,71.17,17.23,59.69,167.0,12.016,0.0
"CANDIES,SKOR TOFFEE BAR",535.0,3.13,61.72,32.18,59.89,317.0,18.78,0.0
"TOPPINGS,STRAWBERRY",254.0,0.2,66.3,0.1,27.38,21.0,0.005,0.0
"CANDIES,TRUFFLES,PREPARED-FROM-RECIPE",510.0,6.21,44.88,33.76,38.31,68.0,18.488,0.0
"BAK CHOC,MARS SNACKFOOD US,M&M'S SEMISWT CHOC MINI BAK BITS",517.0,4.44,65.96,26.15,53.07,2.0,15.618,0.0
"CANDIES,MARS SNACKFOOD US,M&M'S PNUT CHOC CANDIES",515.0,9.57,60.48,26.13,50.75,50.0,10.169,0.0
"CANDIES,MARS SNACKFOOD US,M&M'S MILK CHOC CANDIES",492.0,4.33,71.19,21.13,63.68,61.0,13.08,0.0
"CANDIES,MOUNDS CANDY BAR",486.0,4.6,58.59,26.6,46.19,145.0,20.58,0.0
"CANDIES,MR. GOODBAR CHOC BAR",538.0,10.22,54.34,33.21,47.22,41.0,14.13,0.0
"CANDIES,NESTLE,100 GRAND BAR",468.0,2.5,70.97,19.33,51.9,203.0,11.9,0.0
"CANDIES,NESTLE,CRUNCH BAR&DSSRT TOPPING",500.0,5.0,67.0,26.0,55.0,150.0,16.0,0.0
"BAKING CHOC,MARS SNACKFOOD US,M&M'S MILK CHOC MINI BAK BITS",502.0,4.78,68.4,23.36,62.54,68.0,14.466,0.0
"CANDIES,PEANUT BAR",522.0,15.5,47.4,33.7,42.22,156.0,4.678,0.0
"CANDIES,PNUT BRITTLE,PREPARED-FROM-RECIPE",486.0,7.57,71.24,18.98,51.33,445.0,4.144,0.0
"CANDIES,NESTLE,RAISINETS CHOC COVERED RAISINS",422.0,4.4,71.0,17.0,59.0,33.0,11.0,0.0
"CANDIES,REESE'S PNUT BUTTER CUPS",515.0,10.24,55.36,30.53,47.17,357.0,10.73,0.0
"CANDIES,REESE'S PIECES CANDY",497.0,12.46,59.86,24.77,53.25,194.0,16.42,0.0
"CANDIES,ROLO CARAMELS IN MILK CHOC",474.0,5.08,67.95,20.93,63.93,188.0,14.542,0.0
"CANDIES,NESTLE,AFTER EIGHT MINTS",432.0,1.67,79.53,11.9,66.6,1.0,8.33,0.0
"CANDIES,SESAME CRUNCH",516.0,11.6,50.3,33.3,31.17,167.0,4.662,0.0
"CANDIES,MARS SNACKFOOD US,SNICKERS BAR",491.0,7.53,61.51,23.85,50.47,239.0,9.069,0.0
"CANDIES,MARS SNACKFOOD US,STARBURST FRUIT CHEWS,ORIG FRUIT",408.0,0.41,82.57,8.21,58.12,2.0,7.778,0.0
"CANDIES,MARS SNACKFOOD US,M&M'S MINIS MILK CHOC CANDIES",502.0,4.78,68.4,23.36,62.54,68.0,14.466,0.0
"CANDIES,MARS SNACKFOOD US,3 MUSKETEERS BAR",436.0,2.6,77.77,12.75,66.89,194.0,8.646,0.0
"CANDIES,MARS SNACKFOOD US,TWIX CARAMEL COOKIE BARS",502.0,4.91,64.8,24.85,48.25,198.0,18.96,0.0
"CANDIES,MARS SNACKFOOD US,TWIX PNUT BUTTER COOKIE BARS",536.0,9.18,54.15,32.67,36.13,226.0,15.758,0.0
"CANDIES,WHATCHAMACALLIT CANDY BAR",494.0,8.04,63.23,23.68,48.86,299.0,17.04,0.0
CHEWING GUM,360.0,0.0,89.91319999999989,0.3,66.08,1.0,0.042,0.0
"CANDIES,SPL DK CHOC BAR",556.0,5.54,60.49,32.4,47.56,6.0,,0.0
"COCOA,DRY PDR,UNSWTND",228.0,19.6,57.9,13.7,1.75,21.0,8.07,0.0
"COCOA,DRY PDR,UNSWTND,PROC W/ALKALI",220.0,18.1,58.3,13.1,1.76,19.0,7.76,0.0
"DESSERTS,EGG CUSTARD,BKD,PREPARED-FROM-RECIPE",104.0,5.02,11.0,4.58,11.0,61.0,2.164,0.0
"EGG CUSTARDS,DRY MIX,PREP W/ WHL MILK",122.0,3.99,17.6,4.0,4.82,84.0,2.032,0.0
"COCOA,DRY PDR,UNSWTND,HERSHEY'S EUROPEAN STYLE COCOA",400.0,20.0,60.0,10.0,0.0,0.0,0.0,0.0
"GELATIN DSSRT,DRY MIX",381.0,7.8,89.91319999999989,0.0,70.0,466.0,0.0,0.0
"GELATIN DSSRT,DRY MIX,PREP W/ H2O",62.0,1.22,14.19,0.0,13.49,75.0,0.0,0.0
"GELATIN DSSRT,DRY MIX,RED CAL,W/ ASPRT",198.0,15.67,80.21,0.0,0.0,862.0,0.0,0.0
"GELATIN DSSRT,DRY MIX,RED CAL,W/ ASPRT,PREP W/ H2O",20.0,0.83,4.22,0.0,0.0,48.0,0.0,0.0
"GELATINS,DRY PDR,UNSWTND",335.0,35.62,0.0,0.1,0.0,196.0,0.07,0.0
"CANDIES,YORK BITES",394.0,1.78,81.64,7.32,70.0,46.0,4.43,0.0
"DESSERTS,MOUSSE,CHOC,PREPARED-FROM-RECIPE",225.0,4.14,16.07,16.0,14.81,38.0,9.151,0.0
"PUDDINGS,CHOC,RTE",142.0,2.09,23.01,4.6,17.17,152.0,1.263,0.0
"PUDDINGS,CHOC,DRY MIX,INST",378.0,2.3,87.9,1.9,67.86,1429.0,0.825,0.0
"DESSERTS,APPL CRISP,PREPARED-FROM-RECIPE",161.0,1.75,30.84,3.43,19.68,351.0,0.685,0.0
"DESSERTS,PUDD,CHOC,DRY MIX,REG",362.0,2.6,89.3,2.1,42.88,353.0,1.234,0.0
"PUDDINGS,CHOC,DRY MIX,INST,PREP W/ WHOLE MILK",120.0,3.16,19.64,3.15,11.96,98.0,1.81,0.0
"PUDDINGS,CHOC,DRY MIX,REG,PREP W/ 2% MILK",111.0,3.28,19.76,2.06,11.85,102.0,1.289,0.0
"PUDDINGS,RICE,RTE",118.0,3.53,19.4,2.65,14.11,123.0,1.764,0.0
"PUDDINGS,TAPIOCA,DRY MIX",369.0,0.1,89.91319999999989,0.1,65.0,477.0,,0.0
"PUDDINGS,VANILLA,RTE",130.0,1.45,22.6,3.78,16.97,142.0,1.016,0.0
"PUDDINGS,VANILLA,DRY MIX,INST",377.0,0.0,89.91319999999989,0.6,70.0,1441.0,0.432,0.0
"PUDDINGS,VANILLA,DRY MIX,INST,PREP W/ WHL MILK",114.0,2.7,19.7,2.9,18.03,286.0,1.74,0.0
"EGG CUSTARDS,DRY MIX,PREP W/ 2% MILK",112.0,4.13,17.61,2.83,4.63,87.0,1.475,0.0
"PUDDINGS,VANILLA,DRY MIX,REG",379.0,0.3,89.91319999999989,0.4,70.0,635.0,0.09,0.0
"PUDDINGS,VANILLA,DRY MIX,REG,PREP W/ WHL MILK",113.0,2.8,18.92,2.9,17.09,156.0,1.643,0.0
"CANDIES,PRALINE,PREPARED-FROM-RECIPE",485.0,3.3,59.59,25.9,55.79,48.0,2.224,0.0
"PUDDINGS,TAPIOCA,RTE",130.0,1.95,21.69,3.88,14.91,145.0,0.962,0.0
"FROSTINGS,CHOC,CREAMY,RTE",397.0,1.1,63.2,17.6,57.7,183.0,5.526,0.0
"FROSTINGS,COCONUT-NUT,RTE",433.0,1.5,52.7,24.0,40.0,195.0,8.631,0.0
"FROSTINGS,CRM CHEESE-FLAVOR,RTE",415.0,0.1,67.32,17.3,63.54,191.0,4.545,0.0
"FROSTINGS,VANILLA,CREAMY,RTE",418.0,0.0,67.89,16.23,63.1,184.0,2.974,0.0
"PUDDINGS,VANILLA,RTE,FAT FREE",89.0,2.02,20.16,0.0,15.12,191.0,0.0,0.0
"PUDDINGS,TAPIOCA,RTE,FAT FREE",94.0,1.44,21.31,0.35,14.18,187.0,0.122,0.0
"PUDDINGS,CHOC,RTE,FAT FREE",93.0,1.93,20.87,0.3,15.75,110.0,0.0,0.0
"CANDIES,HERSHEY'S MILK CHOC W/ ALMOND BITES",550.0,9.76,51.0,35.73,44.59,74.0,17.39,0.0
"CANDIES,REESE'S BITES",521.0,11.34,55.18,29.85,48.03,179.0,18.0,0.0
"CANDIES,REESE'S NUTRAGEOUS CANDY BAR",517.0,11.28,52.8,32.09,40.22,141.0,8.86,0.0
"FROSTINGS,CHOC,CREAMY,DRY MIX,PREP W/ BUTTER",408.0,1.11,71.8,13.06,0.01,124.0,8.369,0.0
"CANDIES,HEATH BITES",530.0,3.94,63.39,30.38,60.02,245.0,15.62,0.0
"CANDIES,HERSHEY'S,ALMOND JOY BITES",563.0,5.58,57.54,34.5,51.71,39.0,20.6,0.0
"CANDIES,HERSHEY,REESESTICKS CRISPY WAFERS,PNUT BUT,MILK CHOC",521.0,9.53,55.38,31.34,40.33,264.0,13.21,0.0
"CANDIES,HERSHEY,KIT KAT BIG KAT BAR",520.0,6.24,63.64,27.84,53.96,64.0,17.99,0.0
"CANDIES,REESE'S,FAST BREAK,MILK CHOC PNT BTR & SFT NUGTS",474.0,8.66,61.6,23.42,53.08,330.0,8.23,0.0
"CANDIES,MARS SNACKFOOD US,DOVE MILK CHOC",546.0,5.94,59.78,31.72,55.45,63.0,19.24,0.0
"CANDIES,MARS SNACKFOOD US,DOVE DK CHOC",520.0,5.19,59.4,32.45,46.27,4.0,19.209,0.0
"CANDIES,MARS SNACKFOOD US,MILKYWAYCARAML,MILKCHOCOV",463.0,4.28,68.49,19.17,58.65,273.0,13.157,0.0
"CANDIES,MARS SNACKFOOD US,MILKY WAY CARML. DKCHOCCOV",458.0,3.82,67.56,20.42,54.08,246.0,13.814,0.0
"ICE CREAMS,VANILLA,LT,NO SUGAR ADDED",169.0,3.97,21.42,7.45,6.46,96.0,4.048,0.0
"FROZEN NOVELTIES,FRUIT & JUC BARS",87.0,1.2,20.2,0.1,17.48,4.0,0.0,0.0
"ICE CREAMS,CHOC,LT,NO SUGAR ADDED",173.0,3.54,26.79,5.74,5.65,75.0,3.61,0.0
"CANDIES,DK CHOC COATD COFFEE BNS",540.0,7.5,59.95,30.0,42.5,25.0,15.0,0.0
"SNACKS,GENERAL MILLS,BETTY CROCKER FRT RL UPS,BRY FLV,W/VT C",373.0,0.1,85.2,3.5,38.7,317.0,0.99,0.0
"ICE CREAMS,CHOC",216.0,3.8,28.2,11.0,25.36,76.0,6.8,0.0
"CANDIES,MILK CHOC COATD COFFEE BNS",549.0,7.41,55.25,33.18,50.75,70.0,18.138,0.0
"FROZEN NOVELTIES,ICE TYPE,LIME",128.0,0.4,32.6,0.0,32.6,22.0,0.0,0.0
"FROZEN NOVELTIES,ICE TYPE,POP",79.0,0.0,19.23,0.24,13.66,7.0,0.013,0.0
"CANDIES,MARS SNACKFOOD US,M&M'S CRISPY CHOC CANDIES",475.0,4.28,72.4,19.32,58.94,136.0,11.651,0.0
"FROZEN YOGURTS,VANILLA,SOFT-SERVE",159.0,4.0,24.2,5.6,24.0,87.0,3.42,0.0
"FRUIT BUTTERS,APPLE",173.0,0.39,42.47,0.3,35.3,15.0,0.053,0.0
"CANDIES,MARS SNACKFOOD US,SNICKERS MUNCH BAR",536.0,15.25,43.64,36.22,30.87,358.0,8.819,0.0
HONEY,304.0,0.3,82.4,0.0,70.0,4.0,0.0,0.0
JAMS AND PRESERVES,278.0,0.37,68.86,0.07,48.5,32.0,0.01,0.0
JELLIES,266.0,0.15,69.95,0.02,51.22,30.0,0.005,0.0
"CANDIES,MARS SNACKFOOD US,SNICKERS ALMOND BAR",472.0,5.4,64.67,22.4,53.93,156.0,8.534,0.0
"MARMALADE,ORANGE",246.0,0.3,66.3,0.0,60.0,56.0,0.0,0.0
MOLASSES,290.0,0.0,74.73,0.1,55.49,37.0,0.018,0.0
"CANDIES,MARS SNACKFOOD US,POP SNICKERS BITE SIZE CANDIES",480.0,7.15,61.07,24.32,51.69,224.0,9.891,0.0
"CANDIES,MARS SNACKFOOD US,POP MILKY WAY BITE SIZE",463.0,3.3,71.85,18.0,61.08,146.0,8.889,0.0
"CANDIES,MARS SNACK US,POP'ABLES 3 MUSKETEERS BITE SIZE",443.0,2.59,75.94,15.17,67.0,172.0,9.921,0.0
"CANDIES,MARS SNACK US,STARBURST FRUIT CHEWS,FRT&CREM",408.0,0.41,82.43,8.36,57.98,2.0,7.931,0.0
"PIE FILLINGS,APPL,CND",100.0,0.1,26.1,0.1,13.8,47.0,0.0,0.0
"CANDIES,MARS SNACKFOOD US,STARBURST FRUIT CHEWS,TROP",409.0,0.41,82.76,8.31,58.18,2.0,8.048,0.0
"CANDIES,MARS SNACKFOOD US,STARBURST SOUR FRUIT CHEWS",400.0,0.39,79.73,7.78,56.1,89.0,7.52,0.0
"PUDDINGS,BANANA,DRY MIX,INST",367.0,0.0,89.91319999999989,0.6,70.0,1499.0,0.09,0.0
"PUDDINGS,BANANA,DRY MIX,INST,PREP W/ WHL MILK",115.0,2.62,19.76,2.8,17.38,290.0,1.562,0.0
"PUDDINGS,BANANA,DRY MIX,REG",366.0,0.0,89.91319999999989,0.4,70.0,788.0,0.09,0.0
"PUDDINGS,BANANA,DRY MIX,REG,PREP W/ WHL MILK",111.0,2.74,18.44,2.89,15.98,158.0,1.634,0.0
"DESSERTS,PUDD,COCNT CRM,DRY MIX,INST",415.0,0.9,83.5,10.0,64.0,1040.0,10.0,0.0
"PUDDINGS,COCNT CRM,DRY MIX,REG",434.0,1.0,81.84,11.36,70.0,682.0,11.364,0.0
"CANDIES,MARS SNACKFOOD US,COCOAVIA CHOC BAR",539.0,5.81,62.99,29.3,39.19,7.0,15.703,0.0
"CANDIES,MARS SNACK US,COCOAVIA BLUEBERRY & ALMOND CHOC BAR",525.0,6.35,60.37,28.68,38.99,8.0,13.07,0.0
"CANDIES,MARS SNACKFOOD US,COCOAVIA CRISPY CHOC BAR",517.0,8.21,62.06,26.23,34.96,40.0,14.007,0.0
"PUDDING,LEMON,DRY MIX,REG,PREP W/ SUGAR,EGG YOLK & H2O",109.0,0.65,24.2,1.12,13.51,63.0,0.382,0.0
"SUGARS,BROWN",380.0,0.12,89.91319999999989,0.0,70.0,28.0,0.0,0.0
"SUGARS,GRANULATED",387.0,0.0,89.91319999999989,0.0,70.0,1.0,0.0,0.0
"SUGARS,POWDERED",389.0,0.0,89.91319999999989,0.0,70.0,2.0,0.0,0.0
"SWEETENERS,TABLETOP,ASPRT,EQ,PACKETS",365.0,2.17,89.08,0.0,70.0,0.0,0.0,0.0
"SUGARS,MAPLE",354.0,0.1,89.91319999999989,0.2,70.0,11.0,0.036,0.0
"SYRUPS,CHOC,HERSHEY'S GENUINE CHOC FLAV LITE SYRUP",153.0,1.4,34.56,0.97,28.57,100.0,0.0,0.0
"SYRUPS,CHOC,FUDGE-TYPE",350.0,4.6,62.9,8.9,34.82,346.0,3.98,0.0
"SYRUPS,CORN,DK",286.0,0.0,77.59,0.0,26.7,155.0,0.0,0.0
"SYRUPS,CORN,LT",283.0,0.0,76.79,0.2,26.77,62.0,0.0,0.0
"SYRUPS,CORN,HIGH-FRUCTOSE",281.0,0.0,76.0,0.0,26.36,2.0,0.0,0.0
"SYRUPS,MALT",318.0,6.2,71.3,0.0,70.0,35.0,0.0,0.0
"SYRUPS,MAPLE",260.0,0.04,67.04,0.06,60.44,12.0,0.007,0.0
"SYRUPS,SORGHUM",290.0,0.0,74.9,0.0,70.0,8.0,0.0,0.0
"CANDIES,MARS SNACKFOOD US,SNICKERS CRUNCHER",488.0,6.86,62.85,24.38,46.54,189.0,12.703,0.0
"SYRUPS,TABLE BLENDS,PANCAKE,W/2% MAPLE",265.0,0.0,69.6,0.1,42.0,61.0,0.018,0.0
"SYRUPS,TABLE BLENDS,CANE&15% MAPLE",278.0,0.0,69.52,0.1,68.2,104.0,0.02,0.0
"CANDIES,MARS SNACKFOOD US,SKITTLES WILD BERRY BITE SIZE",402.0,0.19,89.91319999999989,4.25,70.0,15.0,4.115,0.0
"TOPPINGS,MARSHMLLW CRM",322.0,0.8,79.0,0.3,46.8,80.0,0.056,0.0
"TOPPINGS,PINEAPPLE",253.0,0.1,66.4,0.1,21.01,42.0,0.018,0.0
"TOPPINGS,NUTS IN SYRUP",448.0,4.5,58.08,22.0,36.72,42.0,1.96,0.0
"CANDIES,MARS SNACKFOOD US,SKITTLES TROPICAL BITE SIZE CAND",405.0,0.19,89.91319999999989,4.34,70.0,15.0,,0.0
"CANDIES,MARS SNACKFOOD US,SKITTLES SOURS ORIGINAL",401.0,0.18,89.91319999999989,4.0,70.0,14.0,3.765,0.0
"CANDIES,MARS SNACKFOOD US,SKITTLES ORIGINAL BITE SIZE CAND",405.0,0.19,89.91319999999989,4.37,70.0,15.0,4.115,0.0
"FROSTINGS,GLAZE,PREPARED-FROM-RECIPE",341.0,0.44,83.65,0.53,70.0,6.0,0.271,0.0
"CANDIES,FUDGE,CHOC MARSHMLLW,PREPARED-FROM-RECIPE",453.0,2.26,71.34,17.48,64.06,85.0,10.669,0.0
"CANDIES,TAFFY,PREPARED-FROM-RECIPE",397.0,0.03,89.91319999999989,3.33,68.48,52.0,2.049,0.0
"CANDIES,TOFFEE,PREPARED-FROM-RECIPE",560.0,1.07,64.72,32.75,63.47,135.0,20.565,0.0
"CANDIES,DIVINITY,PREPARED-FROM-RECIPE",364.0,1.32,89.05,0.06,70.0,34.0,0.0,0.0
BANANA CHIPS,519.0,2.3,58.4,33.6,35.34,6.0,28.470739999999992,0.0
"GRANOLA BARS,SOFT,UNCOATED,CHOC CHIP",418.0,5.65,70.2,16.57,28.92,179.0,6.061,0.0
"FROSTING,GLAZ,CHC,PREP-FRM-RCIP,W/ BUTR,NFSMI RECIP NO. C-32",359.0,1.42,72.18,7.17,64.3,132.0,4.483,0.0
"SNACK,POTATO CHIPS,MADE FROM DRIED POTATOES,PLN",559.0,4.45,52.02,38.41,1.14,388.0,9.492,0.0
"POTATO CHIPS,PLAIN,SALTED",542.0,6.56,50.81,36.4,0.37,480.0,4.014,0.0
"SNACKS,POTATO STKS",522.0,6.7,53.3,34.4,0.22,633.0,8.88,0.0
"SESAME STKS,WHEAT-BASED,SALTED",541.0,10.9,46.5,36.7,0.19,1488.0,6.48,0.0
CORN CAKES,387.0,8.1,83.4,2.4,23.47,488.0,0.42,0.0
"SNACKS,POTATO CHIPS,RED FAT",471.0,7.1,66.9,20.8,0.22,492.0,4.16,0.0
"SNACKS,POTATO CHIPS,FAT-FREE,MADE W/OLESTRA",274.0,7.74,65.0,0.7,0.0,554.0,0.24,0.0
"TORTILLA CHIPS,LOFAT,BKD WO/FAT",415.0,11.0,80.0,5.7,0.67,419.0,0.85,0.0
"CHEESE PUFFS & TWISTS,CORN BSD,BKD,LOFAT",432.0,8.5,72.35,12.1,7.29,847.0,2.1,0.0
"SNACKS,GRANOLA BAR,FRUIT-FILLED,NONFAT",342.0,5.9,77.6,0.9,55.34,24.0,0.2,0.0
"POPCORN,SUGAR SYRUP/CARAMEL,FAT-FREE",381.0,2.0,89.91319999999989,1.4,64.68,286.0,0.2,0.0
"POTATO CHIPS,FAT FREE,SALTED",379.0,9.64,83.76,0.6,3.69,643.0,0.15,0.0
"SNACKS,M&M MARS,KUDOS WHL GRAIN BARS,CHOC CHIP",420.0,4.47,72.31,13.02,38.78,246.0,4.701,0.0
"SNACKS,KELLOGG'S,NUTRI-GRAIN CRL BARS,FRUIT",376.0,5.41,70.33,8.11,32.43,283.0,1.215,0.0
"SNACKS,TORTILLA CHIPS,LOFAT,MADE W/OLESTRA,NACHO CHS",318.0,8.44,65.22,3.53,2.82,602.0,1.054,0.0
"SNACKS,POTATO CHIPS,FRM DRIED POTATOES,FAT-FREE,W/ OLESTRA",253.0,5.06,56.0,0.93,0.59,429.0,0.355,0.0
TARO CHIPS,498.0,2.3,68.1,24.9,3.82,342.0,6.43,0.0
"JAMS&PRESERVES,APRICOT",242.0,0.7,64.4,0.2,43.4,40.0,0.01,0.0
"SNACKS,CORN-BASED,EXTRDD,PUFFS OR TWISTS,CHEESE-FLAVOR,UNENR",558.0,5.76,54.1,35.76,2.76,896.0,5.512,0.0
"POTATO CHIPS,PLN,UNSALTED",536.0,7.0,52.9,34.6,0.22,8.0,10.96,0.0
"SNACKS,PRETZELS,HARD,PLN,MADE W/ ENR FLR,UNSALTED",381.0,9.1,79.2,3.5,2.21,289.0,0.75,0.0
"RICE CAKES,BROWN RICE,PLN,UNSALTED",387.0,8.2,81.5,2.8,0.88,26.0,0.57,0.0
"POTATO CHIPS,WO/SALT,RED FAT",487.0,7.1,67.8,20.8,0.22,8.0,4.16,0.0
"TORTILLA CHIPS,LOFAT,UNSALTED",416.0,11.0,80.1,5.7,0.85,15.0,0.85,0.0
"FROZEN NOVELTIES,JUC TYPE,POPSICLE SCRIBBLERS",81.0,0.0,19.68,0.24,14.57,13.0,,0.0
"CANDIES,SUGAR-COATED ALMONDS",474.0,10.0,68.26,17.93,62.5,13.0,1.948,0.0
"COCOA,DRY PDR,HI-FAT OR BRKFST,PLN",486.0,16.8,51.39,23.71,1.55,20.0,12.64,0.0
"COCOA,DRY PDR,HI-FAT OR BRKFST,PROC W/ALKALI",479.0,16.8,49.71,23.71,1.53,20.0,12.64,0.0
"CANDIES,SOFT FRUIT & NUT SQUARES",390.0,2.31,73.81,9.52,45.95,131.0,0.898,0.0
"ICE CREAMS,VANILLA,FAT FREE",138.0,4.48,30.06,0.0,6.3,97.0,0.0,0.0
"SWEETENERS,TABLETOP,SUCRALOSE,SPLENDA PACKETS",336.0,0.0,89.91319999999989,0.0,70.0,0.0,0.0,0.0
"FROZEN NOVELTIES,NO SUGAR ADDED,FUDGESICLE POPS",105.0,3.6,22.28,0.97,3.93,102.0,0.591,0.0
"FROZEN NOVELTIES,FAT FREE FUDGESICLE BARS",127.0,5.55,26.94,0.66,20.1,94.0,0.48,0.0
"FROZ NOVELTIES,ICE TYPE,SUGAR FREE,ORNGE,CHRY,& GRP POPSICLE",21.0,0.0,5.14,0.0,1.52,10.0,0.0,0.0
"FRZ NVL, KLONDIKE,SLIM-A-BEAR FUDG BR,98% FT FR,NO SGR ADDED",124.0,4.31,30.07,1.88,7.1,120.0,1.0,0.0
"ICE CREAMS,BREYERS,ALL NAT LT VANILLA",162.0,4.84,25.3,4.59,22.78,71.0,2.86,0.0
"ICE CREAMS,BREYERS,ALL NAT LT FRENCH VANILLA",173.0,4.82,26.03,5.56,21.11,73.0,3.22,0.0
"ICE CREAMS,BREYERS,98% FAT FREE VANILLA",137.0,3.3,30.51,2.2,20.93,73.0,1.41,0.0
"ICE CREAMS,BREYERS,ALL NAT LT VANILLA CHOC STRAWBERRY",161.0,4.69,26.06,4.35,22.47,69.0,2.7,0.0
"ICE CREAMS,BREYERS,ALL NAT LT MINT CHOC CHIP",196.0,4.69,28.39,7.09,25.38,67.0,4.48,0.0
"ICE CREAMS,BREYERS,NO SUGAR ADDED,BUTTER PECAN",180.0,3.99,21.3,10.3,5.9,164.0,4.18,0.0
"ICE CREAMS,BREYERS,NO SUGAR ADDED,FRENCH VANILLA",154.0,4.5,20.75,7.05,7.7,87.0,4.17,0.0
"ICE CREAMS,BREYERS,NO SUGAR ADDED,VANILLA",143.0,3.68,21.92,6.2,6.09,66.0,3.9,0.0
"ICE CREAMS,BREYERS,NO SUGAR ADDED,VANILLA FUDGE TWIRL",153.0,3.53,25.63,5.68,5.49,72.0,3.57,0.0
"ICE CREAMS,BREYERS,NO SUGAR ADDED,VANILLA CHOC STRAWBERRY",143.0,3.71,21.7,6.26,6.15,68.0,3.94,0.0
"FROZEN NOVELTIES,KLONDIKE,SLIM-A-BEAR VANILLA CONE",222.0,3.72,44.75,4.0,24.75,160.0,0.95,0.0
"FROZEN NOVELTIES,KLONDIKE,SLIM-A-BEAR CHOC CONE",224.0,4.09,45.32,4.1,24.62,159.0,1.001,0.0
"FROZEN NOVELTIES,KLONDIKE,SLIM-A-BEAR VANILLA SNDWCH",211.0,5.96,44.2,2.34,21.82,191.0,0.74,0.0
"FROZEN NOVELTIES,KLONDIKE,SLIM-A-BEAR CHOC SNDWCH",212.0,6.21,44.12,2.43,21.5,188.0,0.81,0.0
"FROZEN NOVELTIES,KLONDIKE,SLIM-A-BEAR MINT SNDWCH",210.0,5.96,44.16,2.34,21.81,191.0,0.74,0.0
"FROZEN NOVL,KLONDIKE,SLIM-A-BEAR,NO SGR ADDED,STICKLESS BAR",224.0,5.16,27.09,11.93,8.64,86.0,9.51,0.0
"FROZEN NOVELTIES,NO SUGAR ADDED CREAMSICLE POPS",57.0,1.78,14.54,0.86,2.75,41.0,0.47,0.0
"FROZEN NOVELTIES,SUGAR FREE,CREAMSICLE POPS",49.0,1.37,11.95,2.33,0.43,6.0,2.0,0.0
"ICE CREAMS,BREYERS,ALL NAT LT FRENCH CHOC",201.0,5.3,29.68,7.28,24.04,75.0,4.28,0.0
"ICE CREAMS,BREYERS,98% FAT FREE CHOC",136.0,3.89,30.18,2.17,20.29,75.0,1.38,0.0
"ICE CREAMS,BREYERS,NO SUGAR ADDED,CHOC CARAMEL",151.0,3.54,25.17,5.8,5.81,77.0,3.65,0.0
"CANDIES,REESE'S FAST BREAK,CANDY BAR",495.0,8.93,63.9,23.21,53.57,321.0,8.036,0.0
"CANDIES,MARS SNACKFOOD US,COCOAVIA CHOC COVERED ALMONDS",573.0,9.51,50.22,37.07,26.92,9.0,11.745,0.0
"ICE CREAMS,REG,LO CARBOHYDRATE,VANILLA",216.0,3.17,22.23,12.7,6.35,48.0,6.79,0.0
"ICE CREAMS,REG,LO CARBOHYDRATE,CHOC",237.0,3.8,26.8,12.7,6.35,76.0,6.8,0.0
"CHOCOLATE,DK,45- 59% CACAO SOL",546.0,4.88,61.17,31.28,47.9,24.0,18.519,0.0
"CHOCOLATE,DK,60-69% CACAO SOL",579.0,6.12,52.42,38.31,36.71,10.0,22.031,0.0
"CHOCOLATE,DK,70-85% CACAO SOL",598.0,7.79,45.9,42.63,23.99,20.0,24.489,0.0
"CANDIES,CHOC,DK,NFS (45-59% CACAO SOL 90%; 60-69% CACAO SOL",550.0,5.09,59.97,32.2,46.14,23.0,18.993,0.0
"SWEETENERS,FOR BAKING,BROWN,CONTAINS SUGAR & SUCRALOSE",388.0,0.0,89.91319999999989,0.0,45.66,11.0,,0.0
"SWEETENERS,FOR BAKING,CONTAINS SUGAR & SUCRALOSE",398.0,0.0,89.91319999999989,0.0,47.05,2.0,,0.0
"SUGAR,TURBINADO",399.0,0.0,89.91319999999989,0.0,70.0,3.0,,0.0
"SWEETENERS,SUGAR SUB,GRANULATED,BROWN",347.0,2.06,84.77,0.0,4.03,572.0,,0.0
"CANDIES,CRISPY BAR W/ PNUT BUTTER FILLING",542.0,9.53,55.53,31.34,40.33,264.0,12.959,0.0
"AMARANTH,UNCKD",371.0,13.56,65.25,7.02,1.69,4.0,1.459,0.0
"BARLEY,HULLED",354.0,12.48,73.48,2.3,0.8,12.0,0.482,0.0
"BARLEY,PEARLED,RAW",352.0,9.91,77.72,1.16,0.8,9.0,0.244,0.0
"BARLEY,PEARLED,COOKED",123.0,2.26,28.22,0.44,0.28,3.0,0.093,0.0
"BUCKWHEAT GROATS,RSTD,CKD",92.0,3.38,19.94,0.62,0.9,4.0,0.134,0.0
"BUCKWHEAT FLR,WHOLE-GROAT",335.0,12.62,70.59,3.1,2.6,11.0,0.677,0.0
"BULGUR,DRY",342.0,12.29,75.87,1.33,0.41,17.0,0.232,0.0
"BULGUR,COOKED",83.0,3.08,18.58,0.24,0.1,5.0,0.042,0.0
"CORN,YELLOW",365.0,9.42,74.26,4.74,0.64,35.0,0.667,0.0
"CORN BRAN,CRUDE",224.0,8.36,85.64,0.92,0.0,7.0,0.13,0.0
"CORN FLR,WHOLE-GRAIN,YEL",361.0,6.93,76.85,3.86,0.64,5.0,0.543,0.0
"CORN FLR,MASA,ENR,WHITE",365.0,9.28,76.29,3.86,1.61,5.0,0.532,0.0
"CORN FLR,DEGERMED,UNENR,YEL",375.0,5.59,82.75,1.39,0.64,1.0,0.171,0.0
"CORN FLR,MASA,UNENR,WHITE",365.0,9.28,76.29,3.86,1.61,5.0,0.532,0.0
"CORNMEAL,WHOLE-GRAIN,YEL",362.0,8.12,76.89,3.59,0.64,35.0,0.505,0.0
"CORNMEAL,DEGERMED,ENR,YEL",370.0,7.11,79.45,1.75,1.61,7.0,0.169,0.0
CORNSTARCH,381.0,0.26,89.91319999999989,0.05,0.0,9.0,0.009,0.0
"COUSCOUS,COOKED",112.0,3.79,23.22,0.16,0.1,5.0,0.029,0.0
"HOMINY,CANNED,WHITE",72.0,1.48,14.26,0.88,1.82,210.0,0.123,0.0
"MILLET,COOKED",119.0,3.51,23.67,1.0,0.13,2.0,0.172,0.0
"OAT BRAN,RAW",246.0,17.3,66.22,7.03,1.45,4.0,1.328,0.0
"RICE,BROWN,LONG-GRAIN,RAW",370.0,7.94,77.24,2.92,0.85,7.0,0.584,0.0
"RICE,BROWN,LONG-GRAIN,CKD",111.0,2.58,22.96,0.9,0.35,5.0,0.18,0.0
"RICE,WHITE,LONG-GRAIN,REG,RAW,ENR",365.0,7.13,79.95,0.66,0.12,5.0,0.18,0.0
"RICE,WHITE,LONG-GRAIN,REG,CKD",130.0,2.69,28.17,0.28,0.05,1.0,0.077,0.0
"RICE,WHITE,LONG-GRAIN,PARBLD,ENR,DRY",374.0,7.51,80.89,1.03,0.33,2.0,0.294,0.0
"RICE,WHITE,LONG-GRAIN,PARBLD,ENR,CKD",123.0,2.91,26.05,0.37,0.11,2.0,0.074,0.0
"RICE,WHITE,LONG-GRAIN,PRECKD OR INST,ENR,DRY",380.0,7.82,82.32,0.94,0.05,10.0,0.152,0.0
"RICE,WHITE,LONG-GRAIN,PRECKD OR INST,ENR,PREP",117.0,2.18,25.1,0.5,0.0,4.0,0.017,0.0
"RICE,WHITE,GLUTINOUS,CKD",97.0,2.02,21.09,0.19,0.05,5.0,0.039,0.0
"RICE BRAN,CRUDE",316.0,13.35,49.69,20.85,0.9,5.0,4.171,0.0
"RICE FLOUR,WHITE",366.0,5.95,80.13,1.42,0.12,0.0,0.386,0.0
RYE,338.0,10.34,75.86,1.63,0.98,2.0,0.197,0.0
"RYE FLOUR,DARK",325.0,15.91,68.63,2.22,2.31,2.0,0.269,0.0
"RYE FLOUR,MEDIUM",349.0,10.88,75.43,1.52,1.1,2.0,0.18,0.0
"RYE FLOUR,LIGHT",357.0,9.82,76.68,1.33,0.93,2.0,0.15,0.0
"TAPIOCA,PEARL,DRY",358.0,0.19,88.69,0.02,3.35,1.0,0.005,0.0
"WHEAT,HARD RED SPRING",329.0,15.4,68.03,1.92,0.41,2.0,0.314,0.0
"WHEAT,HARD RED WINTER",327.0,12.61,71.18,1.54,0.41,2.0,0.269,0.0
"WHEAT,SOFT RED WINTER",331.0,10.35,74.24,1.56,0.41,2.0,0.289,0.0
"WHEAT,HARD WHITE",342.0,11.31,75.9,1.71,0.41,2.0,0.277,0.0
"WHEAT,SOFT WHITE",340.0,10.69,75.36,1.99,0.41,2.0,0.368,0.0
"WHEAT BRAN,CRUDE",216.0,15.55,64.51,4.25,0.41,2.0,0.63,0.0
"WHEAT FLOUR,WHOLE-GRAIN",340.0,13.21,71.97,2.5,0.41,2.0,0.43,0.0
"WHEAT FLR,WHITE,ALL-PURPOSE,ENR,BLEACHED",364.0,10.33,76.31,0.98,0.27,2.0,0.155,0.0
"WHEAT FLR,WHITE,ALL-PURPOSE,SELF-RISING,ENR",354.0,9.89,74.22,0.97,0.22,1270.0,0.154,0.0
"WHEAT FLR,WHITE,BREAD,ENR",361.0,11.98,72.53,1.66,0.31,2.0,0.244,0.0
"WHEAT FLR,WHITE,CAKE,ENR",362.0,8.2,78.03,0.86,0.31,2.0,0.127,0.0
"WILD RICE,RAW",357.0,14.73,74.9,1.08,2.5,7.0,0.156,0.0
"WILD RICE,COOKED",101.0,3.99,21.34,0.34,0.73,3.0,0.049,0.0
"RICE FLOUR,BROWN",363.0,7.23,76.48,2.78,0.85,8.0,0.557,0.0
"MACARONI,DRY,ENR",371.0,13.04,74.67,1.51,2.67,6.0,0.277,0.0
"MACARONI,COOKED,ENRICHED",158.0,5.8,30.86,0.93,0.56,1.0,0.176,0.0
"MACARONI,VEG,CKD,ENR",128.0,4.53,26.61,0.11,1.15,6.0,0.016,0.0
"MACARONI,WHOLE-WHEAT,CKD",124.0,5.33,26.54,0.54,0.8,3.0,0.099,0.0
"NOODLES,EGG,DRY,ENRICHED",384.0,14.16,71.27,4.44,1.88,21.0,1.18,0.0
"NOODLES,EGG,CKD,ENR",138.0,4.54,25.16,2.07,0.4,5.0,0.419,0.0
"NOODLES,EGG,SPINACH,CKD,ENR",132.0,5.04,24.25,1.57,0.71,12.0,0.361,0.0
"NOODLES,CHINESE,CHOW MEIN",527.0,8.38,57.54,30.76,0.26,439.0,4.384,0.0
"NOODLES,FLAT,CRUNCHY,CHINESE RESTAURANT",521.0,10.33,51.9,31.72,0.25,378.0,4.931,0.0
"SPAGHETTI,DRY,ENRICHED",371.0,13.04,74.67,1.51,2.67,6.0,0.277,0.0
"SPAGHETTI,CKD,ENR,WO/ SALT",158.0,5.8,30.86,0.93,0.56,1.0,0.176,0.0
"SPAGHETTI,WHOLE-WHEAT,CKD",124.0,5.33,26.54,0.54,0.8,3.0,0.099,0.0
"SPAGHETTI,SPINACH,DRY",372.0,13.35,74.81,1.57,2.72,36.0,0.226,0.0
"WHEAT FLOURS,BREAD,UNENR",361.0,11.98,72.53,1.66,0.31,2.0,0.244,0.0
BARLEY FLOUR OR MEAL,345.0,10.5,74.52,1.6,0.8,4.0,0.335,0.0
BARLEY MALT FLR,361.0,10.28,78.3,1.84,0.8,11.0,0.386,0.0
"OAT FLR,PART DEBRANNED",404.0,14.66,65.7,9.12,0.8,19.0,1.607,0.0
"KAMUT,UNCKD",337.0,14.7,70.38,2.2,8.19,6.0,0.192,0.0
"SPELT,UNCKD",338.0,14.57,70.19,2.43,6.82,8.0,0.406,0.0
"TEFF,UNCKD",367.0,13.3,73.13,2.38,1.84,12.0,0.449,0.0
"NOODLES,EGG,CKD,ENR,W/ SALT",138.0,4.54,25.16,2.07,0.4,165.0,0.419,0.0
"CORN FLR,WHOLE-GRAIN,WHITE",361.0,6.93,76.85,3.86,0.64,5.0,0.543,0.0
"CORNMEAL,WHOLE-GRAIN,WHITE",362.0,8.12,76.89,3.59,0.64,35.0,0.505,0.0
"SPAGHETTI,CKD,ENR,W/ SALT",157.0,5.8,30.59,0.93,0.56,131.0,0.176,0.0
"CORNMEAL,DEGERMED,ENR,WHITE",370.0,7.11,79.45,1.75,1.61,7.0,0.169,0.0
"RICE,WHITE,LONG-GRAIN,REG,CKD,ENR,W/SALT",130.0,2.69,28.17,0.28,0.05,382.0,0.077,0.0
"MACARONI,CKD,UNENR",158.0,5.8,30.86,0.93,0.56,1.0,0.176,0.0
"NOODLES,EGG,DRY,UNENR",384.0,14.16,71.27,4.44,1.88,21.0,1.18,0.0
"NOODLES,EGG,CKD,UNENR,WO/ SALT",138.0,4.54,25.16,2.07,0.4,5.0,0.419,0.0
"SPAGHETTI,DRY,UNENRICHED",371.0,13.04,74.67,1.51,2.67,6.0,0.277,0.0
"SPAGHETTI,CKD,UNENR,WO/ SALT",158.0,5.8,30.86,0.93,0.56,1.0,0.176,0.0
"CORNMEAL,DEGERMED,UNENR,YEL",370.0,7.11,79.45,1.75,1.61,7.0,0.169,0.0
"RICE,WHITE,LONG-GRAIN,REG,RAW,UNENR",365.0,7.13,79.95,0.66,0.12,5.0,0.18,0.0
"RICE,WHITE,LONG-GRAIN,REG,CKD,UNENR,WO/SALT",130.0,2.69,28.17,0.28,0.05,1.0,0.077,0.0
"RICE,WHITE,LONG-GRAIN,PARBLD,UNENR,DRY",374.0,7.51,80.89,1.03,0.33,2.0,0.294,0.0
"RICE,WHITE,LONG-GRAIN,PARBLD,UNENR,CKD",123.0,2.91,26.05,0.37,0.11,2.0,0.074,0.0
"WHEAT FLR,WHITE,ALL-PURPOSE,UNENR",364.0,10.33,76.31,0.98,0.27,2.0,0.155,0.0
"MACARONI,DRY,UNENRICHED",371.0,13.04,74.67,1.51,2.67,6.0,0.277,0.0
"NOODLES,EGG,CKD,UNENR,W/ SALT",138.0,4.54,25.16,2.07,0.4,165.0,0.419,0.0
"SPAGHETTI,CKD,UNENR,W/ SALT",157.0,5.8,30.59,0.93,0.56,131.0,0.176,0.0
"CORNMEAL,DEGERMED,UNENR,WHITE",370.0,7.11,79.45,1.75,1.61,7.0,0.169,0.0
"RICE,WHITE,LONG-GRAIN,REG,CKD,UNENR,W/SALT",130.0,2.69,28.17,0.28,0.05,382.0,0.077,0.0
"WHEAT FLR,WHITE,ALL-PURPOSE,ENR,UNBLEACHED",364.0,10.33,76.31,0.98,0.27,2.0,0.155,0.0
"WHEAT FLR,WHITE (INDUSTRIAL),9% PROT,BLEACHED,ENR",367.0,8.89,77.32,1.43,0.54,2.0,0.34,0.0
"WHEAT FLR,WHITE (INDUSTRIAL),9% PROT,BLEACHED,UNENR",367.0,8.89,77.32,1.43,0.54,2.0,0.34,0.0
"WHEAT FLR,WHITE (INDUSTRIAL),10% PROT,BLEACHED,ENR",366.0,9.71,76.22,1.48,0.49,2.0,0.302,0.0
"WHEAT FLR,WHITE (INDUSTRIAL),10% PROT,BLEACHED,UNENR",366.0,9.71,76.22,1.48,0.49,2.0,0.302,0.0
"WHEAT FLR,WHITE (INDUSTRIAL),10% PROT,UNBLEACHED,ENR",366.0,9.71,76.22,1.48,0.49,2.0,0.302,0.0
"WHEAT FLR,WHITE (INDUSTRIAL),11.5% PROT,BLEACHED,ENR",363.0,11.5,73.81,1.45,1.12,2.0,0.268,0.0
"WHEAT FLR,WHITE (INDUSTRIAL),11.5% PROT,BLEACHED,UNENR",363.0,11.5,73.81,1.45,1.12,2.0,0.268,0.0
"WHEAT FLR,WHITE (INDUSTRIAL),11.5% PROT,UNBLEACHED,ENR",363.0,11.5,73.81,1.45,1.12,2.0,0.268,0.0
"WHEAT FLR,WHITE (INDUSTRIAL),13% PROT,BLEACHED,ENR",362.0,13.07,72.2,1.38,1.1,2.0,0.189,0.0
"WHEAT FLR,WHITE (INDUSTRIAL),13% PROT,BLEACHED,UNENR",362.0,13.07,72.2,1.38,1.1,2.0,0.189,0.0
"WHEAT FLR,WHITE (INDUSTRIAL),15% PROT,BLEACHED,ENR",362.0,15.33,69.88,1.41,0.92,2.0,0.272,0.0
"WHEAT FLR,WHITE (INDUSTRIAL),15% PROT,BLEACHED,UNENR",362.0,15.33,69.88,1.41,0.92,2.0,0.272,0.0
MILLET FLR,373.0,10.75,73.05,4.25,1.66,4.0,0.536,0.0
SORGHUM FLR,361.0,7.87,77.47,3.29,1.87,4.0,0.475,0.0
"WHEAT FLR,WHOLE-GRAIN,SOFT WHEAT",332.0,9.61,74.48,1.95,1.02,3.0,0.43,0.0
"BREAKFAST ITEMS,BISCUIT W/EGG&SAUSAGE",312.0,11.13,21.05,20.77,0.95,672.0,6.449,0.0
"FST FOODS, POTATO, FRNCH FRIED IN VEG OIL",314.0,3.76,38.44,16.12,0.69,290.0,2.084,0.0
"FT FDS, HAMBRGER; SIN, LRG PATTY; W/ CONDMNTS, VEG, MAYO",226.0,11.34,17.33,12.37,4.0,342.0,3.972,0.0
"LIGHT ICE CRM,SOFT SERVE,BLENDED W/ MILK CHOC CANDIES",182.0,4.02,26.82,6.46,24.37,54.0,3.633,0.0
"LIGHT ICE CRM,SOFT SERVE,BLENDED W/ COOKIE PIECES",169.0,3.97,25.55,5.66,21.19,75.0,2.754,0.0
"K FRIED CHICK,FRIED CHICK,ORIGINAL RECIPE,SKN & BREAD",388.0,13.0,17.63,29.47,0.0,860.0,6.495,0.0
"GRILLED CHICK,BACON & TOMO CLB SNDWCH,W/ CHS,LETTUCE,& MAYO",220.0,17.19,19.87,8.05,4.68,630.0,3.109,0.0
"CRISPY CHICK,BACON,& TOMATO CLUB SNDWCH,W/ CHS,LETUCE,& MAYO",257.0,15.38,22.61,11.76,4.99,605.0,3.372,0.0
"YOGURT PARFAIT,LOWFAT,W/ FRUIT & GRANOLA",84.0,3.36,15.86,1.01,11.68,49.0,0.525,0.0
"SALAD,GRAPE & APPL W/ YOGURT & CANDIED WALNUTS",117.0,2.15,15.73,5.05,12.43,33.0,0.665,0.0
"KASHI PIZZA,RSTD VEG",224.0,12.5,24.5,8.4,2.9,546.0,3.3,0.0
"KASHI PIZZA,MUSHROOM TRIO & SPINACH",222.0,12.7,24.6,8.3,2.3,587.0,4.0,0.0
"KASHI PIZZA,MARGHERITA",230.0,12.8,25.7,8.4,3.3,560.0,3.5,0.0
"KASHI PIZZA,BASIL PESTO",212.0,12.2,24.2,7.7,2.1,525.0,3.1,0.0
"KASHI PIZZA,MEDITERRANEAN",231.0,12.7,31.0,7.5,2.8,531.0,3.2,0.0
"MORNINGSTAR FARMS GARDEN VEGGIE PATTIES,FRZ,UNPREP",176.0,17.8,13.7,5.6,1.8,525.0,0.8,0.0
"MORNINGSTAR FARMS GRILLERS BURGER STYLE REC CRMBL,FRZ,UNPREP",140.0,17.8,8.3,4.3,1.1,427.0,0.5,0.0
"MORNINGSTAR FARMS GRILLERS VEGAN,FRZ,UNPREP",132.0,16.3,9.1,3.4,0.4,395.0,0.5,0.0
"MORNINGSTAR FARMS VEGGIE BRKFST SAUSAGE PATTIES,FRZ,UNPREP",210.0,25.8,8.8,7.9,1.7,671.0,1.1,0.0
"MORNINGSTAR FARMS SPICY BLACK BEAN BURGER,FRZ,UNPREP",171.0,16.1,19.7,5.7,2.8,520.0,0.8,0.0
"LOMA LINDA BIG FRANKS,CND,UNPREP",218.0,21.5,5.8,12.1,0.4,426.0,1.6,0.0
"MACARONI & CHS,CND ENTREE",82.0,3.38,11.52,2.46,0.5,302.0,0.881,0.0
"SPAGHETTI W/ MEAT SAU,FRZ ENTREE",90.0,5.05,15.24,1.01,2.6,212.0,0.35,0.0
"PASTA W/SLICED FRANKS IN TOMATO SAU,CND ENTREE",90.0,4.37,12.7,2.38,3.17,238.0,0.992,0.0
"HOT POCKETS,CROISSANT POCKTS CHIK,BROC&CHDR STUFD SNDWCH,FRZ",235.0,8.9,30.4,8.6,7.6,346.0,2.62,0.0
"HOT POCKETS HAM 'N CHS STUFFED SNDWCH,FRZ",241.0,9.16,30.55,9.14,7.6,504.0,3.545,0.0
"RAVIOLI,CHEESE-FILLED,CND",79.0,2.48,13.64,1.45,3.72,306.0,0.723,0.0
"RAVIOLI,MEAT-FILLED,W/ TOMATO SAU OR MEAT SAU,CND",99.0,3.41,13.73,3.41,2.4,354.0,1.427,0.0
"TORTELLINI,PASTA W/ CHS FILLING,FRESH-REFRIGERATED",307.0,13.5,47.0,7.23,0.95,616.0,3.6,0.0
"CHILI CON CARNE W/BNS,CND ENTREE",107.0,5.8,13.1,3.47,1.87,449.0,1.253,0.0
"BEEF STEW,CANNED ENTREE",99.0,4.41,7.85,5.53,1.76,388.0,2.185,0.0
"CHICKEN POT PIE,FRZ ENTREE,PREP",214.0,6.08,23.03,10.83,3.81,380.0,3.613,0.0
"PASTA W/MEATBALLS IN TOMATO SAU,CND ENTREE",107.0,4.17,11.11,5.1,2.83,291.0,1.98,0.0
"BEEF,CORNED BF HASH,W/ POTATO,CND",164.0,8.73,9.27,10.24,0.34,412.0,4.32,0.0
"LASAGNA,CHS,FRZ,PREP",130.0,6.54,13.84,5.33,4.23,284.0,2.11,0.0
"PASTA W/ TOMATO SAU,NO MEAT,CND",70.0,2.22,14.22,0.44,4.0,272.0,0.136,0.0
"LASAGNA W/ MEAT & SAU,FRZ ENTREE",127.0,8.26,12.87,4.73,2.13,280.0,2.245,0.0
"MACARONI & CHS,CND,MICROWAVABLE",134.0,5.98,13.96,5.99,1.41,335.0,3.398,0.0
"CAMPBELL,SPAGHETTIOS,MINI BF RAVIOLI IN MEAT SAU",99.0,4.25,16.6,1.74,5.41,409.0,0.772,0.0
"CAMPBELL,SPAGHETTIOS,SPAGHETTI IN TOMATO & CHS SAU",80.0,2.78,15.87,0.6,5.16,377.0,0.198,0.0
"CAMPBELL SOUP COMPANY,SPAGHETTIOS,SPAGHETTIOS ORIGINAL",67.0,2.38,13.89,0.4,4.37,238.0,0.198,0.0
"CAMPBELL SOUP COMPANY,SPAGHETTIOS,SPAGHETTIOS A TO Z'S",67.0,2.38,13.89,0.4,4.76,238.0,0.198,0.0
"CAMPBELL SOUP COMPANY,SPAGHETTIOS,SPAGHETTIOS IN MEAT SAU",69.0,3.17,12.3,0.79,4.76,353.0,0.397,0.0
"CAMPBELL ,SPAGHETTIOS,SPAGHETTIOS PLUS CA",67.0,2.38,13.89,0.4,5.16,238.0,0.198,0.0
"CAMPBELL ,SPAGHETTIOS RAVIOLIOS BF RAVIOLI IN MEAT SAU",106.0,4.37,15.08,3.17,3.57,433.0,1.389,0.0
"CAMPBELL SOUP COMPANY,SPAGHETTIOS,SPAGHETTIO'S W/ MEATBALLS",95.0,4.37,12.7,2.78,3.17,238.0,0.992,0.0
"CAMPBELL ,SPAGHETTIOS,SPAGHETTIO'S W/ SLICED FRANKS",87.0,3.57,12.7,2.38,3.57,238.0,0.992,0.0
"CAMPBELL,SPAGHETTIOS,SPAGHETTIOS A TO Z'S W/ MEATBALLS",95.0,4.37,12.7,2.78,3.17,238.0,0.992,0.0
"SUPPER BAKES MEAL,CHEESY CHICK W/ PASTA (CHICK NOT INCLUDED)",198.0,7.06,31.76,4.71,4.71,988.0,1.176,0.0
"SUPPER BAKES MEAL KITS,CREAMY STROGANOFF SAU W/ PASTA",147.0,4.8,24.8,3.2,2.4,520.0,1.2,0.0
"SUPPER BAKES MEAL KITS,GARLIC CHICK W/ PASTA",220.0,9.76,42.93,0.98,6.83,741.0,0.488,0.0
"CAMPBELL, SUPPER BAKES MEAL KITS,HERB CHICK W/ RICE",197.0,4.26,42.55,1.06,2.13,830.0,0.532,0.0
"CAMPBELL SUPPER BAKES MEAL KITS,LEMON CHICK W/ HERB RICE",210.0,4.26,45.74,1.06,3.19,830.0,0.532,0.0
"CAMPBELL,SUPPER MEAL KITS,SAVORY PORK CHOPS W/ HERB STUFFING",181.0,5.91,36.64,1.18,4.73,922.0,0.591,0.0
"SUPPER BAKES MEAL KITS,SOUTHWESTERN-STYLE CHICK W/RICE",189.0,4.94,39.51,1.23,4.94,741.0,0.617,0.0
"SUPPER BAKES MEAL,CHICK W/ STUFFING (CHICK NOT INCLUDED)",190.0,5.94,34.44,3.56,3.56,879.0,1.188,0.0
"CAMPBELL SOUP COMPANY,SWANSON,CHICK A LA KING",71.0,4.7,4.03,4.03,0.67,460.0,1.174,0.0
"CAMPBELL SOUP COMPANY,SWANSON,CHICK & DUMPLINGS",93.0,4.45,9.72,4.05,0.81,401.0,1.822,0.0
"EGG ROLLS,PORK,REFR,HTD",222.0,9.94,29.5,7.17,5.32,525.0,1.588,0.0
"EGG ROLLS,CHICK,REFR,HTD",197.0,10.44,28.54,4.51,5.57,560.0,0.964,0.0
"EGG ROLLS,VEG,REFR,HTD",196.0,6.62,31.99,4.67,6.85,561.0,0.756,0.0
"LASAGNA,VEG,FRZ,BKD",139.0,6.87,14.18,6.04,2.54,352.0,2.422,0.0
"TKY,STUFFING,MSHD POTATO W/GRAVY,ASSORTED VEG,FRZ,MICROWAVE",128.0,6.97,16.32,3.89,4.82,326.0,0.877,0.0
"RICE BOWL W/ CHICK,FRZ ENTREE,PREP",126.0,5.65,22.46,1.56,4.07,333.0,0.327,0.0
"MACARONI & CHS DINNER W/ DRY SAU MIX,BOXED,UNCKD",368.0,14.97,69.21,3.42,9.61,682.0,1.151,0.0
"MACARONI & CHS DINNER W/ DRY SAU MIX,BOXED,PREP",173.0,6.07,24.31,5.77,5.47,336.0,1.176,0.0
"HOT POCKETS,MEATBALLS & MOZZARELLA STUFFED SNDWCH,FRZ",253.0,9.32,30.45,10.47,7.73,448.0,4.007,0.0
"LEAN POCKETS,HAM N CHEDDAR",230.0,10.28,32.52,6.53,7.6,494.0,2.389,0.0
"LEAN POCKETS,MEATBALLS & MOZZARELLA",240.0,10.49,32.28,7.7,8.81,557.0,3.087,0.0
"CAMPBELL SOUP COMPANY,SPAGHETTIOS ORIGINAL,EASY OPEN",70.0,2.35,14.55,0.47,4.23,225.0,0.235,0.0
"CAMPBELL SOUP COMPANY,SPAGHETTIOS,W/ MEATBALLS -",87.0,4.37,11.65,2.43,3.4,238.0,0.971,0.0
"CHILI W/ BNS,MICROWAVABLE BOWLS",100.0,5.85,10.88,3.68,1.84,385.0,1.372,0.0
"MACARONI & CHS,FRZ ENTREE",149.0,5.6,17.28,6.41,1.53,290.0,2.608,0.0
POTATO SALAD W/ EGG,157.0,1.96,16.18,9.4,4.95,329.0,1.437,0.0
PULLED PORK IN BARBECUE SAU,168.0,13.19,18.74,4.42,15.2,666.0,1.416,0.0
"CORN DOGS,FRZ,PREP",267.0,7.93,29.71,12.95,8.82,628.0,3.794,0.0
"CHICKEN,NUGGETS,DK & WHITE MEAT,PRECKD,FRZ,NOT REHTD",260.0,12.48,16.32,16.13,0.8,563.0,3.179,0.0
"CHICKEN,NUGGETS,WHITE MEAT,PRECKD,FRZ,NOT REHTD",257.0,13.17,15.88,15.65,1.27,583.0,3.366,0.0
"RAVIOLI,CHS W/ TOMATO SAU,FRZ,NOT PREP,INCL REG & LT ENTREES",111.0,4.52,17.31,2.61,4.09,280.0,1.191,0.0
"BEEF,SHLDR POT RST OR STK,BNLS,LN & FAT,0"" FAT,ALL GRDS,R",130.0,21.39,0.0,4.97,0.0,72.0,2.033,0.0
"BEEF,SHRT LOIN,PRTRHS STEAK,LN&FAT,1/8""FAT,ALL GRDS,RAW",247.0,18.8,0.0,18.51,0.0,53.0,7.42,0.0
"BEEF,SHRT LOIN,PRTRHS STEAK,LN&FAT,1/8""FAT,ALL GRDS,CKD,BRLD",297.0,23.51,0.0,21.83,0.0,64.0,8.42,0.0
"BEEF,SHRT LOIN,PRTRHS STEAK,LN&FAT,1/8""FAT,SEL,RAW",222.0,20.72,0.0,14.82,0.0,54.0,6.01,0.0
"BEEF,SHRT LOIN,PRTRHS STEAK,LN&FAT,1/8""FAT,SEL,CKD,BRLD",294.0,24.05,0.0,21.18,0.0,64.0,8.34,0.0
"BEEF,SHRT LOIN,T-BONE STEAK,LN&FAT,1/8""FAT,ALL GRDS,RAW",220.0,19.19,0.0,15.32,0.0,54.0,6.14,0.0
"BEEF,SHRT LOIN,T-BONE STEAK,LN&FAT,1/8""FAT,ALL GRDS,CKD,BRLD",280.0,24.33,0.0,19.47,0.0,66.0,7.56,0.0
"BEEF,SHRT LOIN,T-BONE STEAK,LN&FAT,1/8""FAT,SEL,RAW",192.0,19.89,0.0,11.84,0.0,55.0,4.81,0.0
"BEEF,SHRT LOIN,T-BONE STEAK,LN&FAT,1/8""FAT,SEL,CKD,BRLD",265.0,25.01,0.0,17.54,0.0,66.0,6.91,0.0
"BEEF,RND,KNUCKLE,TIP SIDE,STEAK,LN & FAT,0"" FAT,CHOIC,RAW",133.0,21.41,0.0,4.66,0.0,62.0,1.755,0.0
"BF,RND,KNUCKLE,TIP SIDE,STEAK,LN & FAT,0"" FAT,CH,CKD,GRILLED",174.0,28.79,0.0,5.71,0.0,55.0,2.218,0.0
"BEEF,RND,KNUCKLE,TIP SIDE,STEAK,LN & FAT 0"" FAT,SEL,RAW",124.0,21.96,0.0,3.24,0.0,57.0,1.225,0.0
"BF,RND,KNUCKLE,TIP SIDE,STEAK,LN & FAT,0"" FAT,SE,CKD,GRILLED",160.0,29.24,0.0,3.91,0.0,52.0,1.267,0.0
"BF,CHK,CLOD,SHLDR TENDER,MEDALLION,LN & FAT,0"" FAT,CHOIC,RAW",145.0,20.51,0.0,6.36,0.0,59.0,2.328,0.0
"BF,CHK,CLOD,SHDR TNDR,MED,LN & FAT,0"" FAT,CH,CKD,GRILLED",181.0,26.07,0.0,7.68,0.0,60.0,2.737,0.0
"BF,CHK,CLOD,SHLDR TENDER,MEDALLION,LN & FAT,0"" FAT,SEL,RAW",142.0,20.93,0.0,5.79,0.0,60.0,1.988,0.0
"BEEF,CHUCK,SHLDR CLOD,TOP & CNTR ,STK,LN & FAT,0"" FAT,CH,RAW",143.0,20.39,0.0,6.12,0.0,61.0,2.083,0.0
"BF,CHK,SHLDR CLOD,TOP & CNTR,STK,LN & FAT,0"" FAT,CH,CKD,GRLD",184.0,26.07,0.0,8.11,0.0,59.0,3.031,0.0
"BF,CHUCK,SHLDR CLOD, TOP & CNTR,STK,LN & FAT,0"" FAT,SEL,RAW",140.0,21.13,0.0,5.51,0.0,58.0,1.791,0.0
"BF,CHK, CLOD,TOP & CNTR,STK,LN & FAT,0"" FAT,SEL,CKD,GRLD",176.0,26.66,0.0,6.94,0.0,62.0,2.235,0.0
"BF,CHK,SHLDR CLOD,TOP BLADE,STEAK,LN & FAT,0"" FAT,CHOIC,RAW",182.0,18.75,0.0,11.33,0.0,74.0,4.186,0.0
"BF,CHK,CLOD,TOP BLADE,STEAK,LN & FAT,0"" FAT,CH,CKD,GRILLED",228.0,24.7,0.0,13.59,0.0,78.0,5.432,0.0
"BF,CHUCK,SHLDR CLOD,TOP BLADE,STEAK,LN & FAT,0"" FAT,SEL,RAW",166.0,19.38,0.0,9.22,0.0,75.0,3.464,0.0
"BF,CHK,CLOD,TOP BLADE,STEAK,LN & FAT,0"" FAT,SEL,CKD,GRILLED",212.0,25.29,0.0,11.52,0.0,76.0,4.423,0.0
"BEEF,RND,KNUCKLE,TIP CNTR,STEAK,LN & FAT,0"" FAT,CHOIC,RAW",150.0,20.74,0.0,6.85,0.0,54.0,2.3,0.0
"BF,RND,KNUCKLE,TIP CNTR,STK,LN & FAT,0"" FAT,CHOIC,CKD,GRLD",188.0,26.88,0.0,8.13,0.0,51.0,2.759,0.0
"BEEF,RND,KNUCKLE,TIP CNTR,STEAK,LN & FAT,0"" FAT,SEL,RAW",137.0,20.98,0.0,5.21,0.0,53.0,1.89,0.0
"BF,RND,KNUCKLE,TIP CNTR,STEAK,LN & FAT,0"" FAT,SE,CKD,GRILLED",162.0,26.61,0.0,5.32,0.0,53.0,2.063,0.0
"BF,RND,OUTSIDE RND,BTTM RND,STEAK,LN & FAT,0"" FAT,CHOIC,RAW",150.0,21.24,0.0,6.59,0.0,63.0,2.301,0.0
"BF,RND,OUT RND,BTTM RND,STK,LN & FAT,0"" FAT,CH,CKD,GRILLED",191.0,27.22,0.0,8.3,0.0,57.0,2.954,0.0
"BEEF,RND,OUTSIDE RND,BTTM RND,STEAK,LN & FAT,0"" FAT,SEL,RAW",129.0,22.15,0.0,3.83,0.0,62.0,1.4,0.0
"BEEF,RND,OUT RND,BTTM RND,STK,LN & FAT,0"" FAT,SEL,CKD,GRLD",166.0,28.01,0.0,5.17,0.0,60.0,1.716,0.0
"BF,CHK,CLD,SHLDR TNDR,MEDALLION,LN & FAT,0"" FAT,ALL GRDS,RAW",144.0,20.54,0.0,6.22,0.0,58.0,2.088,0.0
"BF,CHK,CLD,SHDR TNDR,MED,LN & FAT,0"" FAT,ALL GRDS,CK,GRLD",177.0,26.22,0.0,7.2,0.0,59.0,2.833,0.0
"BEEF,RND,KNUCKLE,TIP SIDE,STEAK,LN & FAT,0"" FAT,ALL GRDS,RAW",129.0,21.69,0.0,4.0,0.0,61.0,1.578,0.0
"BF,RND,KNUCK,TIP SIDE,STK,LN & FAT,0"" FAT,ALL GRDS,CKD,GRLD",168.0,29.08,0.0,4.84,0.0,54.0,1.901,0.0
"BF,CHUCK,CLOD,TOP & CNTR,STEAK,LN & FAT,0"" FAT,ALL GRDS,RAW",141.0,20.67,0.0,5.88,0.0,60.0,1.985,0.0
"BEEF,CHCK,CLOD,SHLDR TOP&CNTR STKS,LN & FT,0"",ALL GRDS,GRLD",182.0,26.3,0.0,7.66,0.0,60.0,2.765,0.0
"BEEF,CHUCK,CLOD,TOP BLADE,STEAK,LN & FAT,0"" FAT,ALL GRDS,RAW",176.0,18.99,0.0,10.52,0.0,74.0,3.945,0.0
"BF,CHUCK,CLOD,TOP BLADE,STK,LN & FAT,0"" FAT,ALL,CKD,GRLD",222.0,24.93,0.0,12.79,0.0,77.0,5.095,0.0
"BEEF,RND,KNUCKLE,TIP CNTR,STEAK,LN & FAT,0"" FAT,ALL GRDS,RAW",143.0,20.93,0.0,5.89,0.0,54.0,2.163,0.0
"BF,RND,KNUCKLE,TIP CNTR,STK,LN & FAT,0"" FAT,ALL,CKD,GRLD",177.0,27.12,0.0,6.78,0.0,52.0,2.527,0.0
"BF,RND,OUTSIDE RND,BTTM RND,STEAK,LN & FAT,0"" FAT,ALL,RAW",142.0,21.59,0.0,5.53,0.0,62.0,2.0,0.0
"BF,RND,OUT RND,BTTM RND,STK,LN & FAT,0"" FAT,ALL GRDS,CK,GRLD",182.0,27.52,0.0,7.1,0.0,58.0,2.541,0.0
"BF,CHK, CLOD,SHLDR TENDER,MED,LN & FAT,0"" FAT,SE,CKD,GRILLED",172.0,26.45,0.0,6.43,0.0,58.0,1.7,0.0
"BEEF,CHUCK,SHRT RIBS,BNLESS,LN,0"" FAT,CHOIC,RAW",175.0,19.38,0.29,10.7,0.0,81.0,4.691,0.0
"BEEF,CHUCK,SHRT RIBS,BNLESS,LN,0"" FAT,SEL,RAW",161.0,20.14,0.0,8.99,0.0,93.0,4.156,0.0
"BEEF,CHUCK,SHRT RIBS,BNLESS,LN,0"" FAT,ALL GRDS,RAW",169.0,19.68,0.05,10.02,0.0,85.0,4.477,0.0
"BEEF,CHUCK EYE COUNTRY-STYLE RIBS,BNLESS,LN,0"" FAT,CHOIC,CKD",234.0,30.95,0.0,12.22,0.0,69.0,5.447,0.0
"BEEF,CHUCK EYE COUNTRY-STYLE RIBS,BNLESS,LN,0"" FAT,SEL,CKD,B",221.0,32.1,0.0,10.24,0.0,70.0,5.002,0.0
"BF,CHK EYE CNTRY-STL RIBS,BNLS,LN,0"" FAT,ALL GRDS, CKD, BRSD",228.0,31.41,0.0,11.43,0.0,69.0,5.269,0.0
"BEEF,CHUCK EYE COUNTRY-STYLE RIBS,BNLESS,LN,0"" FAT,CHOIC,RAW",152.0,20.87,0.0,7.67,0.0,81.0,3.419,0.0
"BEEF,CHUCK EYE COUNTRY-STYLE RIBS,BNLESS,LN,0"" FAT,SEL,RAW",137.0,21.1,0.0,5.89,0.0,82.0,2.686,0.0
"BEEF,CHK EYE COUNTRY-STYLE RIBS,BNLS,LN,0"" FAT,ALL GRDS, RAW",146.0,20.96,0.0,6.95,0.0,82.0,3.126,0.0
"BEEF,CHUCK EYE STEAK,BNLESS,LN,0"" FAT,CHOIC,CKD,GRILLED",215.0,27.97,0.0,11.47,0.0,75.0,4.895,0.0
"BEEF,CHUCK EYE STEAK,BNLESS,LN,0"" FAT,SEL,CKD,GRILLED",199.0,27.88,0.0,9.77,0.0,74.0,5.004,0.0
"BEEF,CHUCK EYE STEAK,BNLESS,LN,0"" FAT,ALL GRDS,CKD,GRILLED",209.0,27.94,0.0,10.79,0.0,75.0,4.938,0.0
"BEEF,CHUCK EYE STEAK,BNLESS,LN,0"" FAT,CHOIC,RAW",160.0,21.31,0.0,8.29,0.0,70.0,3.605,0.0
"BEEF,CHUCK EYE STEAK,BNLESS,LN,0"" FAT,SEL,RAW",143.0,21.28,0.0,6.47,0.0,73.0,2.759,0.0
"BEEF,CHUCK EYE STEAK,BNLESS,LN,0"" FAT,ALL GRDS,RAW",153.0,21.29,0.0,7.56,0.0,70.0,3.267,0.0
"BEEF,SHLDR POT RST,BNLESS,LN,0"" FAT,CHOIC,CKD,BRSD",200.0,31.32,0.0,8.3,0.0,60.0,2.835,0.0
"BEEF,SHLDR POT RST,BNLESS,LN,0"" FAT,SEL,CKD,BRSD",190.0,31.71,0.0,7.02,0.0,63.0,2.239,0.0
"BEEF,SHLDR POT RST,BNLESS,LN,0"" FAT,ALL GRDS,CKD,BRSD",196.0,31.48,0.0,7.78,0.0,61.0,2.596,0.0
"BEEF,CHUCK,MOCK TENDER STEAK,BNLESS,LN,0"" FAT,CHOIC,CKD,BRSD",197.0,33.55,0.0,6.94,0.0,67.0,2.708,0.0
"BEEF,CHUCK,MOCK TENDER STEAK,BNLESS,LN,0"" FAT,SEL,CKD,BRSD",181.0,32.96,0.0,5.44,0.0,70.0,2.238,0.0
"BEEF,CHK,MOCK TENDER STK,BNLS,LN,0"" FAT,ALL GRDS,CKD,BRSD",190.0,33.31,0.0,6.34,0.0,68.0,2.52,0.0
"BEEF,CHUCK,MOCK TENDER STEAK,BNLESS,LN,0"" FAT,CHOIC,RAW",127.0,21.36,0.0,4.6,0.0,83.0,1.884,0.0
"BEEF,CHUCK,MOCK TENDER STEAK,BNLESS,LN,0"" FAT,SEL,RAW",117.0,21.22,0.0,3.53,0.0,76.0,1.684,0.0
"BEEF,CHUCK,MOCK TENDER STEAK,BNLESS,LN,0"" FAT,ALL GRDS,RAW",123.0,21.3,0.0,4.17,0.0,81.0,1.804,0.0
"BEEF,CHUCK FOR STEW,LN & FAT,ALL GRDS,CKD,BRSD",191.0,32.41,0.0,6.82,0.0,67.0,2.894,0.0
"BEEF,CHUCK FOR STEW,LN & FAT,SEL,CKD,BRSD",186.0,32.29,0.0,6.34,0.0,68.0,2.514,0.0
"BEEF,CHUCK FOR STEW,LN & FAT,CHOIC,CKD,BRSD",194.0,32.49,0.0,7.14,0.0,65.0,3.147,0.0
"BEEF,CHUCK FOR STEW,LN & FAT,ALL GRDS,RAW",128.0,21.75,0.16,4.48,0.0,80.0,1.941,0.0
"BEEF,CHUCK FOR STEW,LN & FAT,SEL,RAW",124.0,21.9,0.21,3.99,0.0,81.0,1.748,0.0
"BEEF,CHUCK FOR STEW,LN & FAT,CHOIC,RAW",130.0,21.64,0.12,4.81,0.0,79.0,2.07,0.0
"BEEF,CHUCK,UNDER BLADE STEAK,BNLESS,LN,0"" FAT,CHOIC,CKD,BRSD",222.0,30.91,0.0,10.91,0.0,65.0,4.253,0.0
"BEEF,CHUCK,UNDER BLADE STEAK,BNLESS,LN,0"" FAT,SEL,CKD,BRSD",215.0,32.01,0.0,9.66,0.0,66.0,3.567,0.0
"BEEF,CHUCK,UND BL STEAK,BNLS,LN,0"" FAT,ALL GRDS,CKD,BRSD",219.0,31.35,0.0,10.41,0.0,65.0,3.981,0.0
"BEEF,CHK,UND BLD, POT RST,BNL,LN & FAT,0"" FAT,ALL GR,CKD,BR",291.0,26.7,0.0,20.49,0.0,62.0,8.261,0.0
"BEEF,RIB EYE STK,BNLES,LIP-ON,LN,1/8"" FAT,ALL GRDS,CKD,GRLD",207.0,27.97,0.0,10.57,0.0,59.0,4.2,0.0
"BEEF,RIB EYE RST,BONE-IN,LIP-ON,LN,1/8"" FAT,CHOIC,CKD,RSTD",240.0,27.18,0.0,14.55,0.0,68.0,5.606,0.0
"BEEF,CHK,UND BL POT RST/STK,BNL,LN & FT,0"" FT, All GR, raw",196.0,19.17,0.0,13.26,0.0,76.0,5.726,0.0
"BEEF,CHK,UND BL POT RST OR STK,BNL,LN & FAT,0"" FAT, CH, RAW",202.0,19.15,0.0,13.93,0.0,76.0,5.896,0.0
"BEEF,CHK,UND BL POT RST/STEAK,BNL,LN & FAT,0"" FAT, SEL, RAW",187.0,19.2,0.0,12.27,0.0,77.0,5.473,0.0
"BEEF,CHK,UND BL CNTR STK,BNL,DEN CUT,LN & FAT, ALL GR, CKD",227.0,26.18,0.21,13.54,0.0,73.0,5.692,0.0
"BEEF,CHK,UND BLE CNTR STK,BNL,DEN CT,LN&FT, 0"" FT,CH,CKD,GLD",236.0,26.1,0.4,14.41,0.0,73.0,5.963,0.0
"BEEF,CHK,UNDBL CNTR STK,BNL,DEN CT,LN&FAT, 0"" FT,SEL,CKD,GLD",215.0,26.3,0.0,12.25,0.0,73.0,5.285,0.0
"BEEF,CHK,UND BL CNTR STK,BNL,DEN CUT,LN & FT,0""FT,All Gr, RW",182.0,18.99,0.36,11.64,0.0,76.0,4.831,0.0
"BEEF,CHK,UNDBLE CNTR STK,BNL,DENR CUT,LN & FAT,0""FAT, CH, RW",189.0,18.85,0.53,12.4,0.0,75.0,5.137,0.0
"BEEF,CHK,UND BLE CNTR STK,BNL,DEN CUT,LN & FT,0""FT, SEL,RW",172.0,19.2,0.09,10.5,0.0,76.0,4.37,0.0
"BEEF,SHLDR POT RST OR STEAK,BNLESS,LN & FAT,0"" FAT,CHOIC,RAW",133.0,21.17,0.07,5.33,0.0,74.0,2.124,0.0
"BEEF,SHLDR POT RST OR STEAK,BNLESS,LN & FAT,0"" FAT,SEL,RAW",127.0,21.72,0.0,4.44,0.0,70.0,1.897,0.0
"BEEF,CHK EYE RST,BNLS,A BF RST,LN & FAT,0"",ALL GRD,CKD,RSTD",236.0,24.63,0.0,15.29,0.0,76.0,6.354,0.0
"BEEF,CHK EYE RST,BNLS,A BF RST,LN & FAT,0"",CH,CKD,RSTD",241.0,24.47,0.0,15.87,0.0,75.0,6.462,0.0
"BEEF,CHCK EYE RST,BNLS,A BF RST,LN & FAT,0"",SEL,C,RSTD",229.0,24.86,0.0,14.41,0.0,76.0,6.192,0.0
"BEEF,CHUCK,UNDER BLADE STEAK,BNLESS,LN & FAT,0"" FAT,ALL GRDS",275.0,28.23,0.0,18.0,0.0,65.0,7.256,0.0
"BEEF,CHUCK,UNDER BLADE STEAK,BNLESS,LN & FAT,0"" FAT,CHOIC,CK",284.0,27.6,0.0,19.3,0.0,64.0,7.666,0.0
"BEEF,CHUCK,UNDER BLADE STEAK,BNLESS,LN & FAT,0"" FAT,SEL,CKD,",261.0,29.18,0.0,16.05,0.0,66.0,6.629,0.0
"BEEF,CHK,MOCK TNDR STK,BNL,LN & FAT,0"" FAT,ALL GRDS, CKD",220.0,32.07,0.0,10.18,0.0,67.0,3.638,0.0
"BEEF,CHUCK,MOCK TENDER STEAK,BNLESS,LN & FAT,0"" FAT,CHOIC,CK",225.0,32.21,0.0,10.74,0.0,66.0,3.888,0.0
"BEEF,CHUCK,MOCK TENDER STEAK,BNLESS,LN & FAT,0"" FAT,SEL,CKD,",211.0,31.86,0.0,9.34,0.0,69.0,3.263,0.0
"BEEF,CHK,MOCK TEN STK,BNL,LN & FAT,0"" FAT,ALL GRDS, CKD",128.0,21.13,0.0,4.79,0.0,80.0,2.059,0.0
"BEEF,CHK,MOCK TENDER STEAK,BNLESS,LN & FAT,0"" FAT,CHOIC,RAW",131.0,21.19,0.0,5.18,0.0,82.0,2.114,0.0
"BEEF,CHUCK,MOCK TENDER STEAK,BNLESS,LN & FAT,0"" FAT,SEL,RAW",122.0,21.05,0.0,4.2,0.0,76.0,1.976,0.0
"BEEF,CHUCK,SHRT RIBS,BNLESS,LN & FAT,0"" FAT,ALL GRDS,CKD,BRS",305.0,25.48,0.0,22.58,0.0,70.0,10.04,0.0
"BEEF,CHUCK,SHRT RIBS,BNLESS,LN & FAT,0"" FAT,CHOIC,CKD,BRSD",317.0,25.26,0.0,24.05,0.0,70.0,10.638,0.0
"BEEF,CHUCK,SHRT RIBS,BNLESS,LN & FAT,0"" FAT,SEL,CKD,BRSD",287.0,25.81,0.0,20.38,0.0,71.0,9.144,0.0
"BEEF,CHUCK,SHRT RIBS,BNLESS,LN & FAT,0"" FAT,ALL GRDS,RAW",235.0,17.48,0.0,18.33,0.0,78.0,7.979,0.0
"BEEF,CHUCK,SHRT RIBS,BNLESS,LN & FAT,0"" FAT,CHOIC,RAW",240.0,17.22,0.0,19.03,0.0,75.0,8.141,0.0
"BEEF,CHUCK,SHRT RIBS,BNLESS,LN & FAT,0"" FAT,SEL,RAW",227.0,17.87,0.0,17.28,0.0,85.0,7.738,0.0
"BEEF,SHLDR POT RST,BNLESS,LN & FAT,0"" FAT,ALL GRDS,CKD,BRSD",204.0,31.03,0.0,8.92,0.0,61.0,3.112,0.0
"BEEF,SHLDR POT RST,BNLESS,LN & FAT,0"" FAT,CHOIC,CKD,BRSD",207.0,30.93,0.0,9.25,0.0,60.0,3.264,0.0
"BEEF,SHLDR POT RST,BNLESS,LN & FAT,0"" FAT,SEL,CKD,BRSD",200.0,31.18,0.0,8.41,0.0,62.0,2.884,0.0
"BEEF,CHK EYE CTRY-STYLE RIBS,BNL,LN & FAT,0"" FAT,ALL GR, CKD",296.0,27.69,0.0,20.55,0.0,65.0,9.009,0.0
"BEEF,CHK EYE CNTRY-STYL RIBS,BNL,LN & FAT,0"" FAT,CHOICE, CKD",303.0,27.16,0.0,21.56,0.0,65.0,9.268,0.0
"BEEF,CHK EYE CNTRY-STYLE RIBS,BNL,LN & FAT,0"" FAT,SEL, CKD",285.0,28.47,0.0,19.03,0.0,66.0,8.621,0.0
"BEEF,CHK EYE CNTRY-STYLE RIBS,BNL,LN & FAT,0"" FAT,ALL GR,RAW",205.0,18.97,0.0,14.32,0.0,77.0,6.154,0.0
"BEEF,CHK EYE CNTRY-STYLE RIBS,BNL,LN & FAT,0"" FAT,CHOICE,RAW",210.0,18.87,0.0,14.99,0.0,76.0,6.387,0.0
"BEEF,CHK EYE CNTRY-STYLE RIBS,BNL,LN & FAT,0"" FAT,SEL,RAW",196.0,19.1,0.0,13.33,0.0,77.0,5.805,0.0
"BEEF,CHUCK EYE STEAK,BNLESS,LN & FAT,0"" FAT,ALL GRDS,CKD,GR",277.0,24.98,0.0,19.64,0.0,71.0,8.66,0.0
"BEEF,CHK EYE STEAK,BNLESS,LN & FAT,0"" FAT,CHOIC,CKD,GRILLED",283.0,24.95,0.0,20.35,0.0,71.0,8.677,0.0
"BEEF,CHUCK EYE STEAK,BNLESS,LN & FAT,0"" FAT,SEL,CKD,GRILLED",267.0,25.03,0.0,18.57,0.0,70.0,8.633,0.0
"BEEF,CHUCK EYE STEAK,BNLESS,LN & FAT,0"" FAT,ALL GRDS,RAW",223.0,18.86,0.0,16.35,0.0,66.0,6.963,0.0
"BEEF,CHUCK EYE STEAK,BNLESS,LN & FAT,0"" FAT,CHOIC,RAW",227.0,18.86,0.0,16.85,0.0,66.0,7.176,0.0
"BEEF,CHUCK EYE STEAK,BNLESS,LN & FAT,0"" FAT,SEL,RAW",216.0,18.86,0.0,15.6,0.0,68.0,6.644,0.0
"BEEF,RIB EYE RST,BNE-IN,LIP-ON,LN,1/8"" FT,ALL GRDS,CKD,RSTD",231.0,27.12,0.0,13.64,0.0,69.0,5.258,0.0
"BEEF,RIB EYE RST,BONE-IN,LIP-ON,LN,1/8"" FAT,SEL,CKD,RSTD",219.0,27.03,0.0,12.29,0.0,70.0,4.736,0.0
"BEEF,RIB EYE STEAK,BNLES,LIP-ON,LN,1/8"" FAT,CHOIC,CKD,GRILD",217.0,27.3,0.0,11.97,0.0,60.0,4.645,0.0
"BEEF,RIB EYE STEAK,BNLESS,LIP-ON,LN,1/8"" FAT,SEL,CKD,GRILLED",192.0,28.98,0.0,8.48,0.0,59.0,3.534,0.0
"BEEF,RIB EYE STK/RST,BONE-IN,LIP-ON,LN,1/8"" FAT,ALL GRDS,RAW",166.0,21.22,0.0,9.04,0.0,64.0,3.544,0.0
"BEEF,RIB EYE STEAK/RST,BONE-IN,LIP-ON,LN,1/8"" FAT,CHOIC,RAW",173.0,20.93,0.0,9.97,0.0,65.0,3.88,0.0
"BEEF,RIB EYE STEAK/ROAST,BONE-IN,LIP-ON,LN,1/8"" FAT,SEL,RAW",155.0,21.65,0.0,7.64,0.0,63.0,3.039,0.0
"BEEF,RIB EYE STK/RST,BNLESS,LIP-ON,LN,1/8"" FAT,ALL GRDS,RAW",156.0,21.99,0.0,7.54,0.0,56.0,2.759,0.0
"BEEF,RIB EYE STEAK/ROAST,BNLESS,LIP-ON,LN,1/8"" FAT,CHOIC,RAW",161.0,21.62,0.0,8.29,0.0,56.0,3.057,0.0
"BEEF,RIB EYE STEAK/ROAST,BNLESS,LIP-ON,LN,1/8"" FAT,SEL,RAW",148.0,22.55,0.0,6.41,0.0,55.0,2.313,0.0
"BEEF,RIB EYE STK,BNE-IN,LIP-ON,LN,1/8"" FAT,ALL GRDS,CKD,GRLD",221.0,27.4,0.0,12.43,0.0,67.0,4.794,0.0
"BEEF,RIB EYE STEAK,BONE-IN,LIP-ON,LN,1/8"" FAT,CHOIC,CKD,GRLD",229.0,27.03,0.0,13.44,0.0,67.0,4.897,0.0
"BEEF,RIB EYE STEAK,BONE-IN,LIP-ON,LN,1/8"" FAT,SEL,CKD,GRILD",210.0,27.96,0.0,10.91,0.0,67.0,4.639,0.0
"BEEF,RIB EYE RST,BNLESS,LIP-ON,LN,1/8"" FAT,ALL GRDS,CKD,RSTD",218.0,28.21,0.0,11.68,0.0,56.0,4.535,0.0
"BEEF,RIB EYE RST,BNLESS,LIP-ON,LN,1/8"" FAT,CHOIC,CKD,RSTD",229.0,27.87,0.0,13.01,0.0,54.0,5.187,0.0
"BEEF,RIB EYE RST,BNLESS,LIP-ON,LN,1/8"" FAT,SEL,CKD,RSTD",202.0,28.72,0.0,9.68,0.0,59.0,3.556,0.0
"BEEF,PLATE STK,BNLE,INSDE SKRT,LN,0"" FAT,ALL GRDS,CKD,GRLD",234.0,29.99,0.0,12.69,0.0,63.0,4.315,0.0
"BEEF,PLATE STEAK,BNLESS,INSIDE SKIRT,LN,0"" FAT,ALL GRDS,RAW",164.0,21.17,0.0,8.82,0.0,66.0,3.233,0.0
"BEEF,PLATE STK,BNLES,INSIDE SKIRT,LN,0"" FAT,CHOIC,CKD,GRLD",242.0,29.56,0.0,13.72,0.0,64.0,4.76,0.0
"BEEF,PLATE STEAK,BNLESS,INSIDE SKIRT,LN,0"" FAT,CHOIC,RAW",171.0,20.89,0.0,9.76,0.0,67.0,3.546,0.0
"BEEF,PLATE STEAK,BNLESS,INSIDE SKIRT,LN,0"" FAT,SEL,CKD,GRILD",223.0,30.64,0.0,11.16,0.0,62.0,3.647,0.0
"BEEF,PLATE STEAK,BNLESS,INSIDE SKIRT,LN,0"" FAT,SEL,RAW",153.0,21.61,0.0,7.41,0.0,66.0,2.765,0.0
"BEEF,PLATE STK,BNLES,OTSDE SKIRT,LN,0"" FAT,ALL GRDS,CKD,GRLD",282.0,27.68,0.0,19.01,0.0,71.0,6.674,0.0
"BEEF,PLATE STEAK,BNLESS,OUTSIDE SKIRT,LN,0"" FAT,ALL GRDS,RAW",206.0,18.74,0.19,14.53,0.0,67.0,5.618,0.0
"BEEF,PLATE STEAK,BNLS,OUTSIDE SKIRT,LN,0"" FAT,CHOIC,CKD,GRLD",291.0,27.03,0.0,20.28,0.0,71.0,7.035,0.0
"BEEF,PLATE STEAK,BNLESS,OUTSIDE SKIRT,LN,0"" FAT,CHOIC,RAW",212.0,18.47,0.17,15.26,0.0,68.0,5.798,0.0
"BEEF,PLATE STEAK,BNLESS,OUTSIDE SKIRT,LN,0"" FAT,SEL,CKD,GRLD",268.0,28.65,0.0,17.1,0.0,70.0,6.132,0.0
"BEEF,PLATE STEAK,BNLESS,OUTSIDE SKIRT,LN,0"" FAT,SEL,RAW",198.0,19.14,0.23,13.44,0.0,65.0,5.349,0.0
"BEEF,RIB EYE STEAK,BNLESS,LIP OFF,LN,0"" FAT,ALL GRDS,CKD,GRI",206.0,28.11,0.0,10.37,0.0,59.0,4.2,0.0
"BEEF,RIB EYE STEAK,BNLESS,LIP OFF,LN,0"" FAT,ALL GRDS,RAW",154.0,21.85,0.0,7.41,0.0,56.0,2.759,0.0
"BEEF,RIB EYE STEAK,BNLESS,LIP OFF,LN,0"" FAT,CHOIC,CKD,GRILLE",215.0,27.39,0.0,11.75,0.0,60.0,4.645,0.0
"BEEF,RIB EYE STEAK,BNLESS,LIP OFF,LN,0"" FAT,CHOIC,RAW",162.0,21.44,0.0,8.5,0.0,56.0,3.057,0.0
"BEEF,RIB EYE STEAK,BNLESS,LIP OFF,LN,0"" FAT,SEL,CKD,GRILLED",191.0,29.18,0.0,8.31,0.0,59.0,3.534,0.0
"BEEF,RIB EYE STEAK,BNLESS,LIP OFF,LN,0"" FAT,SEL,RAW",142.0,22.46,0.0,5.78,0.0,55.0,2.313,0.0
"BEEF,RIB,BACK RIBS,BONE-IN,LN,0"" FAT,ALL GRDS,CKD,BRSD",299.0,28.36,0.0,20.57,0.0,68.0,8.103,0.0
"BEEF,RIB,BACK RIBS,BONE-IN,LN,0"" FAT,ALL GRDS,RAW",239.0,19.11,0.46,17.91,0.0,60.0,7.055,0.0
"BEEF,RIB,BACK RIBS,BONE-IN,LN,0"" FAT,CHOIC,CKD,BRSD",306.0,27.75,0.0,21.72,0.0,68.0,8.763,0.0
"BEEF,RIB,BACK RIBS,BONE-IN,LN,0"" FAT,CHOIC,RAW",252.0,18.72,0.64,19.36,0.0,61.0,7.812,0.0
"BEEF,RIB,BACK RIBS,BONE-IN,LN,0"" FAT,SEL,CKD,BRSD",287.0,29.28,0.0,18.84,0.0,68.0,7.091,0.0
"BEEF,RIB,BACK RIBS,BONE-IN,LN,0"" FAT,SEL,RAW",221.0,19.71,0.2,15.73,0.0,59.0,5.92,0.0
"BEEF,RIB EYE STK,BNE-IN,LIP-ON,LN & FT,1/8"" FAT,CHOC,CKD,GRL",313.0,22.71,0.0,24.7,0.0,60.0,10.566,0.0
"BEEF,RIB EYE STK,BNE-IN,LIP-ON,LN & FT,1/8"" FAT,SEL,CKD,GRLD",304.0,23.19,0.0,23.47,0.0,59.0,10.723,0.0
"BEEF,RIB EYE STK,BN-IN,LIP-ON,LN & FT,1/8"" FT,AL GDS,CKD,GRL",309.0,22.9,0.0,24.2,0.0,60.0,10.629,0.0
"BEEF,RIB EYE RST,BNE-IN,LIP-ON,LN & FAT,1/8"" FT,CHC,CKD,RST",307.0,23.53,0.0,23.61,0.0,62.0,10.097,0.0
"BEEF,RIB EYE RST,BNE-IN,LIP-ON,LN & FAT,1/8"" FAT,SEL,CKD,RST",290.0,23.36,0.0,21.85,0.0,64.0,9.562,0.0
"BEEF,RIB EYE RST,BNE-IN,LP-ON,LN & FT,1/8"" FT,AL GRD,CKD,RST",300.0,23.47,0.0,22.91,0.0,63.0,9.883,0.0
"BEEF,RIB EYE STK/RST,BNE-IN,IP-ON,LN & FT,1/8"" FT,AL GRDS,RW",255.0,18.13,0.0,20.31,0.0,56.0,9.097,0.0
"BEEF,RIB EYE STK/RST,BNE-IN,LIP-ON,LN & FAT,1/8"" FAT,CHC,RAW",260.0,17.92,0.0,20.96,0.0,57.0,9.265,0.0
"BEEF,RIB EYE STK/RST,BONE-IN,LIP-ON,LN & FAT,1/8"" FAT,SEL,RW",248.0,18.44,0.0,19.34,0.0,55.0,8.844,0.0
"BEEF,RIB EYE STEAK,BNLS,LIP-ON,LN & FAT,1/8"" FAT,CHC,CKD,GRD",303.0,22.92,0.0,23.52,0.0,54.0,10.307,0.0
"BEEF,RIB EYE STK,BNLS,LIP-ON,LN & FAT,1/8"" FAT,SEL,CKD,GILD",273.0,24.83,0.0,19.25,0.0,54.0,8.749,0.0
"BEEF,RIB EYE STK,BNLS,LIP-ON,LN & FT,1/8"" FT,AL GRD,CKD,GRLD",291.0,23.69,0.0,21.81,0.0,54.0,9.684,0.0
"BEEF,RIB EYE RST,BNLS,LP-ON,LN & FT,1/8"" FT,ALL GRD,CKD,RSTD",292.0,24.3,0.0,21.66,0.0,52.0,9.419,0.0
"BEEF,RIB EYE RST,BNLES,LIP-ON,LN & FAT,1/8"" FAT,CHC,CKD,RSTD",303.0,23.92,0.0,22.98,0.0,51.0,10.044,0.0
"BEEF,RIB EYE RST,BNLES,LIP-ON,LN & FAT,1/8"" FAT,SEL,CKD,RSTD",277.0,24.85,0.0,19.68,0.0,54.0,8.482,0.0
"BEEF,RIB EYE STK/RST,BNLS,LIP-ON,LN & FAT,1/8"" FAT,AL GRD,RW",244.0,18.85,0.0,18.73,0.0,50.0,8.251,0.0
"BEEF,RIB EYE STEAK/ROST,BNLS,LIP-ON,LN & FAT,1/8"" FAT,CHC,RW",253.0,18.39,0.0,19.95,0.0,50.0,8.741,0.0
"BEEF,RIB EYE STEAK/ROST,BNLS,LIP-ON,LN & FAT,1/8"" FAT,SEL,RW",230.0,19.55,0.0,16.9,0.0,50.0,7.515,0.0
"BEEF,PLTE STK,BNLS,INSD SKRT,LN & FAT,0"" FAT,ALL GRD,CKD,GRL",245.0,29.36,0.0,14.2,0.0,63.0,5.057,0.0
"BEEF,PLATE STK,BNLSS,INSDE SKRT,LN & FAT,0"" FAT,CHC,CKD,GRLD",253.0,28.9,0.0,15.3,0.0,63.0,5.554,0.0
"BEEF,PLATE STK,BNLES,INSDE SKRT,LN & FAT,0"" FAT,SEL,CKD,GRLD",233.0,30.06,0.0,12.54,0.0,61.0,4.311,0.0
"BEEF,PLATE STEK,BNLS,INSDE SKRT,LN & FAT,0"" FAT,ALL GRDS,RW",187.0,20.38,0.0,11.71,0.0,64.0,4.626,0.0
"BEEF,PLATE STEAK,BNLESS,INSIDE SKIRT,LN & FAT,0"" FAT,CHOC,RW",195.0,20.06,0.0,12.78,0.0,65.0,5.034,0.0
"BEEF,PLATE STEAK,BNLESS,INSIDE SKIRT,LN & FAT,0"" FAT,SEL,RAW",174.0,20.87,0.0,10.11,0.0,65.0,4.014,0.0
"BEEF,GROUND,UNSPEC FAT CONTENT,CKD",234.0,25.07,0.62,14.53,0.0,85.0,5.6,0.0
"BEEF,PLTE STK,BNLS,OUTSD SKRT,LN & FAT,0"" FT,AL GRD,CKD,GRLD",292.0,27.06,0.0,20.47,0.0,70.0,7.405,0.0
"BEEF,PLATE STK,BNLS,OUTSD SKRT,LN & FAT,0"" FT,CHC,CKD,GRLD",300.0,26.46,0.0,21.62,0.0,70.0,7.733,0.0
"BEEF,PLATE STK,BNLS,OTSDE SKRT,LN & FAT,0"" FAT,SEL,CKD,GRILD",281.0,27.95,0.0,18.75,0.0,69.0,6.911,0.0
"BEEF,PLATE STEK,BNLS,OUTSDE SKRT,LN & FAT,0"" FAT,ALL GRDS,RW",232.0,17.98,0.35,17.59,0.0,65.0,7.138,0.0
"BEEF,PLATE STEAK,BNLS,OUTSIDE SKRT,LN & FAT,0"" FAT,CHOIC,RAW",238.0,17.69,0.35,18.44,0.0,65.0,7.426,0.0
"BEEF,PLATE STEAK,BNLESS,OUTSIDE SKIRT,LN & FAT,0"" FAT,SEL,RW",222.0,18.43,0.36,16.31,0.0,63.0,6.705,0.0
"BEEF,RIB EYE STK,BNLS,LIP OF,LN & FAT,0"" FT,AL GRDS,CKD,GRLD",271.0,24.85,0.0,19.02,0.0,58.0,8.443,0.0
"BEEF,RIB EYE STEAK,BNLS,LIP OFF,LN & FAT,0"" FAT,CHC,CKD,GRLD",285.0,23.89,0.0,21.1,0.0,58.0,9.244,0.0
"BEEF,RIB EYE STEK,BNLES,LIP OFF,LN & FAT,0"" FAT,SEL,CKD,GRLD",248.0,26.29,0.0,15.9,0.0,58.0,7.226,0.0
"BEEF,RIB EYE STEAK,BNLESS,LIP OFF,LN & FAT,0"" FAT,ALL GRD,RW",228.0,19.26,0.12,16.71,0.0,52.0,7.363,0.0
"BEEF,RIB EYE STEAK,BNLESS,LIP OFF,LN & FAT,0"" FAT,CHOIC,RAW",241.0,18.69,0.2,18.43,0.0,51.0,8.074,0.0
"BEEF,RIB EYE STEAK,BNLESS,LIP OFF,LN & FAT,0"" FAT,SEL,RAW",208.0,20.12,0.0,14.14,0.0,52.0,6.29,0.0
"BEEF,RIB,BACK RIBS,BONE-IN,LN & FAT,0"" FAT,ALL GRDS,CKD,BRSD",360.0,24.23,0.0,29.21,0.0,63.0,12.99,0.0
"BEEF,RIB,BACK RIBS,BONE-IN,LN & FAT,0"" FAT,CHOIC,CKD,BRSD",372.0,23.34,0.0,30.95,0.0,61.0,13.77,0.0
"BEEF,RIB,BACK RIBS,BONE-IN,LN & FAT,0"" FAT,SEL,CKD,BRSD",341.0,25.56,0.0,26.59,0.0,64.0,11.822,0.0
"BEEF,RIB,BACK RIBS,BONE-IN,LN & FAT,0"" FAT,ALL GRDS,RAW",324.0,16.15,0.78,28.42,0.0,53.0,12.643,0.0
"BEEF,RIB,BACK RIBS,BONE-IN,LN & FAT,0"" FAT,CHOIC,RAW",336.0,15.75,0.9,29.89,0.0,53.0,13.296,0.0
"BEEF,RIB,BACK RIBS,BONE-IN,LN & FAT,0"" FAT,SEL,RAW",305.0,16.75,0.6,26.23,0.0,52.0,11.663,0.0
"BEEF,LOIN,TOP SIRLIN PETITE RST,BNLS,LN,0"" FAT,CHOC,CKD,RSTD",167.0,29.32,0.0,5.5,0.0,57.0,1.994,0.0
"BEEF,LOIN,TOP SIRLOIN PETITE RST/FILET,BNLS,LN,0"" FAT,CHC,RW",124.0,23.09,0.0,3.55,0.0,65.0,1.392,0.0
"BEEF,LOIN,TOP SIRLN CAP STK,BNLS,LN,1/8"" FAT,AL GRDS,CKD,GLD",183.0,27.99,1.14,7.44,0.0,62.0,2.653,0.0
"BEEF,LOIN,TOP SIRLON CAP STK,BNLS,LN,1/8"" FAT,CHOIC,CKD,GRLD",175.0,28.45,0.27,6.63,0.0,61.0,2.905,0.0
"BEEF,LOIN,TOP SIRLOIN CAP STEK,BNLS,LN,1/8"" FAT,SEL,CKD,GRLD",197.0,27.29,2.43,8.64,0.0,65.0,2.275,0.0
"BEEF,LOIN,TOP SIRLOIN CAP STEK,BNLS,LN,1/8"" FAT,ALL GRDS,RAW",136.0,21.29,0.0,5.7,0.0,55.0,1.875,0.0
"BEEF,LOIN,TOP SIRLOIN CAP STEAK,BNLESS,LN,1/8"" FAT,CHOIC,RAW",130.0,21.46,0.0,4.87,0.0,61.0,2.08,0.0
"BEEF,LOIN,TOP SIRLOIN CAP STEAK,BNLESS,LN,1/8"" FAT,SEL,RAW",147.0,21.03,0.0,6.95,0.0,52.0,1.568,0.0
"BEEF,TOP LOIN FILET,BNLESS,LN,1/8"" FAT,ALL GRDS,CKD,GRILLED",200.0,29.23,0.4,9.02,0.0,63.0,2.987,0.0
"BEEF,TOP LOIN FILET,BNLESS,LN,1/8"" FAT,CHOIC,CKD,GRILLED",188.0,29.62,0.2,7.64,0.0,63.0,3.361,0.0
"BEEF,TOP LOIN FILET,BNLESS,LN,1/8"" FAT,SEL,CKD,GRILLED",217.0,28.64,0.7,11.09,0.0,64.0,2.425,0.0
"BEEF,TOP LOIN PETITE RST,BNLSS,LN,1/8"" FAT,ALL GRDS,CKD,RSTD",201.0,27.95,0.89,9.53,0.0,61.0,3.014,0.0
"BEEF,TOP LOIN PETITE RST,BNLESS,LN,1/8"" FAT,CHOIC,CKD,RSTD",185.0,28.61,0.75,7.53,0.0,62.0,3.498,0.0
"BEEF,TOP LOIN PETITE RST,BNLESS,LN,1/8"" FAT,SEL,CKD,RSTD",225.0,26.95,1.1,12.54,0.0,61.0,2.29,0.0
"BEEF,TOP LOIN PETITE RST/FILET,BNLS,LN,1/8"" FAT,ALL GRDS,RAW",146.0,22.38,0.1,6.22,0.0,60.0,2.1,0.0
"BEEF,TOP LOIN PETITE ROAST/FILET,BNLESS,LN,1/8"" FAT,CHOC,RAW",138.0,22.81,0.0,5.21,0.0,66.0,2.419,0.0
"BEEF,TOP LOIN PETITE ROAST/FILET,BNLESS,LN,1/8"" FAT,SEL,RAW",159.0,21.74,0.71,7.73,0.0,58.0,1.621,0.0
"BEEF,LOIN,TOP SIRLOIN FILET,BNLS,LN,0"" FAT,ALL GRDS,CKD,GRLD",172.0,30.43,0.0,5.62,0.0,59.0,1.803,0.0
"BEEF,LOIN,TOP SIRLOIN FILET,BNLESS,LN,0"" FAT,CHOIC,CKD,GRILD",167.0,30.75,0.0,4.93,0.0,60.0,1.978,0.0
"BEEF,LOIN,TOP SIRLOIN FILET,BNLESS,LN,0"" FAT,SEL,CKD,GRILLED",180.0,29.95,0.03,6.64,0.0,55.0,1.541,0.0
"BEEF,LOIN,TOP SIRLON PTIT RST,BLS,LN,0"" FAT,AL GRDS,CKD,RSTD",171.0,28.94,0.0,6.15,0.0,56.0,1.742,0.0
"BEEF,LOIN,TOP SIRLOIN PETITE RST,BNLS,LN,0"" FAT,SEL,CKD,RSTD",178.0,28.37,0.18,7.14,0.0,57.0,1.364,0.0
"BEEF,LOIN,TOP SRLN PETIT RST/FILT,BNLS,LN,0"" FAT,AL GRDS,RAW",130.0,22.95,0.0,4.24,0.0,65.0,1.285,0.0
"BEEF,LOIN,TOP SIRLON PETITE RST/FILET,BNLS,LN,0"" FAT,SEL,RAW",138.0,22.73,0.0,5.27,0.0,57.0,1.125,0.0
"BEEF,RIBEYE PETITE ROAST/FILET,BNLESS,LN,0"" FAT,ALL GRDS,RAW",136.0,22.47,0.14,5.08,0.0,66.0,1.683,0.0
"BEEF,RIBEYE PETITE ROAST/FILET,BNLESS,LN,0"" FAT,CHOIC,RAW",128.0,22.87,0.0,4.01,0.0,66.0,1.962,0.0
"BEEF,RIBEYE PETITE ROAST/FILET,BNLESS,LN,0"" FAT,SEL,RAW",150.0,21.88,0.51,6.68,0.0,56.0,1.265,0.0
"BEEF,RIBEYE CAP STEAK,BNLESS,LN,0"" FAT,ALL GRDS,CKD,GRILLED",251.0,24.45,1.61,16.26,0.0,86.0,5.566,0.0
"BEEF,RIBEYE CAP STEAK,BNLESS,LN,0"" FAT,CHOIC,CKD,GRILLED",235.0,25.04,1.29,14.37,0.0,87.0,5.961,0.0
"BEEF,RIBEYE CAP STEAK,BNLESS,LN,0"" FAT,SEL,CKD,GRILLED",274.0,23.57,2.07,19.09,0.0,76.0,4.974,0.0
"BEEF,RIBEYE CAP STEAK,BNLESS,LN,0"" FAT,ALL GRDS,RAW",184.0,19.52,1.52,11.06,0.0,87.0,4.066,0.0
"BEEF,RIBEYE CAP STEAK,BNLESS,LN,0"" FAT,CHOIC,RAW",173.0,19.95,1.34,9.81,0.0,88.0,4.359,0.0
"BEEF,RIBEYE CAP STEAK,BNLESS,LN,0"" FAT,SEL,RAW",199.0,18.88,1.79,12.93,0.0,82.0,3.626,0.0
"BEEF,RIBEYE FILET,BNLESS,LN,0"" FAT,ALL GRDS,CKD,GRILLED",203.0,28.57,0.28,9.68,0.0,56.0,3.205,0.0
"BEEF,RIBEYE FILET,BNLESS,LN,0"" FAT,CHOIC,CKD,GRILLED",191.0,29.16,0.0,8.23,0.0,56.0,3.616,0.0
"BEEF,RIBEYE FILET,BNLESS,LN,0"" FAT,SEL,CKD,GRILLED",221.0,27.69,0.86,11.86,0.0,85.0,2.588,0.0
"BEEF,RIBEYE PETITE RST,BNLESS,LN,0"" FAT,ALL GRDS,CKD,RSTD",183.0,27.89,0.0,7.91,0.0,54.0,2.587,0.0
"BEEF,RIBEYE PETITE RST,BNLESS,LN,0"" FAT,CHOIC,CKD,RSTD",170.0,28.4,0.0,6.24,0.0,55.0,3.053,0.0
"BEEF,RIBEYE PETITE RST,BNLESS,LN,0"" FAT,SEL,CKD,RSTD",202.0,27.12,0.05,10.41,0.0,81.0,1.887,0.0
"BEEF,LOIN,TOP SRL CP STK,BNLS,LN & FT,1/8"" FT,ALGDS,CKD,GRLD",245.0,25.7,1.16,15.34,0.0,89.0,5.35,0.0
"BEEF,LOIN,TOP SRLN CAP STK,BLS,LN & FAT,1/8"" FAT,CHC,CKD,GLD",243.0,25.92,0.43,15.31,0.0,87.0,5.092,0.0
"BEEF,LOIN,TOP SRLN CAP STK,BLS,LN & FAT,1/8"" FAT,SEL,CKD,GLD",249.0,25.36,2.25,15.38,0.0,82.0,5.737,0.0
"BEEF,LOIN,TOP SIRLN CAP STK,BNLS,LN & FAT,1/8"" FAT,AL GDS,RW",196.0,19.73,0.0,12.99,0.0,80.0,4.619,0.0
"BEEF,LOIN,TOP SIRLOIN CAP STK,BNLS,LN & FAT,1/8"" FAT,CHC,RAW",183.0,20.06,0.0,11.41,0.0,81.0,5.079,0.0
"BEEF,LOIN,TOP SIRLOIN CAP STK,BNLS,LN & FAT,1/8"" FAT,SEL,RAW",215.0,19.24,0.0,15.37,0.0,76.0,3.93,0.0
"BEEF,TOP LOIN FILET,BNLS,LN & FAT,1/8"" FAT,ALL GRDS,CKD,GRLD",245.0,27.23,0.68,14.83,0.0,92.0,4.817,0.0
"BEEF,TOP LOIN FILET,BNLESS,LN & FAT,1/8"" FAT,CHOIC,CKD,GRILD",227.0,27.92,0.46,12.62,0.0,94.0,5.454,0.0
"BEEF,TOP LOIN FILET,BNLESS,LN & FAT,1/8"" FAT,SEL,CKD,GRILLED",272.0,26.19,1.01,18.14,0.0,81.0,3.862,0.0
"BEEF,TOP LOIN PET RST,BNLS,LN & FAT,1/8"" FAT,AL GDS,CKD,RSTD",235.0,26.56,1.06,13.81,0.0,91.0,4.361,0.0
"BEEF,TOP LOIN PETI RST,BNLS,LN & FAT,1/8"" FAT,CHOIC,CKD,RSTD",218.0,27.26,0.93,11.68,0.0,93.0,4.824,0.0
"BEEF,TOP LOIN PETITE RST,BNLS,LN & FAT,1/8"" FAT,SEL,CKD,RSTD",260.0,25.51,1.26,17.0,0.0,80.0,3.666,0.0
"BEEF,TOP LOIN PETIT RST/FILT,BNS,LN & FAT,1/8"" FAT,AL GRD,RW",192.0,20.85,0.39,11.92,0.0,88.0,3.547,0.0
"BEEF,TOP LOIN PETITE RST/FILET,BNLS,LN & FAT,1/8"" FAT,CHC,RW",176.0,21.5,0.0,10.02,0.0,89.0,4.043,0.0
"BEEF,TOP LOIN PETITE RST/FILET,BNLS,LN & FAT,1/8"" FAT,SEL,RW",216.0,19.87,1.01,14.77,0.0,83.0,2.803,0.0
"BEEF,CHUCK,MOCK TENDER STK,LN,0"" FAT,ALL GRDS,CKD,BRLD",159.0,25.9,0.0,5.42,0.0,71.0,1.828,0.0
"BEEF,CHUCK,TOP BLADE,LN ONLY,TO 0"" FAT,ALL GRDS,CKD,BRLD",203.0,26.13,0.0,10.16,0.0,68.0,3.25,0.0
"BEEF,CHUCK,CLOD RST,LN,1/4"" FAT,ALL GRDS,RAW",129.0,19.63,0.0,5.02,0.0,64.0,1.414,0.0
"BEEF,CHUCK,CLOD RST,LN,0"" FAT,ALL GRDS,CKD,RSTD",172.0,26.82,0.0,6.34,0.0,74.0,2.037,0.0
"BEEF,CHUCK,CLOD RST,LN ONLY,TO 1/4"" FAT,ALL GRDS,CKD,RSTD",173.0,26.36,0.0,6.75,0.0,71.0,2.144,0.0
"BEEF,SHLDR STEAK,BNLESS,LN,0"" FAT,ALL GRDS,CKD,GRILLED",175.0,28.6,0.0,5.82,0.0,68.0,2.489,0.0
"BEEF,CHUCK,CLOD STEAK,LN ONLY,TO 1/4"" FAT,ALL GRDS,CKD,BRSD",189.0,29.34,0.0,7.04,0.0,60.0,2.271,0.0
"BEEF,CHCK,MCK TENDER STK,LN & FAT,0"" FAT,USDA CHOIC,CKD,BRLD",154.0,25.73,0.0,5.72,0.0,73.0,1.721,0.0
"BEEF,CHUCK,MOCK TENDER STK,LN & FAT,0"" FAT,USDA SEL,CKD,BRLD",151.0,26.08,0.0,5.24,0.0,68.0,2.09,0.0
"BEEF,CHUCK,TOP BLADE,LN & FAT,0"" FAT,CHOIC,CKD,BRLD",219.0,25.77,0.0,12.93,0.0,68.0,4.162,0.0
"BEEF,CHUCK,TOP BLADE,LN & FAT,0"" FAT,SEL,CKD,BRLD",193.0,25.67,0.0,9.99,0.0,67.0,3.533,0.0
"BEEF,CHUCK,CLOD RST,LN & FAT,0"" FAT,CHOIC,CKD,RSTD",209.0,24.61,0.0,12.26,0.0,71.0,4.285,0.0
"BEEF,CHUCK,CLOD RST,LN & FAT,0"" FAT,SEL,CKD,RSTD",188.0,27.3,0.0,8.76,0.0,72.0,3.349,0.0
"BEEF,SHLDR STEAK,BNLESS,LN & FAT,0"" FAT,CHOIC,CKD,GRILLED",186.0,28.22,0.0,7.25,0.0,67.0,3.09,0.0
"BEEF,SHLDR STEAK,BNLESS,LN & FAT,0"" FAT,SEL,CKD,GRILLED",177.0,28.41,0.0,6.14,0.0,67.0,2.642,0.0
"BEEF,PLATE,SKIRT STEAK,LN & FAT,0"" FAT,ALL GRDS,CKD,BRLD",213.0,26.13,0.0,12.05,0.0,75.0,4.666,0.0
"BEEF,PLATE,OUTSIDE SKIRT,LN & FAT,0"" FAT,ALL GRDS,CKD,BRLD",248.0,23.51,0.0,17.13,0.0,92.0,7.083,0.0
"BEEF,SIRLOIN,TRI-TIP STK,LN & FAT,0"" FAT,ALL GRDS,CKD,BRLD",257.0,29.97,0.0,15.18,0.0,72.0,5.707,0.0
"BEEF,CHUCK,MOCK TENDER STK,LN & FAT,0"" FAT,ALL GRDS,CKD,BRLD",153.0,25.87,0.0,5.52,0.0,71.0,1.871,0.0
"BEEF,CHUCK,TOP BLADE,LN & FAT,0"" FAT,ALL GRDS,CKD,BRLD",209.0,25.73,0.0,11.73,0.0,67.0,3.906,0.0
"BEEF,CHUCK,CLOD RST,LN & FAT,0"" FAT,ALL GRDS,CKD,RSTD",200.0,25.7,0.0,10.84,0.0,71.0,3.904,0.0
"BEEF,SHLDR STEAK,BNLESS,LN & FAT,0"" FAT,ALL GRDS,CKD,GRILLED",182.0,28.29,0.0,6.8,0.0,67.0,2.911,0.0
"BEEF,GROUND,95% LN MEAT / 5% FAT,RAW",137.0,21.41,0.0,5.0,0.0,66.0,2.25,0.0
"BEEF,GROUND,95% LN MEAT / 5% FAT,PATTY,CKD,BRLD",171.0,26.29,0.0,6.55,0.0,65.0,2.977,0.0
"BEEF,GROUND,95% LN MEAT / 5% FAT,PATTY,CKD,PAN-BROILED",164.0,25.8,0.0,5.94,0.0,71.0,2.698,0.0
"BEEF,GROUND,95% LN MEAT / 5% FAT,CRUMBLES,CKD,PAN-BROWNED",193.0,29.17,0.0,7.58,0.0,85.0,3.441,0.0
"BEEF,GROUND,95% LN MEAT / 5% FAT,LOAF,CKD,BKD",174.0,27.31,0.0,6.37,0.0,58.0,2.891,0.0
"BEEF,GROUND,90% LN MEAT / 10% FAT,RAW",176.0,20.0,0.0,10.0,0.0,66.0,4.058,0.0
"BEEF,GROUND,90% LN MEAT / 10% FAT,PATTY,CKD,BRLD",217.0,26.11,0.0,11.73,0.0,68.0,4.627,0.0
"BEEF,GROUND,90% LN MEAT / 10% FAT,PATTY,CKD,PAN-BROILED",204.0,25.21,0.0,10.68,0.0,75.0,4.218,0.0
"BEEF,GROUND,90% LN MEAT / 10% FAT,CRUMBLES,CKD,PAN-BROWNED",230.0,28.45,0.0,12.04,0.0,87.0,4.752,0.0
"BEEF,GROUND,90% LN MEAT / 10% FAT,LOAF,CKD,BKD",214.0,26.62,0.0,11.1,0.0,61.0,4.379,0.0
"BEEF,GROUND,85% LN MEAT / 15% FAT,RAW",215.0,18.59,0.0,15.0,0.0,66.0,5.866,0.0
"BEEF,GROUND,85% LN MEAT / 15% FAT,PATTY,CKD,BRLD",250.0,25.93,0.0,15.48,0.0,72.0,5.887,0.0
"BEEF,GROUND,85% LN MEAT / 15% FAT,PATTY,CKD,PAN-BROILED",232.0,24.62,0.0,14.02,0.0,79.0,5.335,0.0
"BEEF,GROUND,85% LN MEAT / 15% FAT,CRUMBLES,CKD,PAN-BROWNED",256.0,27.73,0.0,15.3,0.0,89.0,5.821,0.0
"BEEF,GROUND,85% LN MEAT / 15% FAT,LOAF,CKD,BKD",240.0,25.93,0.0,14.36,0.0,64.0,5.464,0.0
"BEEF,GROUND,80% LN MEAT / 20% FAT,RAW",254.0,17.17,0.0,20.0,0.0,67.0,7.673,0.0
"BEEF,GROUND,80% LN MEAT / 20% FAT,PATTY,CKD,BRLD",271.0,25.75,0.0,17.82,0.0,75.0,6.758,0.0
"BEEF,GROUND,80% LN MEAT / 20% FAT,PATTY,CKD,PAN-BROILED",246.0,24.04,0.0,15.94,0.0,83.0,6.051,0.0
"BEEF,GROUND,80% LN MEAT / 20% FAT,CRUMBLES,CKD,PAN-BROWNED",272.0,27.0,0.0,17.36,0.0,91.0,6.593,0.0
"BEEF,GROUND,80% LN MEAT / 20% FAT,LOAF,CKD,BKD",254.0,25.25,0.0,16.17,0.0,67.0,6.138,0.0
"BEEF,GROUND,75% LN MEAT / 25% FAT,RAW",293.0,15.76,0.0,25.0,0.0,67.0,9.481,0.0
"BEEF,GROUND,75% LN MEAT / 25% FAT,PATTY,CKD,BRLD",278.0,25.56,0.0,18.72,0.0,78.0,7.238,0.0
"BEEF,GROUND,75% LN MEAT / 25% FAT,PATTY,CKD,PAN-BROILED",248.0,23.45,0.0,16.44,0.0,87.0,6.36,0.0
"BEEF,GROUND,75% LN MEAT / 25% FAT,CRUMBLES,CKD,PAN-BROWNED",277.0,26.28,0.0,18.21,0.0,93.0,7.044,0.0
"BEEF,GROUND,75% LN MEAT / 25% FAT,LOAF,CKD,BKD",254.0,24.56,0.0,16.5,0.0,70.0,6.382,0.0
"BEEF,RIB,SML END (RIBS 10-12),LN,1/8"" FAT,SEL,RAW",134.0,22.53,0.0,4.2,0.0,55.0,1.553,0.0
"BEEF,TENDERLOIN,STEAK,LN,1/8"" FAT,SEL,RAW",148.0,22.06,0.0,5.93,0.0,55.0,2.191,0.0
"BEEF,TOP SIRLOIN,STEAK,LN,1/8"" FAT,SEL,RAW",127.0,22.27,0.0,3.54,0.0,56.0,1.307,0.0
"BEEF,SHRT LOIN,TOP LOIN,STEAK,LN,1/8"" FAT,SEL,RAW",133.0,23.07,0.0,3.88,0.0,57.0,1.432,0.0
"BEEF,RIB,SML END (RIBS 10-12),LN,1/8"" FAT,SEL,CKD,BRLD",188.0,30.87,0.0,6.22,0.0,66.0,2.369,0.0
"BEEF,TENDERLOIN,STEAK,LN,1/8"" FAT,SEL,CKD,BRLD",194.0,29.07,0.0,7.76,0.0,62.0,2.953,0.0
"BEEF,TOP SIRLOIN,STEAK,LN,1/8"" FAT,SEL,CKD,BRLD",170.0,29.34,0.0,4.96,0.0,62.0,1.889,0.0
"BEEF,SHRT LOIN,TOP LOIN,STEAK,LN,1/8"" FAT,SEL,CKD,BRLD",177.0,29.44,0.0,5.73,0.0,62.0,2.183,0.0
"BEEF,RND,BTTM RND RST,LN,1/8"" FAT,SEL,CKD,RSTD",164.0,28.45,0.0,4.67,0.0,38.0,1.608,0.0
"BEEF,RND,EYE OF RND,RST,LN,1/8"" FAT,SEL,CKD,RSTD",163.0,29.59,0.0,4.11,0.0,39.0,1.416,0.0
"BEEF,RND,TOP RND,STEAK,LN,1/8"" FAT,SEL,CKD,BRLD",177.0,31.61,0.0,4.65,0.0,43.0,1.602,0.0
"BEEF,RND,BTTM RND,STEAK,LN,1/8"" FAT,SEL,CKD,BRSD",205.0,34.46,0.0,6.43,0.0,46.0,2.216,0.0
"BEEF,RND,BTTM RND,RST,LN,1/8"" FAT,ALL GRDS,RAW",128.0,22.19,0.0,4.31,0.0,59.0,1.476,0.0
"BEEF,BRISKET,FLAT HALF,LN,1/8"" FAT,ALL GRDS,CKD,BRSD",196.0,33.15,0.0,6.0,0.0,54.0,2.274,0.0
"BEEF,BRISKET,FLAT HALF,LN,1/8"" FAT,ALL GRDS,RAW",127.0,21.57,0.0,3.84,0.0,74.0,1.425,0.0
"BEEF,RND,EYE OF RND,RST,LN,1/8"" FAT,ALL GRDS,RAW",124.0,22.6,0.0,3.0,0.0,60.0,1.027,0.0
"BEEF,RND,EYE OF RND,RST,LN,1/8"" FAT,ALL GRDS,CKD,RSTD",169.0,29.73,0.0,4.71,0.0,38.0,1.624,0.0
"BEEF,RIB,SML END (RIBS 10-12),LN,1/8"" FAT,ALL GRDS,RAW",141.0,22.33,0.0,5.04,0.0,56.0,1.864,0.0
"BEEF,TENDERLOIN,STEAK,LN,1/8"" FAT,ALL GRDS,CKD,BRLD",200.0,29.04,0.0,8.39,0.0,60.0,3.195,0.0
"BEEF,TENDERLOIN,STEAK,LN,1/8"" FAT,ALL GRDS,RAW",153.0,22.12,0.0,6.52,0.0,56.0,2.412,0.0
"BEEF,CHUCK,ARM POT RST,LN,1/8"" FAT,ALL GRDS,CKD,BRSD",214.0,34.66,0.0,7.36,0.0,56.0,2.788,0.0
"BEEF,CHUCK,ARM POT RST,LN,1/8"" FAT,ALL GRDS,RAW",132.0,22.11,0.0,4.19,0.0,74.0,1.553,0.0
"BEEF,RND,BTTM RND,RST,LN,1/8"" FAT,ALL GRDS,CKD",163.0,28.0,0.0,5.72,0.0,37.0,1.972,0.0
"BEEF,RND,BTTM RND,STEAK,LN,1/8"" FAT,ALL GRDS,CKD,BRSD",216.0,34.34,0.0,7.73,0.0,45.0,2.663,0.0
"BEEF,SHRT LOIN,TOP LOIN,STEAK,LN,1/8"" FAT,ALL GRDS,CKD,BRLD",189.0,29.3,0.0,7.09,0.0,61.0,2.7,0.0
"BEEF,SHRT LOIN,TOP LOIN,STEAK,LN,1/8"" FAT,ALL GRDS,RAW",138.0,22.93,0.0,5.15,0.0,57.0,1.905,0.0
"BEEF,RND,TOP RND,STEAK,LN,1/8"" FAT,ALL GRDS,CKD,BRLD",185.0,31.82,0.0,5.45,0.0,42.0,1.878,0.0
"BEEF,RND,TOP RND,STEAK,LN,1/8"" FAT,ALL GRDS,RAW",135.0,22.91,0.0,4.09,0.0,61.0,1.399,0.0
"BEEF,TOP SIRLOIN,STEAK,LN,1/8"" FAT,ALL GRDS,CKD,BRLD",178.0,29.42,0.0,5.84,0.0,61.0,2.224,0.0
"BEEF,TOP SIRLOIN,STEAK,LN,1/8"" FAT,ALL GRDS,RAW",131.0,22.09,0.0,4.08,0.0,56.0,1.508,0.0
"BEEF,CHUCK,ARM POT RST,LN,1/8"" FAT,CHOIC,RAW",139.0,21.96,0.0,5.05,0.0,74.0,1.875,0.0
"BEEF,BRISKET,FLAT HALF,LN,1/8"" FAT,CHOIC,RAW",129.0,21.69,0.0,4.06,0.0,75.0,1.508,0.0
"BEEF,CHUCK,ARM POT RST,LN,1/8"" FAT,CHOIC,CKD,BRSD",224.0,34.72,0.0,8.37,0.0,56.0,3.17,0.0
"BEEF,BRISKET,FLAT HALF,LN,1/8"" FAT,CHOIC,CKD,BRSD",203.0,33.13,0.0,6.79,0.0,53.0,2.572,0.0
"BEEF,RND,EYE OF RND,RST,LN,1/8"" FAT,CHOIC,RAW",128.0,22.88,0.0,3.38,0.0,57.0,1.158,0.0
"BEEF,RND,TOP RND,STEAK,LN,1/8"" FAT,CHOIC,RAW",140.0,22.69,0.0,4.78,0.0,57.0,1.637,0.0
"BEEF,RND,BTTM RND,RST,LN,1/8"" FAT,CHOIC,RAW",140.0,22.22,0.0,4.96,0.0,56.0,1.699,0.0
"BEEF,RND,BTTM RND,RST,LN,1/8"" FAT,CHOIC,CKD,RSTD",179.0,27.56,0.0,6.77,0.0,36.0,2.334,0.0
"BEEF,RND,EYE OF RND,RST,LN,1/8"" FAT,CHOIC,CKD,RSTD",175.0,29.87,0.0,5.3,0.0,39.0,1.828,0.0
"BEEF,RND,TOP RND,STEAK,LN,1/8"" FAT,CHOIC,CKD,BRLD",193.0,32.04,0.0,6.25,0.0,42.0,2.154,0.0
"BEEF,RND,BTTM RND,STEAK,LN,1/8"" FAT,CHOIC,CKD,BRSD",228.0,34.22,0.0,9.02,0.0,45.0,3.109,0.0
"BEEF,RIB,SML END (RIBS 10-12),LN,1/8"" FAT,CHOIC,RAW",148.0,22.12,0.0,5.91,0.0,57.0,2.183,0.0
"BEEF,TENDERLOIN,STEAK,LN,1/8"" FAT,CHOIC,RAW",158.0,22.17,0.0,7.07,0.0,57.0,2.612,0.0
"BEEF,TOP SIRLOIN,STEAK,LN,1/8"" FAT,CHOIC,RAW",135.0,21.91,0.0,4.62,0.0,57.0,1.709,0.0
"BEEF,RIB,SML END (RIBS 10-12),LN,1/8""FAT,CHOIC,CKD,BRLD",202.0,28.29,0.0,9.05,0.0,58.0,3.445,0.0
"BEEF,SHRT LOIN,TOP LOIN,STEAK,LN,1/8"" FAT,CHOIC,RAW",155.0,22.78,0.0,6.43,0.0,58.0,2.378,0.0
"BEEF,TENDERLOIN,STEAK,LN,1/8"" FAT,CHOIC,CKD,BRLD",206.0,29.01,0.0,9.1,0.0,59.0,3.465,0.0
"BEEF,TOP SIRLOIN,STEAK,LN,1/8"" FAT,CHOIC,CKD,BRLD",187.0,29.51,0.0,6.72,0.0,61.0,2.56,0.0
"BEEF,SHRT LOIN,TOP LOIN,STEAK,LN,1/8"" FAT,CHOIC,CKD,BRLD",201.0,29.16,0.0,8.45,0.0,60.0,3.217,0.0
"BEEF,CHUCK,ARM POT RST,LN,1/8"" FAT,SEL,RAW",125.0,22.26,0.0,3.32,0.0,77.0,1.232,0.0
"BEEF,BRISKET,FLAT HALF,LN,1/8"" FAT,SEL,RAW",124.0,21.45,0.0,3.61,0.0,76.0,1.34,0.0
"BEEF,CHUCK,ARM POT RST,LN,1/8"" FAT,SEL,CKD,BRSD",205.0,34.6,0.0,6.35,0.0,57.0,2.406,0.0
"BEEF,BRISKET,FLAT HALF,LN,1/8"" FAT,SEL,CKD,BRSD",189.0,33.18,0.0,5.21,0.0,55.0,1.973,0.0
"BEEF,RND,EYE OF RND,RST,LN,1/8"" FAT,SEL,RAW",119.0,22.31,0.0,2.62,0.0,62.0,0.898,0.0
"BEEF,RND,TOP RND,STEAK,LN,1/8"" FAT,SEL,RAW",129.0,23.13,0.0,3.37,0.0,64.0,1.154,0.0
"BEEF,RND,BTTM RND,RST,LN,1/8"" FAT,SEL,RAW",128.0,22.18,0.0,3.66,0.0,62.0,1.253,0.0
"BEEF,RIB,SML END (RIBS 10-12),LN,1/8"" FAT,ALL GRDS,CKD,BRLD",195.0,29.58,0.0,7.63,0.0,62.0,2.907,0.0
"BEEF,VAR MEATS & BY-PRODUCTS,TRIPE,CKD,SIMMRD",94.0,11.71,1.99,4.05,0.0,68.0,1.357,0.0
"BEEF,BTTM SIRLOIN,TRI-TIP RST,LN,0"" FAT,ALL GRDS,RAW",142.0,21.26,0.0,5.63,0.0,54.0,1.729,0.0
"BEEF,BTTM SIRLOIN,TRI-TIP RST,LN,0"" FAT,CHOIC,CKD,RSTD",193.0,26.34,0.0,9.73,0.0,54.0,3.527,0.0
"BEEF,BTTM SIRLOIN,TRI-TIP RST,LN,0"" FAT,CHOIC,RAW",154.0,21.17,0.0,7.06,0.0,54.0,2.132,0.0
"BEEF,BTTM SIRLOIN,TRI-TIP RST,LN,0"" FAT,SEL,CKD,RSTD",179.0,27.17,0.0,6.95,0.0,58.0,2.517,0.0
"BEEF,BTTM SIRLOIN,TRI-TIP RST,LN,0"" FAT,SEL,RAW",129.0,21.34,0.0,4.21,0.0,54.0,1.5,0.0
"BEEF,RND,TIP RND,RST,LN,0"" FAT,ALL GRDS,RAW",126.0,21.07,0.0,3.95,0.0,54.0,1.376,0.0
"BEEF,RND,TIP RND,RST,LN,0"" FAT,CHOIC,RAW",130.0,20.76,0.0,4.55,0.0,52.0,1.556,0.0
"BEEF,RND,TIP RND,RST,LN,0"" FAT,SEL,RAW",122.0,21.38,0.0,3.35,0.0,58.0,1.147,0.0
"BEEF,FLANK,STEAK,LN,0"" FAT,ALL GRDS,CKD,BRLD",186.0,27.89,0.0,7.4,0.0,57.0,3.07,0.0
"BEEF,FLANK,STEAK,LN,0"" FAT,SEL,CKD,BRLD",178.0,27.96,0.0,6.48,0.0,59.0,2.688,0.0
"BEEF,FLANK,STEAK,LN,0"" FAT,ALL GRDS,RAW",141.0,21.57,0.0,5.47,0.0,55.0,2.058,0.0
"BEEF,FLANK,STEAK,LN,0"" FAT,SEL,RAW",137.0,21.43,0.0,5.0,0.0,53.0,2.074,0.0
"BEEF,BRISKET,FLAT HALF,LN & FAT,1/8"" FAT,CHOIC,RAW",278.0,18.12,0.12,22.15,0.0,61.0,8.939,0.0
"BEEF,BRISKET,FLAT HALF,LN & FAT,1/8"" FAT,SEL,RAW",276.0,17.77,0.0,22.21,0.0,58.0,8.963,0.0
"BEEF,BRISKET,FLAT HALF,LN & FAT,1/8"" FAT,CHOIC,CKD,BRSD",298.0,28.66,0.0,19.47,0.0,46.0,8.219,0.0
"POPCORN,OIL-POPPED,LOFAT",402.0,10.72,76.04,6.1,0.65,627.0,1.184,0.0
"SNACKS,POPCORN,UNPOPPED KRNLS",375.0,10.87,74.0,4.31,0.91,7.0,0.64,0.0
"SNACKS,CANDY ROLLS,YOGURT-COVERED,FRUIT FLAV W/ HI VIT C",359.0,0.46,74.64,6.53,39.15,8.0,5.096,0.0
"FORM BAR,MARS SNACK US,SNICKERSMARATHONCHEWCHOCPNUT BAR",396.0,24.29,47.24,13.12,32.86,462.0,4.728,0.0
"FORM BAR,MARS SNKF US,SNICKERS MARATHON MULTIGRNCRUNCH",422.0,18.49,57.27,13.18,33.04,418.0,4.794,0.0
"FORM BAR,MARS SNACK US,SNICKERS MARATHON DOUBLE CHOC NUT BAR",343.0,22.35,52.47,8.99,22.67,333.0,4.847,0.0
"SNACKS,M&M MARS,KUDOS WHL GRAIN BARS,PNUT BUTTER",463.0,5.88,64.69,20.78,44.29,268.0,10.411,0.0
"FORM BAR,MARS SNACKFOOD US,SNICKERS MARATHON HON NUT OAT BAR",378.0,22.5,54.3,7.87,26.26,318.0,4.481,0.0
"SNACKS,M&M MARS,KUDOS WHL GRAIN BAR,M&M'S MILK CHOC",415.0,3.78,73.01,11.95,37.81,341.0,6.802,0.0
"FORM BAR,MARS SNACKFOOD US,COCOAVIA,CHOC ALMOND",347.0,7.72,51.68,14.19,27.03,260.0,4.326,0.0
"SNACKS,SWT POTATO CHIPS,UNSALTED",532.0,2.94,56.82,32.35,8.82,35.0,2.941,0.0
"SNACKS,FRITOLAY,SUNCHIPS,MULTIGRAIN SNACK,ORIGINAL FLAVOR",491.0,7.95,67.26,21.11,7.2,423.0,2.166,0.0
"SNACKS,POPCORN,MICROWAVE,REG (BUTTER) FLAVOR, W/PARHYD OIL",527.0,8.69,55.71,29.97,0.54,771.0,6.904,0.0
"FORMBAR,MARSSNACK,SNICKERS MARATHONPROTPERFBAR,CARMELNUTRUSH",415.0,25.0,50.5,12.5,28.75,238.0,6.25,0.0
"FORM BAR,MARS SNACK US,SNICKERS MARATHON ENERGY BAR,ALL FLAV",386.0,21.91,50.3,10.79,28.71,383.0,4.753,0.0
"FORMULATED BAR,POWER BAR,CHOC",363.0,14.15,69.63,3.11,30.07,146.0,1.32,0.0
"FORM BAR,MARS SNACKFOOD US,COCOAVIA,CHOC BLUEBERRY",325.0,6.21,57.87,9.27,33.4,260.0,3.87,0.0
"FORMULATED BAR,SLIM-FAST OPTIMA MEAL BAR,MILK CHOC PNUT",386.0,16.19,60.21,8.92,25.0,253.0,5.36,0.0
"FORMULATED BAR,LUNA BAR,NUTZ OVER CHOC",403.0,20.75,52.49,12.19,16.9,386.0,5.523,0.0
"SNACKS,FRITOLAY,SUNCHIPS,MULTIGRAIN,FRENCH ONION FLAVOR",496.0,8.68,65.49,22.15,8.82,467.0,2.469,0.0
"SNACKS,FRITOLAY,SUNCHIPS,MULTIGRAIN,HARVEST CHEDDAR",491.0,8.08,64.7,22.22,7.05,705.0,2.892,0.0
"PRETZELS,SOFT,UNSALTED",338.0,8.2,71.04,3.1,0.25,690.0,0.695,0.0
"SNACKS,SOY CHIPS OR CRISPS,SALTED",385.0,26.5,53.15,7.35,1.8,842.0,1.102,0.0
"POPCORN,MICROWAVE,REG (BUTTER) FLAVOR,MADE W/ PALM OIL",528.0,8.69,55.69,30.0,0.54,771.0,6.305,0.0
"SNACKS,PLANTAIN CHIPS,SALTED",531.0,2.28,63.84,29.59,0.92,202.0,8.337,0.0
"TORTILLA CHIPS,YEL,PLN,SALTED",499.0,6.72,66.89,22.74,1.21,305.0,2.818,0.0
"SNACKS,VEG CHIPS,HAIN CELESTIAL GROUP,TERRA CHIPS",517.0,4.13,57.97,29.81,9.75,246.0,1.887,0.0
"FORM BAR,ZONE PERFECT CLASSIC CRUNCH BAR,MXD FLAVORS",422.0,30.0,45.0,14.0,27.0,450.0,4.499,0.0
"SNACKS,GRANOLA BAR,KASHI GOLEAN,CHEWY,MXD FLAVORS",390.0,16.67,63.42,7.69,42.31,321.0,3.227,0.0
"SNACKS,GRANOLA BAR,KASHI TLC BAR,CHEWY,MXD FLAVORS",429.0,18.57,53.26,15.71,17.14,293.0,1.213,0.0
"SNACKS,GRANOLA BAR,KASHI GOLEAN,CRUNCHY,MXD FLAVORS",393.0,17.88,59.58,9.23,27.3,486.0,4.687,0.0
"SNACKS,GRANOLA BAR,CHEWY,RED SUGAR,ALL FLAVORS",412.0,5.55,69.4,12.5,20.8,312.0,5.008,0.0
"SNACKS,GRANOLA BITES,MXD FLAVORS",451.0,7.17,66.27,17.5,30.0,167.0,9.888,0.0
"SNACKS,PITA CHIPS,SALTED",457.0,11.79,68.26,15.2,4.76,854.0,1.342,0.0
"SNACKS,GRANOLA BARS,SOFT,ALMOND,CONFECTIONERS COATING",455.0,8.6,60.13,20.0,34.0,486.0,5.668,0.0
"SNACKS,GRANOLA BARS,QUAKER OATMEAL TO GO,ALL FLAVORS",389.0,6.67,75.47,6.67,31.54,367.0,1.299,0.0
"SNACKS,VEG CHIPS,MADE FROM GARDEN VEG",473.0,5.32,60.43,23.3,4.04,966.0,1.762,0.0
"SNACKS,GRANOLA BAR,KASHI TLC BAR,CRUNCHY,MXD FLAVORS",446.0,15.0,62.78,15.0,20.0,400.0,1.436,0.0
"SNACKS,CANDY BITS,YOGURT COVERED W/ VIT C",415.0,0.0,86.9,7.5,65.0,75.0,1.194,0.0
"Formulated bar, high fiber, chewy, oats and chocolate",350.0,5.0,69.78,10.0,25.0,225.0,3.397,0.0
"SNACKS,BAGEL CHIPS,PLN",451.0,12.34,66.36,15.14,6.02,233.0,6.835,0.0
"SNACKS,NUTRI-GRAIN FRUIT & NUT BAR",403.0,9.38,66.72,10.93,32.45,195.0,1.93,0.0
"SNACKS,YUCCA (CASSAVA) CHIPS,SALTED",515.0,1.34,69.23,25.91,3.36,296.0,8.689,0.0
"Snacks, CLIF BAR, mixed flavors",346.0,14.71,65.44,5.88,31.62,195.0,1.471,0.0
"Snacks, granola bar, chewy, 90 calorie bar",408.0,4.17,79.17,8.33,29.17,313.0,2.083,0.0
"Sna, grano ba, GENE MIL NATURE VALLEY, SWEET&SALTY NUT, pea",487.0,9.14,61.14,22.86,33.14,414.0,6.857,0.0
"Snack,gran bar,GENERAL MILLS, NATURE VALLEY, w yogu coati",423.0,5.71,74.29,11.43,40.0,271.0,1.372,0.0
"SNACKS,GRAN BAR,GEN MILLS,NATURE VALLEY,CHEWY TRAIL MIX",415.0,5.71,72.27,11.43,42.86,286.0,2.857,0.0
"Snacks, granola bar, QUAKER, DIPPS, all flavors",480.0,7.52,64.96,20.42,37.61,269.0,8.693,0.0
"SOUP,EGG DROP,CHINESE RESTAURANT",27.0,1.16,4.29,0.61,0.09,370.0,0.166,0.0
"SOUP,HOT & SOUR,CHINESE RESTAURANT",39.0,2.58,4.35,1.21,0.42,376.0,0.229,0.0
"SOUP,WONTON,CHINESE RESTAURANT",32.0,2.08,5.25,0.26,0.34,406.0,0.062,0.0
"CAMPBELL,CAMPBELL'S CHUNKY SOUPS,BF STEW - FULL",69.0,4.08,8.16,2.04,2.04,331.0,0.816,0.0
"CAMPBELL,CAMPBELL'S CHUNKY SOUPS,BF STROGANOF -",102.0,4.9,7.35,5.71,1.22,331.0,1.633,0.0
"CAMPBELL,CAMPBELL'S CHUNKY,HEALTHY REQUEST BF BARLEY SOUP",57.0,3.67,8.57,0.82,1.22,196.0,0.408,0.0
"CAMPBELL'S CHNKY,HEALTHY REQUST MICROWAVBL ,CHICK NODLE SOUP",49.0,2.86,6.94,1.02,0.41,167.0,0.408,0.0
"CAMPBELL SOUPS,HLTHY RQST MCRWVBL BWL,GRLL CHICK SSAGE GMB",53.0,2.86,7.35,1.22,1.63,167.0,0.408,0.0
"CAMPBELL,CAMPBELL'S CHUNKY SOUPS,HEALTHY REQUES",53.0,2.04,8.16,1.22,0.82,167.0,0.408,0.0
"CAMPBELL,CAMPBELL'S CHUNKY SOUPS,RIGATONI & MEA",86.0,4.49,10.2,2.86,3.27,327.0,1.224,0.0
"CAMPBELL,CAMPBELL'S CHUNKY SOUPS,TURKEY POT PIE",82.0,4.49,8.57,3.27,1.63,327.0,0.612,0.0
"CAMPBELL,CAMPBELL'S RED & WHITE,CHICK BARLEY W/",71.0,3.17,12.7,1.19,1.59,571.0,0.397,0.0
"CAMPBELL,CAMPBELL'S RED & WHITE,ITALIAN STYLE W",71.0,3.17,9.52,1.98,1.59,643.0,0.794,0.0
"CAMPBELL,CAMPBELL'S RED & WHITE,SHREK SHAPED PA",63.0,2.38,9.52,1.59,0.79,381.0,0.397,0.0
"CAMPBELL,CAMPBELL'S RED & WHITE,SOUPER SHAPES S",63.0,3.17,8.73,1.59,0.79,381.0,0.397,0.0
"CAMPBELL,CAMPBELL'S SEL MICROWAVEABLE BOWLS,HEA",49.0,2.45,7.35,1.22,1.22,167.0,0.408,0.0
"CAMPBELL, SEL SOUP,HARVEST TOMATO W/ BASIL SOUP",41.0,1.22,8.98,0.0,4.9,196.0,0.0,0.0
"CAMPBELL,CAMPBELL'S SEL SOUP,ZESTY AZTECA MEATB",53.0,2.04,7.35,2.04,1.22,196.0,0.816,0.0
"CAMPBELL,CAMPBELL'S SEL SOUPS,HEALTHY REQUEST C",44.0,3.8,3.49,1.6,0.32,195.0,0.408,0.0
"CAMPBELL,CAMPBELL'S SOUP AT HAND,25% LESS NA CH",26.0,1.31,3.61,0.66,0.66,239.0,0.164,0.0
"CAMPBELL,CAMPBELL'S SOUP AT HAND,25% LESS NA CL",39.0,0.98,8.85,0.0,4.92,216.0,0.0,0.0
"CAMPBEL,CAMPBELL'S SEL GOLD LABEL SOUPS,CREAMY",82.0,2.04,10.2,3.67,6.12,363.0,2.449,0.0
"CAMPBELL,CAMPBELL'S SEL GOLD LABEL SOUPS,ITALIA",37.0,1.22,7.76,0.0,5.71,314.0,0.0,0.0
"CAMPBELL,CAMPBELL'S SEL GOLD LABEL SOUPS,SOUTHW",61.0,1.22,10.61,1.22,2.86,253.0,0.204,0.0
"CAMPBELL SOUP COMPANY,PACE,PICO DE GALLO",31.0,0.0,9.38,0.0,6.25,469.0,0.0,0.0
"CAMPBELL SOUP COMPANY,PACE,SALSA VERDE",47.0,0.0,6.25,1.56,6.25,719.0,0.0,0.0
"CAMPBELL SOUP COMPANY,PACE,TEQUILA LIME SALSA",47.0,0.0,9.38,0.0,6.25,594.0,0.0,0.0
"CAMPBELL SOUP COMPANY,PACE,TRIPLE PEPPER SALSA",47.0,3.13,9.38,0.0,6.25,594.0,0.0,0.0
"CAMPBELL,CAMPBELL'S RED & WHITE,LENTIL SOUP,COND",111.0,6.35,19.05,0.79,1.59,635.0,0.397,0.0
"CAMPBELL,PREGO PASTA,HEART SMART- TRADITIONAL S",54.0,1.54,10.0,1.15,7.7,277.0,0.0,0.0
"CAMPBELL,RED & WHITE,98% FAT FREE CRM OF MUSHROOM SOUP,COND",48.0,0.81,7.26,2.02,0.0,387.0,0.403,0.0
"SOUP,RAMEN NOODLE,DRY,ANY FLAVOR,RED FAT,RED NA",350.0,10.89,70.95,2.5,0.85,1200.0,0.0,0.0
"SOUP,CLAM CHOWDER,NEW ENGLAND,CND,RTS",79.0,2.61,8.28,3.94,0.23,343.0,,0.0
"SOUP,CLAM CHOWDER,NEW ENGLAND,RED NA,CND,RTS",70.0,2.33,5.68,4.23,0.0,194.0,0.701,0.0
"SOUP,CHICK NOODLE,RED NA,CND,RTS",41.0,3.29,3.84,1.34,0.34,186.0,,0.0
"SOUP,BF & VEG,RED NA,CND,RTS",42.0,3.26,4.99,0.95,1.22,175.0,,0.0
"SAUCE,DUCK,RTS",245.0,0.36,60.61,0.13,30.54,455.0,0.051,0.0
"SAUCE,SALSA,VERDE,RTS",38.0,1.13,6.36,0.89,3.5,600.0,0.0,0.0
"SAUCE,STEAK,TOMATO BSD",95.0,1.25,22.04,0.23,9.82,1647.0,0.0,0.0
"SAUCE,TARTAR,RTS",211.0,1.0,13.3,16.7,4.25,667.0,3.333,0.0
"SAUCE,SWT & SOUR,RTS",150.0,0.27,38.22,0.02,18.75,371.0,0.0,0.0
"SAUCE,COCKTAIL,RTS",124.0,1.36,28.22,1.05,11.83,983.0,0.0,0.0
"DIP,CHS W/ CHILI PEPPERS,RTS",98.0,3.64,2.55,8.09,2.28,824.0,2.941,0.0
"CAMPBELL SOUP COMPANY,TOMATO JUC",21.0,0.82,4.12,0.0,2.88,280.0,0.0,0.0
"CAMPBELL SOUP COMPANY,TOMATO JUC,LO NA",21.0,0.82,4.12,0.0,2.88,58.0,0.0,0.0
"CAMPBELL SOUP COMPANY,V8 VEG JUC,ORGANIC V8",20.0,0.41,4.53,0.0,3.29,198.0,0.0,0.0
"CAMPBELL SOUP COMPANY,ORGANIC TOMATO JUC",21.0,0.82,4.12,0.0,2.88,280.0,0.0,0.0
"CAMPBELL SOUP COMPANY,HEALTHY REQUEST TOMATO JUC",21.0,0.82,4.53,0.0,3.7,198.0,0.0,0.0
CAMPBELL'S V8 100% VEG JUC,21.0,0.82,4.12,0.0,3.29,173.0,0.0,0.0
"CAMPBELL SOUP COMPANY,V8 VEG JUC,ESSENTIAL ANTIOXIDANTS V8",21.0,0.82,4.53,0.0,3.29,198.0,0.0,0.0
"CAMPBELL SOUP COMPANY,V8 VEG JUC,CA ENR V8",21.0,0.82,4.53,0.0,3.29,198.0,0.0,0.0
"CAMPBELL SOUP COMPANY,V8 VEG JUC,LO NA V8",21.0,0.82,4.12,0.0,3.29,58.0,0.0,0.0
"CAMPBELL SOUP COMPANY,V8 VEG JUC,SPICY HOT V8",21.0,0.82,4.12,0.0,3.29,198.0,0.0,0.0
"CAMPBELL SOUP COMPANY,PACE,JALAPENOS NACHO SLICED PEPPERS",13.0,0.0,3.33,0.0,3.33,1000.0,0.0,0.0
"CAMPBELL SOUP COMPANY,PACE,DICED GRN CHILIES",27.0,0.0,6.67,0.0,3.33,333.0,0.0,0.0
"CAMPBELL SOUP COMPANY,V8 60% VEG JUC,V8 V-LITE",14.0,0.41,2.88,0.0,2.06,148.0,0.0,0.0
"CAMPBELL SOUP COMPANY,V8 VEG JUC,LO NA SPICY HOT",21.0,0.82,4.53,0.0,3.29,58.0,0.0,0.0
"CAMPBELL SOUP COMPANY,V8 VEG JUC,HI FIBER V8",25.0,0.82,5.39,0.0,3.29,198.0,0.0,0.0
"WHALE,BELUGA,MEAT,DRIED (ALASKA NATIVE)",327.0,35.62,0.0,5.34,0.0,220.0,1.204,0.0
"Whale, beluga, meat, raw (Alaska Native)",111.0,26.5,0.0,0.5,0.0,78.0,0.092,0.0
"OIL,BELUGA,WHALE (ALASKA NATIVE)",884.0,0.0,0.0,100.0,0.0,0.0,14.49,0.0
"BLACKBERRIES,WILD,RAW (ALASKA NATIVE)",52.0,0.84,9.84,1.07,3.65,6.0,,0.0
"MOOSE,MEAT,RAW (ALASKA NATIVE)",103.0,22.3,0.0,1.5,0.0,65.0,0.22,0.0
"MUSH,BLUE CORN W/ ASH (NAVAJO)",54.0,0.66,11.74,0.49,0.19,8.0,0.074,0.0
"CORNMEAL,BLUE (NAVAJO)",398.0,10.4,76.93,5.44,1.81,7.0,0.886,0.0
"MELON,BANANA (NAVAJO)",21.0,0.84,4.06,0.2,3.36,11.0,,0.0
CHILCHEN (RED BERRY BEVERAGE) (NAVAJO),44.0,0.81,8.68,0.63,2.6,15.0,0.075,0.0
"CORN,DRIED (NAVAJO)",386.0,9.88,74.93,5.22,5.38,13.0,0.82,0.0
"CORN,WHITE,STMD (NAVAJO)",386.0,9.72,75.2,5.18,6.47,4.0,0.83,0.0
"CORNMEAL,WHITE (NAVAJO)",398.0,10.99,77.14,5.04,1.46,4.0,0.853,0.0
"CORNMEAL,YEL (NAVAJO)",384.0,9.85,72.9,5.88,1.56,4.0,1.043,0.0
"SQUASH,INDIAN,RAW (NAVAJO)",26.0,0.52,5.64,0.2,3.54,20.0,,0.0
"BREAD,KNEEL DOWN (NAVAJO)",195.0,4.29,39.47,2.21,3.74,126.0,0.353,0.0
"FISH,HALIBUT,RAW,W/ SKN (ALASKA NATIVE)",116.0,20.53,1.81,2.92,0.0,79.0,0.726,0.0
"FISH,SALMON,COHO (SILVER),RAW (ALASKA NATIVE)",140.0,22.56,0.0,5.57,0.0,58.0,0.904,0.0
"FISH,SALMON,SOCKEYE (RED),RAW (ALASKA NATIVE)",153.0,21.94,0.0,7.28,0.0,60.0,1.007,0.0
"FISH,SALMON,CHUM,RAW (ALASKA NATIVE)",116.0,20.69,0.0,3.67,0.0,59.0,0.547,0.0
"FISH,SALMON,KING (CHINOOK),RAW (ALASKA NATIVE)",187.0,20.25,0.0,11.73,0.0,48.0,1.87,0.0
"SALMONBERRIES,RAW (ALASKA NATIVE)",47.0,0.85,10.05,0.33,3.66,14.0,,0.0
"BLUEBERRIES,WILD,RAW (ALASKA NATIVE)",61.0,1.22,12.31,0.76,6.46,6.0,,0.0
"OIL,SPOTTED SEAL (ALASKA NATIVE)",884.0,0.0,0.0,99.32,0.0,0.0,14.74,0.0
"FISH,SALMON,RED,CND,BONES REMOVED (ALASKA NATIVE)",161.0,27.31,0.0,5.76,0.0,390.0,0.92,0.0
"FISH,WHITEFISH,EGGS (ALASKA NATIVE)",104.0,14.66,4.89,2.88,0.0,160.0,0.496,0.0
"CARIBOU,RUMP MEAT,HALF DRIED (ALASKA NATIVE)",255.0,35.62,0.0,5.23,0.0,390.0,1.55,0.0
"CARIBOU,SHLDR MEAT,DRIED (ALASKA NATIVE)",271.0,35.62,0.0,3.67,0.0,950.0,1.586,0.0
"CARIBOU,HIND QUARTER MEAT,RAW (ALASKA NATIVE)",122.0,22.63,0.0,3.37,0.0,52.0,1.27,0.0
"SEAL,BEARDED (OOGRUK),MEAT,DRIED,IN OIL (ALASKA NATIVE)",367.0,35.31,0.0,25.08,0.0,120.0,3.92,0.0
"FISH,WHITEFISH,DRIED (ALASKA NATIVE)",371.0,35.62,0.0,13.44,0.0,200.0,2.85,0.0
"FISH,SALMON,RED,(SOCKEYE),CND,SMOKED (ALASKA NATIVE)",206.0,35.19,0.0,7.26,0.0,600.0,1.48,0.0
"FISH,SALMON,RED,(SOCKEYE),KIPPERED (ALASKA NATIVE)",141.0,24.5,0.0,4.75,0.0,460.0,0.8,0.0
"FISH,SALMON,KING,W/ SKN,KIPPERED,(ALASKA NATIVE)",209.0,23.19,0.0,12.95,0.0,870.0,2.44,0.0
"FISH,SHEEFISH,RAW (ALASKA NATIVE)",115.0,22.25,0.0,2.84,0.0,52.0,0.49,0.0
"SEAL,BEARDED (OOGRUK),MEAT,LO QUADRANT,RAW (ALASKA NATIVE)",186.0,23.63,0.0,10.17,0.0,57.0,,0.0
"FISH,SALMON,CHUM,DRIED (ALASKA NATIVE)",378.0,35.62,0.0,14.38,0.0,190.0,2.395,0.0
"ELK,FREE RANGE,GROUND,CKD PATTIES (SHOSHONE BANNOCK)",143.0,29.45,0.0,2.8,0.0,56.0,1.138,0.0
"ELK,FREE RANGE,GROUND,RAW (SHOSHONE BANNOCK)",97.0,20.14,0.0,1.8,0.0,49.0,0.706,0.0
"SEAL,BEARDED (OOGRUK),MEAT,PART DRIED (ALASKA NATIVE)",270.0,35.62,0.0,2.31,0.0,130.0,,0.0
"ELK,FREE RANGE,RST,EYE OF RND,RAW (SHOSHONE BANNOCK)",98.0,19.74,0.0,2.1,0.0,43.0,0.828,0.0
"ELK,FREE RANGE,RST,EYE OF RND,CKD (SHOSHONE BANNOCK)",148.0,30.56,0.0,2.85,0.0,50.0,1.125,0.0
"CHOKECHERRIES,RAW,PITTED (SHOSHONE BANNOCK)",156.0,2.89,33.88,0.98,14.22,2.0,,0.0
"STEELHEAD TROUT,DRIED,FLESH (SHOSHONE BANNOCK)",382.0,35.62,0.0,8.06,0.0,2060.149999999986,0.829,0.0
"STEELHEAD TROUT,BLD,CND (ALASKA NATIVE)",159.0,21.11,0.0,8.26,0.0,118.0,1.53,0.0
ACORN STEW (APACHE),95.0,6.81,9.22,3.47,0.34,130.0,1.28,0.0
"CORN,DRIED,YEL (NORTHERN PLAINS INDIANS)",419.0,14.48,66.27,10.64,21.32,4.0,1.974,0.0
"SMELT,DRIED (ALASKA NATIVE)",386.0,35.62,0.0,17.9,0.0,420.0,3.59,0.0
"FRYBREAD,MADE W/ LARD (APACHE)",309.0,8.38,46.01,10.14,1.54,671.0,3.631,0.0
CORNED BF & POTATOES IN TORTILLA (APACHE),224.0,7.91,29.35,8.31,1.79,511.0,3.366,0.0
"TENNIS BREAD,PLN (APACHE)",258.0,9.0,53.26,1.05,3.01,810.0,0.27,0.0
"FISH,HALIBUT,CKD,W/ SKN (ALASKA NATIVE)",113.0,22.13,0.0,2.73,0.0,86.0,0.498,0.0
"SALMON,RED (SOCKEYE),FILETS W/ SKN,SMOKED (ALASKA NATIVE)",345.0,35.62,0.0,11.43,0.0,51.0,2.593,0.0
"AGAVE,RAW (SOUTHWEST)",68.0,0.52,16.23,0.15,2.58,14.0,,0.0
"AGAVE,CKD (SOUTHWEST)",135.0,0.99,32.0,0.29,20.87,13.0,,0.0
"AGAVE,DRIED (SOUTHWEST)",341.0,1.71,81.98,0.69,50.7,14.0,,0.0
"CATTAIL,NARROW LEAF SHOOTS (NORTHERN PLAINS INDIANS)",25.0,1.18,5.14,0.0,0.22,109.0,,0.0
"PLAINS PRICKLYPEAR,RAW (NORTHERN PLAINS INDIANS)",42.0,0.12,10.17,0.11,1.02,4.0,,0.0
"PRAIRIE TURNIPS,RAW (NORTHERN PLAINS INDIANS)",156.0,2.62,35.67,0.36,0.82,5.0,,0.0
"PRAIRIE TURNIPS,BLD (NORTHERN PLAINS INDIANS)",129.0,1.64,29.99,0.32,4.74,4.0,,0.0
"RASPBERRIES,WILD (NORTHERN PLAINS INDIANS)",62.0,1.12,13.85,0.28,5.54,4.0,,0.0
"ROSE HIPS,WILD (NORTHERN PLAINS INDIANS)",162.0,1.6,38.22,0.34,2.58,4.0,,0.0
"CHOKECHERRIES,RAW,PITTED (NORTHERN PLAINS INDIANS)",162.0,3.04,33.62,1.69,9.37,5.0,,0.0
"STINGING NETTLES,BLANCHED (NORTHERN PLAINS INDIANS)",42.0,2.71,7.49,0.11,0.25,4.0,,0.0
"PLUMS,WILD (NORTHERN PLAINS INDIANS)",91.0,0.43,21.95,0.17,10.61,4.0,,0.0
"CARIBOU,HIND QUARTER,MEAT,CKD (ALASKA NATIVE)",159.0,28.81,0.0,4.82,0.0,45.0,1.88,0.0
"WOCAS,DRIED SEEDS,OR,YELPONDLILY",361.0,7.9,80.02,1.07,0.43,25.0,0.147,0.0
"PIKI BREAD,MADE FROM BLUE CORNMEAL (HOPI)",390.0,9.06,72.22,7.16,1.6,60.0,0.819,0.0
"WOCAS,TUBER,CKD,OR,YEL POND LILY",34.0,0.69,7.06,0.35,0.0,10.0,0.041,0.0
"STEW,PINTO BEAN & HOMINY,BADUFSUKI (HOPI)",32.0,1.42,5.38,0.54,0.0,45.0,0.085,0.0
"TAMALES,MASA & PORK FILLING (HOPI)",168.0,13.19,18.28,4.7,1.57,298.0,1.383,0.0
"TORTILLA,BLUE CORN,SAKWAVIKAVIKI (HOPI)",276.0,7.83,58.12,1.4,2.97,663.0,0.287,0.0
"BREAD,BLUE CORN,SOMIVIKI (HOPI)",186.0,3.1,39.84,1.53,12.94,9.0,0.289,0.0
"SYRUPS,GRENADINE",268.0,0.0,66.91,0.0,46.55,27.0,0.0,0.0
"FRUIT-FLAVORED DRK,DRY PDR MIX,LO CAL,W/ ASPRT",217.0,0.45,86.85,0.04,0.0,404.0,0.0,0.0
"PECTIN,LIQUID",11.0,0.0,2.1,0.0,0.0,0.0,0.0,0.0
"FROZ NOVLT,ICE CRM,VAN ICE CRM,LT,NO SUGAR ADDED,CHOC COATD",221.0,6.4,26.11,10.1,8.52,104.0,5.528,0.0
"CEREALS RTE,MARSHMLLW ALPHA-BITS",398.0,5.9,86.7,3.3,43.5,711.0,0.6,0.0
"IMITATION CHS,AMERICAN OR CHEDDAR,LO CHOL",390.0,25.0,1.0,32.0,1.0,670.0,5.815,0.0
"TURKEY HAM,SLICED,EX LN,PREPACKAGED OR DELI-SLICED",124.0,19.6,2.93,3.8,0.0,1038.0,1.09,0.0
"BOLOGNA,BF&PORK,LOFAT",230.0,11.5,2.6,19.3,0.0,1108.0,7.308,0.0
"TURKEY BACON,COOKED",382.0,29.6,3.1,27.9,0.0,2060.149999999986,8.294,0.0
"MILK DSSRT,FRZ,MILK-FAT FREE,CHOC",167.0,4.3,37.7,1.0,37.7,97.0,0.597,0.0
"WHIPPED TOPPING,FRZ,LOFAT",224.0,3.0,23.6,13.1,23.6,72.0,11.273,0.0
"CREAM SUB,PDR,LT",431.0,1.9,73.4,15.7,70.0,229.0,3.8,0.0
"SALAD DRSNG,PEPPERCORN DRSNG,COMM,REG",564.0,1.2,3.5,61.4,2.45,1103.0,10.527,0.0
"GRANOLA BAR,SOFT,MILK CHOC COATD,PNUT BUTTER",536.0,9.6,54.1,31.2,23.63,193.0,17.065,0.0
"SALAD DRSNG,ITALIAN DRSNG,RED CAL",200.0,0.3,6.7,20.0,1.94,1074.0,2.88,0.0
"CREAM SUB,LIQ,LT",71.0,0.8,9.1,3.5,9.1,60.0,0.896,0.0
"CANDIES,MARS SNACKFOOD US,M&M'S PNUT BUTTER CHOC CANDIES",529.0,10.16,56.89,29.32,47.15,213.0,18.485,0.0
ORANGE-STRAWBERRY-BANANA JUC,50.0,0.42,12.34,0.16,9.58,4.0,0.023,0.0
"VEGETABLE OIL-BUTTER SPRD,RED CAL",465.0,0.0,0.0,53.0,0.0,581.0,17.88,0.0
"SALAD DRSNG,BLUE OR ROQUEFORT CHS DRSNG,LT",86.0,2.1,13.2,2.7,3.6,939.0,0.628,0.0
"CHEESE,MONTEREY,LOW FAT",310.0,28.2,0.7,21.6,0.56,564.0,14.04,0.0
"CRMY DRSG,MDE W/ SOUR CRM AND/OR BTRMLK & OIL,RED CAL,FTFREE",107.0,1.4,20.0,2.7,5.35,897.0,0.494,0.0
"CREAMY DRSNG,W/SOUR CRM AND/OR BTTRMLK&OIL,RED CAL,CHOL-FREE",140.0,1.0,16.0,8.0,3.28,932.0,1.355,0.0
"BOLOGNA,BEEF,LOW FAT",204.0,11.8,5.2,14.8,0.0,1180.0,5.464,0.0
"SALAD DRSNG,FRENCH DRSNG,RED CAL",200.0,0.4,27.0,13.0,25.92,838.0,1.872,0.0
"TURKEY&PORK SAUSAGE,FRSH,BULK,PATTY OR LINK,CKD",307.0,22.7,0.7,23.0,0.0,878.0,7.95,0.0
"MAYONNAISE,MADE WITH TOFU",322.0,5.95,3.06,31.79,0.85,773.0,2.921,0.0
"FRANKFURTER,BF,LO FAT",230.0,12.0,1.6,19.5,0.0,1041.0,8.1,0.0
CORN BEVERAGE,40.0,0.8,8.7,0.2,0.18,140.0,0.0,0.0
BEAN BEVERAGE,34.0,2.8,5.8,0.0,0.08,2.0,0.0,0.0
"CANDIES,MARS SNACKFOOD US,TWIX CHOC FUDGE COOKIE BARS",550.0,7.3,56.0,33.3,53.0,266.0,4.962,0.0
"CEREALS RTE,MUESLI,DRIED FRUIT & NUTS",340.0,9.7,77.8,4.9,31.0,231.0,0.805,0.0
"YOGURT,FRZ,CHOC,NON-FAT MILK,W/LO CAL SWTNR",107.0,4.4,19.7,0.8,12.61,81.0,0.505,0.0
"FROZEN YOGURTS,CHOC",127.0,3.0,21.6,3.6,19.24,63.0,2.272,0.0
"FROZEN YOGURTS,FLAVORS OTHER THAN CHOC",127.0,3.0,21.6,3.6,19.92,63.0,2.326,0.0
"FRANKFURTER,BF & PORK,LO FAT",152.0,11.0,4.4,10.0,0.0,1257.0,3.692,0.0
"MILK,BTTRMLK,FLUID,CULTURED,RED FAT",56.0,4.1,5.3,2.0,5.3,105.0,1.242,0.0
"PORK SAUSAGE RICE LINKS,BROWN&SERVE,CKD",407.0,13.7,2.36,37.63,0.0,689.0,6.701,0.0
"SALAD DRSNG,BLUE OR ROQUEFORT CHS DRSNG,FAT-FREE",115.0,1.52,25.6,1.01,7.44,814.0,0.45,0.0
"SALAD DRSNG,MAYONNAISE-LIKE,FAT-FREE",84.0,0.2,15.5,2.7,10.3,788.0,0.6,0.0
"CANDIES,MARS SNACKFOOD US,MILKY WAY MIDNIGHT BAR",443.0,3.2,71.22,17.5,57.81,168.0,11.474,0.0
PAPAD,371.0,25.56,59.87,3.25,0.0,1745.0,1.084,0.0
"RICE CAKE,CRACKER (INCL HAIN MINI RICE CAKES)",392.0,7.1,81.1,4.3,0.88,71.0,0.875,0.0
"CHEESE,PAST PROCESS,CHEDDAR OR AMERICAN,FAT-FREE",148.0,22.5,13.4,0.8,9.95,1528.0,0.504,0.0
"CANDIES,MARS SNACKFOOD US,M&M'S ALMOND CHOC CANDIES",522.0,7.53,60.5,27.76,49.22,45.0,9.435,0.0
"SALAD DRSNG,COLESLAW DRSNG,RED FAT",329.0,0.0,40.0,20.0,38.73,1600.0,2.98,0.0
"OIL,FLAXSEED,COLD PRESSED",884.0,0.11,0.0,99.98,0.0,0.0,8.976,0.0
"CHEESE,COTTAGE,LOWFAT,1% MILKFAT,LACTOSE RED",74.0,12.4,3.2,1.0,2.6,220.0,0.64,0.0
"CEREALS RTE,FRSTD OAT CRL W/MARSHMALLOWS",388.0,7.1,84.1,3.5,43.5,500.0,0.62,0.0
"CEREALS RTE,WEETABIX WHL WHEAT CRL",373.0,11.5,77.4,2.8,2.0,387.0,0.48,0.0
"CEREALS RTE,POST,HONEY BUNCHES OF OATS,W/ ALMONDS",410.0,7.7,79.7,7.5,20.1,444.0,0.8,0.0
"TURKEY,PORK,&BF SAUSAGE,RED FAT,SMOKED",241.0,18.6,2.6,16.8,0.0,957.0,5.944,0.0
"MARGARINE-LIKE,VEG OIL SPRD,STK OR TUB,SWTND",534.0,0.0,16.7,52.0,16.7,542.0,8.35,0.0
"CHEESE PRODUCT,PAST PROCESS,CHEDDAR,RED FAT",240.0,17.6,10.6,14.1,8.02,1587.0,8.85,0.0
"SNACKS,POPCORN,HOME-PREPARED,OIL-POPPED,UNSALTED",500.0,9.0,58.1,28.1,0.54,3.0,5.05,0.0
"CEREALS RTE,POST,GREAT GRAINS CRUNCHY PECAN CRL",406.0,9.3,72.7,11.0,15.3,314.0,1.09,0.0
"SAUSAGE,CHICK&BF,SMOKED",295.0,18.5,0.0,24.0,0.0,1020.0,7.16,0.0
"CEREALS RTE,POST,GREAT GRAINS,RAISIN,DATE & PECAN",379.0,8.2,73.7,7.3,24.9,271.0,0.8,0.0
ORANGE JUICE DRINK,54.0,0.2,13.41,0.0,9.36,2.0,0.0,0.0
"GRANOLA BAR,W/COCNT,CHOC COATD",531.0,5.2,55.2,32.2,34.27,152.0,22.72,0.0
"FRANKFURTER,MEAT & POULTRY,LO FAT",121.0,15.5,8.4,2.8,0.0,983.0,0.97,0.0
"POTATO CHIPS,WHITE,RESTRUCTURED,BKD",469.0,5.0,71.4,18.2,5.01,634.0,2.631,0.0
"OIL,CORN AND CANOLA",884.0,0.0,0.0,100.0,0.0,0.0,8.026,0.0
"MILK,FLUID,NONFAT,CA FORT (FAT FREE OR SKIM)",35.0,3.4,4.85,0.18,4.85,52.0,0.117,0.0
"PEANUT BUTTER,RED NA",590.0,24.0,21.83,49.9,9.29,203.0,7.716,0.0
"CEREALS RTE,POST BANANA NUT CRUNCH",402.0,8.5,74.5,9.7,18.7,389.0,1.2,0.0
"CHEESE,MUENSTER,LOW FAT",271.0,24.7,3.5,17.6,3.5,600.0,10.95,0.0
"CHEESE,MOZZARELLA,NON-FAT",141.0,31.7,3.5,0.0,1.48,743.0,0.0,0.0
"MARGARINE-LIKE,BUTTER-MARGARINE BLEND,80% FAT,STK,WO/ SALT",718.0,0.9,0.6,80.7,0.0,28.0,26.904,0.0
"MARGARINE-LIKE,VEG OIL-BUTTER SPRD,RED CAL,TUB,W/ SALT",450.0,1.0,1.0,50.0,0.0,607.0,16.669,0.0
"SALAD DRSNG,CAESAR DRSNG,REG",542.0,2.17,3.3,57.85,2.81,1209.0,8.789,0.0
"SALAD DRESSING,COLESLAW",390.0,0.9,23.8,33.4,20.11,710.0,4.9,0.0
"SALAD DRSNG,GRN GODDESS,REG",427.0,1.9,7.36,43.33,6.67,867.0,5.978,0.0
"SALAD DRSNG,SWT&SOUR",15.0,0.1,3.7,0.0,3.7,208.0,0.0,0.0
"SALAD DRSNG,BLUE OR ROQUEFORT CHS,LO CAL",99.0,5.1,2.9,7.2,2.82,939.0,2.575,0.0
"SALAD DRSNG,CAESAR,LO CAL",110.0,0.3,18.6,4.4,16.32,1148.0,0.703,0.0
"SYRUPS,DIETETIC",40.0,0.8,49.2,0.0,0.01,21.0,0.0,0.0
"JAMS & PRESERVES,DIETETIC (WITH NA SACCHARIN),ANY FLAVOR",132.0,0.3,53.6,0.3,37.81,0.0,0.016,0.0
"CANDIES,CHOC COVERED,CARAMEL W/NUTS",470.0,9.5,60.67,21.0,41.35,156.0,4.657,0.0
"CANDIES,NOUGAT,W/ ALMONDS",398.0,3.33,89.91319999999989,1.67,70.0,33.0,1.667,0.0
"CANDIES,GUM DROPS,DIETETIC OR LO CAL (SORBITOL)",162.0,0.0,88.0,0.2,70.0,7.0,0.034,0.0
"CANDIES,HARD,DIETETIC OR LO CAL (SORBITOL)",394.0,0.0,89.91319999999989,0.0,70.0,0.0,0.0,0.0
"CANDIES,CHOC COVERED,DIETETIC OR LO CAL",593.0,12.26,38.55,43.27,14.57,112.0,21.91,0.0
"CHEWING GUM,SUGARLESS",268.0,0.0,89.91319999999989,0.4,0.0,7.0,0.058,0.0
"FLUID REPLCMNT,ELECTROLYTE SOLN (INCLUDE PEDIALYTE)",10.0,0.0,2.45,0.0,2.45,101.0,0.0,0.0
"BEVERAGE,MILKSHAKE MIX,DRY,NOT CHOC",329.0,23.5,52.9,2.6,51.3,780.0,2.059,0.0
"PIE FILLINGS,CHERRY,LO CAL",53.0,0.82,11.98,0.16,9.15,12.0,0.0,0.0
"BREAKFAST BARS,OATS,SUGAR,RAISINS,COCNT (INCL GRANOLA BAR)",464.0,9.8,66.7,17.6,27.52,251.0,12.69,0.0
"PRETZELS,SOFT",338.0,8.2,69.39,3.1,0.25,805.0,0.695,0.0
"BEANS,CHILI,BARBECUE,RANCH STYLE,CKD",97.0,5.0,16.9,1.0,5.25,725.0,0.145,0.0
"VERMICELLI,MADE FROM SOY",331.0,0.1,82.32,0.1,17.44,4.0,0.014,0.0
"BEANS,LIQ FROM STWD KIDNEY BNS",47.0,1.8,2.8,3.2,0.0,2.0,1.174,0.0
"CHICKEN,MEATLESS",224.0,23.64,3.64,12.73,0.0,709.0,1.82,0.0
"FISH STICKS,MEATLESS",290.0,23.0,9.0,18.0,0.8,490.0,2.849,0.0
"FRANKFURTER,MEATLESS",233.0,19.61,7.7,13.73,0.0,471.0,1.961,0.0
"LUNCHEON SLICES,MEATLESS",189.0,17.78,4.44,11.11,2.22,711.0,1.338,0.0
"MEATBALLS,MEATLESS",197.0,21.0,8.0,9.0,1.25,550.0,1.425,0.0
VEGETARIAN FILLETS,290.0,23.0,9.0,18.0,0.8,490.0,2.849,0.0
"SANDWICH SPREAD,MEATLESS",149.0,8.0,9.0,9.0,4.58,630.0,1.425,0.0
VEGETARIAN STEW,123.0,17.0,7.0,3.0,1.25,400.0,0.475,0.0
VEGETARIAN MEATLOAF OR PATTIES,197.0,21.0,8.0,9.0,1.2,550.0,1.425,0.0
"RADISHES,HAWAIIAN STYLE,PICKLED",28.0,1.1,5.2,0.3,2.0,789.0,0.092,0.0
"CABBAGE,JAPANESE STYLE,FRSH,PICKLED",30.0,1.6,5.67,0.1,1.3,277.0,0.013,0.0
"CABBAGE,MUSTARD,SALTED",28.0,1.1,5.63,0.1,1.4,717.0,0.013,0.0
"EGGPLANT,PICKLED",49.0,0.9,9.77,0.7,4.8,1674.0,0.14,0.0
"ALCOHOLIC BEV,WINE,COOKING",50.0,0.5,6.3,0.0,1.55,626.0,0.0,0.0
"ALCOHOLIC BEV,WINE,LT",49.0,0.07,1.17,0.0,1.15,7.0,0.0,0.0
"SWEETENERS,TABLETOP,SACCHARIN",360.0,0.94,89.11,0.0,70.0,428.0,0.0,0.0
"BEVERAGE,INST BRKFST PDR,CHOC,NOT RECON",357.0,19.9,66.2,1.4,65.8,385.0,0.56,0.0
"BACON BITS,MEATLESS",476.0,32.0,28.6,25.9,0.0,1770.0,4.055,0.0
"BUTTER REPLCMNT,WO/FAT,PDR",373.0,2.0,89.0,1.0,5.3,1200.0,0.589,0.0
"SALAD DRSNG,BTTRMLK,LITE",202.0,1.25,21.33,12.42,3.77,1120.0,1.25,0.0
"SWEETENERS,TABLETOP,FRUCTOSE,DRY,PDR",368.0,0.0,89.91319999999989,0.0,70.0,12.0,0.0,0.0
"TOMATO SAU,CND,NO SALT ADDED",29.0,1.32,6.69,0.18,4.25,11.0,0.028,0.0
"CEREALS,RTE,ALPEN",352.0,11.2,75.7,3.3,20.0,213.0,0.496,0.0
"CEREALS RTE,FAMILIA",388.0,9.5,73.8,6.3,26.2,50.0,0.711,0.0
"CEREALS RTE,WHEAT&BRAN,PRESWEETENED W/NUTS&FRUITS",385.0,7.1,76.2,5.6,29.8,509.0,0.8,0.0
"BEVERAGE,INST BRKFST PDR,CHOC,SUGAR-FREE,NOT RECON",358.0,35.62,41.0,5.1,39.0,717.0,2.162,0.0
"YOGURT,FRUIT VAR,NON-FAT",95.0,4.4,19.0,0.2,19.0,58.0,0.119,0.0
"WHIPPED CRM SUB,DIETETIC,MADE FROM PDR MIX",100.0,0.9,10.6,6.0,10.6,106.0,3.186,0.0
"FROZEN NOVELTIES,ICE CRM TYPE,SUNDAE,PREPACKAGED",185.0,4.3,29.4,6.0,20.74,95.0,3.09,0.0
"CHEESE,COTTAGE,W/VEG",95.0,10.9,3.0,4.2,0.37,403.0,2.646,0.0
"CHEESE,CREAM,LOW FAT",201.0,7.85,8.13,15.28,5.82,470.0,9.098,0.0
"CHEESE,PAST PROCESS,AMERICAN,LOFAT",180.0,24.6,3.5,7.0,0.59,1430.0,4.41,0.0
"CHEESE SPRD,CRM CHS BASE",295.0,7.1,3.5,28.6,3.5,505.0,18.02,0.0
"CHEESE,AMERICAN CHEDDAR,IMITN",239.0,16.7,11.6,14.0,7.74,1345.0,8.79,0.0
"QUAIL,COOKED,TOTAL EDIBLE",227.0,25.1,0.0,14.1,0.0,52.0,3.955,0.0
"PHEASANT,CKD,TOTAL EDIBLE",239.0,32.4,0.0,12.1,0.0,43.0,3.908,0.0
"EGGS,SCRMBLD,FRZ MIXTURE",131.0,13.1,7.5,5.6,7.5,162.0,1.052,0.0
"DOVE,CKD (INCL SQUAB)",213.0,23.9,0.0,13.0,0.0,57.0,3.739,0.0
"PORK,ORIENTAL STYLE,DEHYD",615.0,11.8,1.4,62.4,0.0,685.0,23.056,0.0
"SOYBEAN,CURD CHEESE",151.0,12.5,6.9,8.1,1.6,20.0,1.172,0.0
"CEREALS,NESTUM,PREP W/H2O",73.0,1.41,16.22,0.23,2.91,33.0,0.0,0.0
"POTATOES,CND,DRND SOL,NO SALT",62.0,1.4,13.6,0.2,0.59,5.0,0.051,0.0
"VEGETABLES,MXD (CORN,LIMA BNS,PEAS,GRN BNS,CRRT) CND,NO SALT",37.0,1.4,7.31,0.2,2.41,26.0,0.039,0.0
"PORK,CURED,HAM,BNLESS,LO NA,EX LN & REG,RSTD",165.0,22.0,0.5,7.7,0.0,969.0,2.624,0.0
"PORK,CURED,HAM,LO NA,LN & FAT,CKD",172.0,22.3,0.3,8.3,0.0,969.0,2.781,0.0
"PORK,CURED,HAM,BNLESS,LO NA,EX LN (APPROXIMATLY 5% FAT),RSTD",145.0,20.9,1.5,5.5,0.0,969.0,1.801,0.0
"SALAD DRSNG,MAYO & MAYONNAISE-TYPE,LO CAL",263.0,0.9,23.9,19.0,4.34,837.0,2.962,0.0
"SALAD DRSNG,BACON&TOMATO",326.0,1.8,2.0,35.0,2.0,905.0,5.435,0.0
"CHEESE,PARMESAN,LO NA",451.0,35.62,3.7,29.99,0.85,63.0,19.051,0.0
"COFFEE&COCOA (MOCHA) PDR,W/WHTNR&LO CAL SWTNR",257.0,9.0,71.4,13.21,34.98,500.0,11.376,0.0
"FRUIT-FLAVORED DRK,PDR,W/ HI VIT C W/ OTHER ADDED VIT,LO CAL",227.0,0.25,89.91319999999989,0.16,0.0,14.0,0.01,0.0
"FROZEN NOVELTIES,JUC TYPE,ORANGE",95.0,0.5,23.17,0.0,19.99,8.0,0.0,0.0
"SAUERKRAUT,CND,LO NA",22.0,0.9,4.35,0.1,1.78,308.0,0.026,0.0
"CHEESE,COTTAGE,LOWFAT,1% MILKFAT,NO NA",72.0,12.4,2.7,1.0,2.7,13.0,0.632,0.0
"MAYONNAISE,LO NA,LO CAL OR DIET",231.0,0.3,16.0,19.2,4.2,110.0,3.3,0.0
"SNACKS,TORTILLA CHIPS,UNSALTED,WHITE CORN",503.0,7.79,65.32,23.36,1.0,15.0,2.458,0.0
"TOMATO&VEG JUC,LO NA",22.0,0.6,4.59,0.1,3.8,70.0,0.014,0.0
"TURKEY,WING,SMOKED,CKD,W/SKN,BONE REMOVED",221.0,27.4,0.0,12.41,0.0,996.0,3.383,0.0
"TURKEY,DRUMSTK,SMOKED,CKD,W/SKN,BONE REMOVED",200.0,27.9,0.0,9.8,0.0,996.0,3.054,0.0
"CHOCOLATE-FLAVORED DRK,WHEY&MILK BSD",49.0,0.64,10.68,0.4,8.68,91.0,0.31,0.0
"PORK,CURED,BACON,CKD,BRLD,PAN-FRIED OR RSTD,RED NA",541.0,35.62,1.43,41.78,0.0,1030.0,13.739,0.0
"CHEESE,PAST PROCESS,SWISS,LOFAT",165.0,25.5,4.3,5.1,1.35,1430.0,3.303,0.0
"CRANBERRY JUC,UNSWTND",46.0,0.39,12.2,0.13,12.1,2.0,0.01,0.0
"BEEF,BOLOGNA,RED NA",310.0,11.7,2.0,28.4,0.0,682.0,11.676,0.0
"TURNIP GRNS,CND,NO SALT",19.0,1.36,2.81,0.3,0.42,29.0,0.07,0.0
"APPLE CIDER-FLAVORED DRK,PDR,LO CAL,W/ VIT C,PREP",1.0,0.0,0.3,0.0,0.0,14.0,0.0,0.0
"TURKEY,LT OR DK MEAT,SMOKED,CKD,W/SKN,BONE REMOVED",200.0,28.1,0.0,9.7,0.0,996.0,2.831,0.0
"TURKEY,LT OR DK MEAT,SMOKED,CKD,SKN & BONE REMOVED",162.0,29.3,0.0,5.0,0.0,996.0,1.368,0.0
"PALM HEARTS,RAW",115.0,2.7,25.61,0.2,17.16,14.0,0.046,0.0
"CEREALS RTE,POST,SHREDDED WHEAT N' BRAN,SPOON-SIZE",344.0,10.9,82.4,2.1,0.9,3.0,0.4,0.0
"CHEESE,COTTAGE,LOWFAT,1% MILKFAT,W/VEG",67.0,10.9,3.0,1.0,3.0,403.0,0.619,0.0
"CHEESE,PAST PROCESS,CHEDDAR OR AMERICAN,LO NA",376.0,22.2,1.6,31.19,0.45,7.0,19.651,0.0
"COFFEE,DRY,PDR,W/ WHTNR,RED CAL",509.0,1.96,59.94,29.1,59.0,819.0,25.128,0.0
"CRANBERRY-APPLE JUC DRK,LO CAL,W/VIT C",19.0,0.1,4.7,0.0,4.6,5.0,0.0,0.0
"CHEESE,SWISS,LOW SODIUM",374.0,28.4,3.4,27.4,1.31,14.0,17.744,0.0
YEAST EXTRACT SPREAD,185.0,23.88,20.42,0.9,1.6,2060.149999999986,0.0,0.0
"CHICKEN,MEATLESS,BREADED,FRIED",234.0,21.28,8.51,12.77,0.0,400.0,1.13,0.0
"ROLLS,PUMPERNICKEL",277.0,10.8,52.8,2.8,0.4,707.0,0.495,0.0
"SNACKS,CORN-BASED,EXTRUDED,CHIPS,UNSALTED",557.0,6.6,57.4,33.4,1.41,15.0,4.344,0.0
"BAKED BNS,CND,NO SALT",105.0,4.8,20.49,0.4,7.78,1.0,0.103,0.0
"FROZEN NOVELITES,JUC TYPE,JUC W/ CRM",115.0,1.41,24.11,1.41,20.61,42.0,0.705,0.0
TOFU YOGURT,94.0,3.5,15.96,1.8,1.24,35.0,0.259,0.0
"ALCOHOLIC BEV,RICE (SAKE)",134.0,0.5,5.0,0.0,0.0,2.0,0.0,0.0
"MILLET,PUFFED",354.0,13.0,80.0,3.4,0.55,5.0,0.67,0.0
"CEREALS RTE,OAT BRAN FLAKES,HEALTH VALLEY",380.0,10.0,78.0,3.0,22.0,380.0,1.0,0.0
"JELLYFISH,DRIED,SALTED",36.0,5.5,0.0,1.4,0.0,2060.149999999986,0.273,0.0
"ICE CRM BAR,CHOC OR CARAMEL COVERED,W/NUTS",323.0,4.4,30.9,20.2,30.0,92.0,12.658,0.0
"FRANKFURTER,LO NA",312.0,12.0,1.8,28.51,0.0,311.0,12.038,0.0
"CEREAL RTE,CRISPY BROWN RICE",388.0,7.1,86.0,3.5,9.1,12.0,0.688,0.0
"FROZEN NOVELTIES,ICE TYPE,POP,W/ LO CAL SWTNR",24.0,0.0,5.92,0.0,1.52,10.0,0.0,0.0
"ENSURE PLUS,LIQ NUTR",141.0,5.16,19.88,4.52,19.88,95.0,0.574,0.0
"ICE CREAMS,CHOC,RICH",255.0,4.72,20.75,16.98,17.35,57.0,10.377,0.0
"MILK,IMITATION,NON-SOY",46.0,1.6,5.3,2.0,5.3,55.0,0.254,0.0
"SNACKS,TORTILLA CHIPS,LT (BAKED W/ LESS OIL)",465.0,8.7,73.4,15.2,0.53,856.0,2.837,0.0
"CEREALS RTE,POST,HONEY BUNCHES OF OATS,HONEY RSTD",398.0,7.1,83.0,5.0,20.3,499.0,0.7,0.0
"POPCORN,MICROWAVE,LOFAT&NA",429.0,12.6,73.39,9.5,0.54,490.0,1.415,0.0
AMARANTH FLAKES,353.0,15.54,71.15,7.0,0.42,35.0,1.325,0.0
"CHEESE,SWISS,LOW FAT",173.0,28.4,3.4,5.1,1.33,260.0,3.304,0.0
"BREAKFAST BAR,CORN FLAKE CRUST W/FRUIT",377.0,4.4,72.9,7.5,35.1,167.0,1.5,0.0
"CHEESE,MOZZARELLA,LO NA",280.0,27.5,3.1,17.1,1.23,16.0,10.867,0.0
"MAYONNAISE DRSNG,NO CHOL",688.0,0.0,0.3,77.8,0.3,486.0,10.784,0.0
"SALAD DRSNG,MAYO DRSNG,DIET,NO CHOL",390.0,0.9,23.9,33.4,6.4,711.0,5.0,0.0
"OIL,CORN,PEANUT,AND OLIVE",884.0,0.0,0.0,100.0,0.0,0.0,14.367,0.0
"SWEETENERS,TABLETOP,FRUCTOSE,LIQ",279.0,0.0,76.1,0.0,70.0,2.0,0.0,0.0
"CHEESE FD,PAST PROCESS,AMERICAN,IMITN,WO/ ADDED VITAMIN D",257.0,4.08,16.18,19.5,8.21,1297.0,7.996,0.0
"CELERY FLAKES,DRIED",319.0,11.3,63.7,2.1,35.9,1435.0,0.555,0.0
"PUDDINGS,CHOC FLAVOR,LO CAL,INST,DRY MIX",356.0,5.3,78.2,2.4,0.7,2060.149999999986,0.984,0.0
"JELLIES,RED SUGAR,HOME PRESERVED",179.0,0.3,46.1,0.03,45.3,2.0,0.009,0.0
"PIE FILLINGS,BLUEBERRY,CND",181.0,0.41,44.38,0.2,37.75,12.0,0.0,0.0
"COCKTAIL MIX,NON-ALCOHOLIC,CONCD,FRZ",287.0,0.08,71.6,0.01,48.44,0.0,0.003,0.0
"PUDDINGS,CHOC FLAVOR,LO CAL,REG,DRY MIX",365.0,10.08,74.42,3.0,0.7,2060.149999999986,1.578,0.0
"PUDDINGS,ALL FLAVORS XCPT CHOC,LO CAL,REG,DRY MIX",351.0,1.6,86.04,0.1,2.9,1765.0,0.018,0.0
"PUDDINGS,ALL FLAVORS XCPT CHOC,LO CAL,INST,DRY MIX",350.0,0.81,84.66,0.9,0.9,2060.149999999986,0.099,0.0
VITAL WHEAT GLUTEN,370.0,35.62,13.79,1.85,0.0,29.0,0.272,0.0
"FROG LEGS,RAW",73.0,16.4,0.0,0.3,0.0,58.0,0.076,0.0
"MACKEREL,SALTED",305.0,18.5,0.0,25.1,0.0,2060.149999999986,7.148,0.0
"SCALLOP,(BAY&SEA),CKD,STMD",111.0,20.54,5.41,0.84,0.0,667.0,0.218,0.0
"SNAIL,RAW",90.0,16.1,2.0,1.4,0.0,70.0,0.361,0.0
"TURTLE,GREEN,RAW",89.0,19.8,0.0,0.5,0.0,68.0,0.127,0.0
